chemical_class,buffer_m,lag_window_days,lbs_ai,acres_treated,tox_units_avian,tox_units_aquatic,n_sections_intersected,n_applications,location_id,survey_start,survey_end,spatial_join
Organophosphates,500,30,0.0205,0.0218,0.000523,0.205184,1,1,BBS_CA_054_ORANGE_COVE,2015-05-28,2023-06-10,plss_spatial
Pyrethroids,500,30,0.0163,0.443,8e-06,0.071566,2,8,BBS_CA_054_ORANGE_COVE,2015-05-28,2023-06-10,plss_spatial
Spinosyns,500,30,0.0412,0.4512,1.8e-05,0.000181,2,9,BBS_CA_054_ORANGE_COVE,2015-05-28,2023-06-10,plss_spatial
Organophosphates,1000,30,0.0783,0.0834,0.001998,0.783285,1,1,BBS_CA_054_ORANGE_COVE,2015-05-28,2023-06-10,plss_spatial
Pyrethroids,1000,30,0.0657,1.7994,3.3e-05,0.284828,2,8,BBS_CA_054_ORANGE_COVE,2015-05-28,2023-06-10,plss_spatial
Spinosyns,1000,30,0.1672,1.8307,7.4e-05,0.000733,2,9,BBS_CA_054_ORANGE_COVE,2015-05-28,2023-06-10,plss_spatial
Organophosphates,2000,30,0.6422,2.6136,0.016383,6.422167,3,3,BBS_CA_054_ORANGE_COVE,2015-05-28,2023-06-10,plss_spatial
Pyrethroids,2000,30,0.2364,6.4695,0.000118,0.99442,6,14,BBS_CA_054_ORANGE_COVE,2015-05-28,2023-06-10,plss_spatial
Restricted neonics,2000,30,0.3265,0.5087,0.010507,4e-06,4,10,BBS_CA_054_ORANGE_COVE,2015-05-28,2023-06-10,plss_spatial
Spinosyns,2000,30,0.7321,8.2469,0.000325,0.003211,10,58,BBS_CA_054_ORANGE_COVE,2015-05-28,2023-06-10,plss_spatial
Diamides,5000,30,0.2572,3.324,0.000118,0.01702,11,38,BBS_CA_054_ORANGE_COVE,2015-05-28,2023-06-10,plss_spatial
Organophosphates,5000,30,88.0615,43.9415,2.295142,873.634966,8,17,BBS_CA_054_ORANGE_COVE,2015-05-28,2023-06-10,plss_spatial
Other neonics,5000,30,0.043,0.3442,0.000439,1e-06,1,2,BBS_CA_054_ORANGE_COVE,2015-05-28,2023-06-10,plss_spatial
Pyrethroids,5000,30,1.1639,23.4731,0.000703,4.070679,21,45,BBS_CA_054_ORANGE_COVE,2015-05-28,2023-06-10,plss_spatial
Restricted neonics,5000,30,3.4183,6.393,0.110075,4e-05,9,19,BBS_CA_054_ORANGE_COVE,2015-05-28,2023-06-10,plss_spatial
Spinosyns,5000,30,4.6966,53.1142,0.002089,0.020508,26,132,BBS_CA_054_ORANGE_COVE,2015-05-28,2023-06-10,plss_spatial
Diamides,500,60,0.0073,0.1216,3e-06,0.000452,2,2,BBS_CA_054_ORANGE_COVE,2015-05-28,2023-06-10,plss_spatial
Organophosphates,500,60,0.0205,0.0218,0.000523,0.205184,1,1,BBS_CA_054_ORANGE_COVE,2015-05-28,2023-06-10,plss_spatial
Pyrethroids,500,60,0.3827,2.3614,0.000332,0.814434,3,34,BBS_CA_054_ORANGE_COVE,2015-05-28,2023-06-10,plss_spatial
Spinosyns,500,60,0.2291,2.5961,0.000102,0.001005,3,37,BBS_CA_054_ORANGE_COVE,2015-05-28,2023-06-10,plss_spatial
Diamides,1000,60,0.0298,0.501,1.3e-05,0.00182,2,2,BBS_CA_054_ORANGE_COVE,2015-05-28,2023-06-10,plss_spatial
Organophosphates,1000,60,0.0783,0.0834,0.001998,0.783285,1,1,BBS_CA_054_ORANGE_COVE,2015-05-28,2023-06-10,plss_spatial
Pyrethroids,1000,60,1.5677,9.5704,0.001363,3.326426,3,34,BBS_CA_054_ORANGE_COVE,2015-05-28,2023-06-10,plss_spatial
Spinosyns,1000,60,0.9287,10.5346,0.000413,0.004073,3,37,BBS_CA_054_ORANGE_COVE,2015-05-28,2023-06-10,plss_spatial
Diamides,2000,60,0.187,2.4696,8.3e-05,0.011605,7,9,BBS_CA_054_ORANGE_COVE,2015-05-28,2023-06-10,plss_spatial
Organophosphates,2000,60,1.4859,3.5116,0.037905,14.85863,6,7,BBS_CA_054_ORANGE_COVE,2015-05-28,2023-06-10,plss_spatial
Pyrethroids,2000,60,5.8089,35.1442,0.005036,12.368011,11,107,BBS_CA_054_ORANGE_COVE,2015-05-28,2023-06-10,plss_spatial
Restricted neonics,2000,60,0.4219,0.7013,0.013584,5e-06,4,23,BBS_CA_054_ORANGE_COVE,2015-05-28,2023-06-10,plss_spatial
Spinosyns,2000,60,3.7358,42.4703,0.00166,0.016385,11,189,BBS_CA_054_ORANGE_COVE,2015-05-28,2023-06-10,plss_spatial
Diamides,5000,60,12.2988,51.967,0.00547,0.903634,23,74,BBS_CA_054_ORANGE_COVE,2015-05-28,2023-06-10,plss_spatial
Organophosphates,5000,60,97.1746,53.9013,2.536434,963.5018,16,27,BBS_CA_054_ORANGE_COVE,2015-05-28,2023-06-10,plss_spatial
Other neonics,5000,60,0.0432,0.3453,0.000441,1e-06,2,3,BBS_CA_054_ORANGE_COVE,2015-05-28,2023-06-10,plss_spatial
Pyrethroids,5000,60,21.1363,170.4361,0.0176,50.271981,35,284,BBS_CA_054_ORANGE_COVE,2015-05-28,2023-06-10,plss_spatial
Restricted neonics,5000,60,7.8167,15.2822,0.25196,9.2e-05,14,76,BBS_CA_054_ORANGE_COVE,2015-05-28,2023-06-10,plss_spatial
Spinosyns,5000,60,21.1625,241.7707,0.009407,0.092727,36,501,BBS_CA_054_ORANGE_COVE,2015-05-28,2023-06-10,plss_spatial
Diamides,500,90,0.0699,0.9232,3.1e-05,0.005847,3,7,BBS_CA_054_ORANGE_COVE,2015-05-28,2023-06-10,plss_spatial
Organophosphates,500,90,0.0252,0.0244,0.000644,0.25232,1,2,BBS_CA_054_ORANGE_COVE,2015-05-28,2023-06-10,plss_spatial
Pyrethroids,500,90,0.4035,2.5818,0.000348,0.878502,3,37,BBS_CA_054_ORANGE_COVE,2015-05-28,2023-06-10,plss_spatial
Spinosyns,500,90,0.2291,2.5961,0.000102,0.001005,3,37,BBS_CA_054_ORANGE_COVE,2015-05-28,2023-06-10,plss_spatial
Diamides,1000,90,0.2896,3.8303,0.000129,0.024221,3,7,BBS_CA_054_ORANGE_COVE,2015-05-28,2023-06-10,plss_spatial
Organophosphates,1000,90,0.0963,0.0931,0.002457,0.963229,1,2,BBS_CA_054_ORANGE_COVE,2015-05-28,2023-06-10,plss_spatial
Pyrethroids,1000,90,1.6534,10.492,0.001429,3.592627,3,37,BBS_CA_054_ORANGE_COVE,2015-05-28,2023-06-10,plss_spatial
Spinosyns,1000,90,0.9287,10.5346,0.000413,0.004073,3,37,BBS_CA_054_ORANGE_COVE,2015-05-28,2023-06-10,plss_spatial
Diamides,2000,90,1.0902,14.0357,0.000485,0.089463,10,21,BBS_CA_054_ORANGE_COVE,2015-05-28,2023-06-10,plss_spatial
Organophosphates,2000,90,2.1159,3.8473,0.053977,21.158906,7,9,BBS_CA_054_ORANGE_COVE,2015-05-28,2023-06-10,plss_spatial
Pyrethroids,2000,90,6.0956,38.3196,0.005254,13.285834,11,112,BBS_CA_054_ORANGE_COVE,2015-05-28,2023-06-10,plss_spatial
Restricted neonics,2000,90,0.4219,0.7013,0.013584,5e-06,4,23,BBS_CA_054_ORANGE_COVE,2015-05-28,2023-06-10,plss_spatial
Spinosyns,2000,90,3.7358,42.4703,0.00166,0.016385,11,189,BBS_CA_054_ORANGE_COVE,2015-05-28,2023-06-10,plss_spatial
Diamides,5000,90,14.6229,79.4211,0.006503,1.103987,27,103,BBS_CA_054_ORANGE_COVE,2015-05-28,2023-06-10,plss_spatial
Organophosphates,5000,90,102.0604,56.502,2.66107,1012.359306,17,30,BBS_CA_054_ORANGE_COVE,2015-05-28,2023-06-10,plss_spatial
Other neonics,5000,90,0.0432,0.3453,0.000441,1e-06,2,3,BBS_CA_054_ORANGE_COVE,2015-05-28,2023-06-10,plss_spatial
Pyrethroids,5000,90,22.0158,184.9981,0.018118,54.862314,35,295,BBS_CA_054_ORANGE_COVE,2015-05-28,2023-06-10,plss_spatial
Restricted neonics,5000,90,7.8167,15.2822,0.25196,9.2e-05,14,76,BBS_CA_054_ORANGE_COVE,2015-05-28,2023-06-10,plss_spatial
Spinosyns,5000,90,21.2948,244.3235,0.009466,0.093307,36,516,BBS_CA_054_ORANGE_COVE,2015-05-28,2023-06-10,plss_spatial
Diamides,500,30,0.9598,9.1823,0.000467,0.032191,3,17,BBS_CA_021_HUGHSON,2015-05-28,2023-06-10,plss_spatial
Organophosphates,500,30,12.222,6.8566,0.297842,116.064448,3,10,BBS_CA_021_HUGHSON,2015-05-28,2023-06-10,plss_spatial
Pyrethroids,500,30,2.726,33.0873,0.001741,18.673821,4,40,BBS_CA_021_HUGHSON,2015-05-28,2023-06-10,plss_spatial
Restricted neonics,500,30,0.3655,3.6834,0.01179,4e-06,2,6,BBS_CA_021_HUGHSON,2015-05-28,2023-06-10,plss_spatial
Spinosyns,500,30,0.0285,0.275,1.4e-05,2.8e-05,1,5,BBS_CA_021_HUGHSON,2015-05-28,2023-06-10,plss_spatial
Diamides,1000,30,5.1465,53.1026,0.002422,0.275727,3,17,BBS_CA_021_HUGHSON,2015-05-28,2023-06-10,plss_spatial
Organophosphates,1000,30,57.0552,31.6544,1.408534,549.823628,3,10,BBS_CA_021_HUGHSON,2015-05-28,2023-06-10,plss_spatial
Pyrethroids,1000,30,13.7028,146.9441,0.009267,85.184287,4,40,BBS_CA_021_HUGHSON,2015-05-28,2023-06-10,plss_spatial
Restricted neonics,1000,30,2.0817,20.9698,0.067151,2.4e-05,2,6,BBS_CA_021_HUGHSON,2015-05-28,2023-06-10,plss_spatial
Spinosyns,1000,30,0.5381,5.199,0.000269,0.000538,1,5,BBS_CA_021_HUGHSON,2015-05-28,2023-06-10,plss_spatial
Diamides,2000,30,21.9955,244.7642,0.010125,1.458558,8,27,BBS_CA_021_HUGHSON,2015-05-28,2023-06-10,plss_spatial
Organophosphates,2000,30,264.3058,145.2945,6.632766,2594.619137,7,25,BBS_CA_021_HUGHSON,2015-05-28,2023-06-10,plss_spatial
Other neonics,2000,30,0.225,1.8753,0.002296,5e-06,3,5,BBS_CA_021_HUGHSON,2015-05-28,2023-06-10,plss_spatial
Pyrethroids,2000,30,70.3075,704.333,0.047879,436.444806,11,82,BBS_CA_021_HUGHSON,2015-05-28,2023-06-10,plss_spatial
Restricted neonics,2000,30,11.2381,113.9506,0.36252,0.000132,6,21,BBS_CA_021_HUGHSON,2015-05-28,2023-06-10,plss_spatial
Spinosyns,2000,30,2.8569,27.6042,0.001428,0.002857,1,5,BBS_CA_021_HUGHSON,2015-05-28,2023-06-10,plss_spatial
Diamides,5000,30,76.2726,787.216,0.036232,3.654281,30,88,BBS_CA_021_HUGHSON,2015-05-28,2023-06-10,plss_spatial
Organophosphates,5000,30,892.854,514.1553,22.578967,8815.491462,20,43,BBS_CA_021_HUGHSON,2015-05-28,2023-06-10,plss_spatial
Other neonics,5000,30,13.937,118.8188,0.142215,0.00028,8,13,BBS_CA_021_HUGHSON,2015-05-28,2023-06-10,plss_spatial
Pyrethroids,5000,30,362.0116,3780.7986,0.232911,2271.949859,42,279,BBS_CA_021_HUGHSON,2015-05-28,2023-06-10,plss_spatial
Restricted neonics,5000,30,59.7437,2572.5255,1.927217,0.000703,15,35,BBS_CA_021_HUGHSON,2015-05-28,2023-06-10,plss_spatial
Spinosyns,5000,30,7.8504,108.9333,0.003741,0.019087,4,19,BBS_CA_021_HUGHSON,2015-05-28,2023-06-10,plss_spatial
Diamides,500,60,0.9598,9.1823,0.000467,0.032191,3,17,BBS_CA_021_HUGHSON,2015-05-28,2023-06-10,plss_spatial
Organophosphates,500,60,12.222,6.8566,0.297842,116.064448,3,10,BBS_CA_021_HUGHSON,2015-05-28,2023-06-10,plss_spatial
Pyrethroids,500,60,2.8449,34.9155,0.00179,19.480068,4,56,BBS_CA_021_HUGHSON,2015-05-28,2023-06-10,plss_spatial
Restricted neonics,500,60,0.4286,4.5719,0.013827,5e-06,3,12,BBS_CA_021_HUGHSON,2015-05-28,2023-06-10,plss_spatial
Spinosyns,500,60,0.0435,0.4188,2.2e-05,4.3e-05,2,7,BBS_CA_021_HUGHSON,2015-05-28,2023-06-10,plss_spatial
Diamides,1000,60,5.1465,53.1026,0.002422,0.275727,3,17,BBS_CA_021_HUGHSON,2015-05-28,2023-06-10,plss_spatial
Organophosphates,1000,60,57.0552,31.6544,1.408534,549.823628,3,10,BBS_CA_021_HUGHSON,2015-05-28,2023-06-10,plss_spatial
Pyrethroids,1000,60,15.9609,172.861,0.010333,102.762977,4,56,BBS_CA_021_HUGHSON,2015-05-28,2023-06-10,plss_spatial
Restricted neonics,1000,60,2.2943,23.9615,0.074008,2.7e-05,3,12,BBS_CA_021_HUGHSON,2015-05-28,2023-06-10,plss_spatial
Spinosyns,1000,60,0.6161,5.9463,0.000308,0.000616,2,7,BBS_CA_021_HUGHSON,2015-05-28,2023-06-10,plss_spatial
Diamides,2000,60,24.7482,266.8911,0.011501,1.505155,8,31,BBS_CA_021_HUGHSON,2015-05-28,2023-06-10,plss_spatial
Organophosphates,2000,60,264.3058,145.2945,6.632766,2594.619137,7,25,BBS_CA_021_HUGHSON,2015-05-28,2023-06-10,plss_spatial
Other neonics,2000,60,0.2271,1.8925,0.002317,5e-06,3,8,BBS_CA_021_HUGHSON,2015-05-28,2023-06-10,plss_spatial
Pyrethroids,2000,60,87.3959,872.3585,0.05632,575.275625,11,106,BBS_CA_021_HUGHSON,2015-05-28,2023-06-10,plss_spatial
Restricted neonics,2000,60,12.8278,140.0801,0.413801,0.000151,7,33,BBS_CA_021_HUGHSON,2015-05-28,2023-06-10,plss_spatial
Spinosyns,2000,60,3.1404,30.3189,0.00157,0.003146,3,10,BBS_CA_021_HUGHSON,2015-05-28,2023-06-10,plss_spatial
Diamides,5000,60,96.4896,949.3919,0.046329,4.006566,33,96,BBS_CA_021_HUGHSON,2015-05-28,2023-06-10,plss_spatial
Organophosphates,5000,60,1046.0026,599.6578,26.30987,10269.306336,21,55,BBS_CA_021_HUGHSON,2015-05-28,2023-06-10,plss_spatial
Other neonics,5000,60,32.7499,283.9044,0.334183,0.000658,10,20,BBS_CA_021_HUGHSON,2015-05-28,2023-06-10,plss_spatial
Pyrethroids,5000,60,438.2285,4618.4709,0.275023,2819.773815,42,349,BBS_CA_021_HUGHSON,2015-05-28,2023-06-10,plss_spatial
Restricted neonics,5000,60,83.8731,5266.4157,2.588263,0.00098,21,71,BBS_CA_021_HUGHSON,2015-05-28,2023-06-10,plss_spatial
Spinosyns,5000,60,19.5602,219.4053,0.009346,0.046034,9,30,BBS_CA_021_HUGHSON,2015-05-28,2023-06-10,plss_spatial
Diamides,500,90,0.9598,9.1823,0.000467,0.032191,3,17,BBS_CA_021_HUGHSON,2015-05-28,2023-06-10,plss_spatial
Organophosphates,500,90,12.222,6.8566,0.297842,116.064448,3,10,BBS_CA_021_HUGHSON,2015-05-28,2023-06-10,plss_spatial
Pyrethroids,500,90,2.9195,37.327,0.001809,19.804108,4,57,BBS_CA_021_HUGHSON,2015-05-28,2023-06-10,plss_spatial
Restricted neonics,500,90,0.4286,4.5719,0.013827,5e-06,3,12,BBS_CA_021_HUGHSON,2015-05-28,2023-06-10,plss_spatial
Spinosyns,500,90,0.737,8.4289,0.000341,0.002434,3,19,BBS_CA_021_HUGHSON,2015-05-28,2023-06-10,plss_spatial
Diamides,1000,90,5.1465,53.1026,0.002422,0.275727,3,17,BBS_CA_021_HUGHSON,2015-05-28,2023-06-10,plss_spatial
Organophosphates,1000,90,57.0552,31.6544,1.408534,549.823628,3,10,BBS_CA_021_HUGHSON,2015-05-28,2023-06-10,plss_spatial
Pyrethroids,1000,90,16.2119,180.9814,0.010397,103.854092,4,57,BBS_CA_021_HUGHSON,2015-05-28,2023-06-10,plss_spatial
Restricted neonics,1000,90,2.2943,23.9615,0.074008,2.7e-05,3,12,BBS_CA_021_HUGHSON,2015-05-28,2023-06-10,plss_spatial
Spinosyns,1000,90,3.0987,34.7324,0.001447,0.009313,3,19,BBS_CA_021_HUGHSON,2015-05-28,2023-06-10,plss_spatial
Diamides,2000,90,24.7482,266.8911,0.011501,1.505155,8,31,BBS_CA_021_HUGHSON,2015-05-28,2023-06-10,plss_spatial
Organophosphates,2000,90,264.3058,145.2945,6.632766,2594.619137,7,25,BBS_CA_021_HUGHSON,2015-05-28,2023-06-10,plss_spatial
Other neonics,2000,90,0.2271,1.8925,0.002317,5e-06,3,8,BBS_CA_021_HUGHSON,2015-05-28,2023-06-10,plss_spatial
Pyrethroids,2000,90,87.9883,891.5223,0.05647,577.851095,11,108,BBS_CA_021_HUGHSON,2015-05-28,2023-06-10,plss_spatial
Restricted neonics,2000,90,12.8278,140.0801,0.413801,0.000151,7,33,BBS_CA_021_HUGHSON,2015-05-28,2023-06-10,plss_spatial
Spinosyns,2000,90,11.1765,128.9245,0.005313,0.027938,8,29,BBS_CA_021_HUGHSON,2015-05-28,2023-06-10,plss_spatial
Diamides,5000,90,96.4896,949.3919,0.046329,4.006566,33,96,BBS_CA_021_HUGHSON,2015-05-28,2023-06-10,plss_spatial
Organophosphates,5000,90,1114.2625,672.8764,27.116069,10599.189682,23,66,BBS_CA_021_HUGHSON,2015-05-28,2023-06-10,plss_spatial
Other neonics,5000,90,33.7235,290.4044,0.344117,0.000677,10,24,BBS_CA_021_HUGHSON,2015-05-28,2023-06-10,plss_spatial
Pyrethroids,5000,90,444.9602,4751.992,0.279023,2840.595592,42,370,BBS_CA_021_HUGHSON,2015-05-28,2023-06-10,plss_spatial
Restricted neonics,5000,90,88.2116,15732.1657,2.622059,0.001025,21,84,BBS_CA_021_HUGHSON,2015-05-28,2023-06-10,plss_spatial
Spinosyns,5000,90,85.6853,897.9067,0.041732,0.153403,26,113,BBS_CA_021_HUGHSON,2015-05-28,2023-06-10,plss_spatial
Carbamates,500,30,2.9134,7.0812,0.120388,0.383342,1,1,BBS_CA_092_ALAMO_RIVER,2015-05-28,2023-06-10,plss_spatial
Diamides,500,30,0.9715,14.1624,0.000467,0.039822,1,2,BBS_CA_092_ALAMO_RIVER,2015-05-28,2023-06-10,plss_spatial
Pyrethroids,500,30,1.3456,28.3247,0.000555,9.214253,1,4,BBS_CA_092_ALAMO_RIVER,2015-05-28,2023-06-10,plss_spatial
Carbamates,1000,30,12.0618,28.9827,0.49842,1.587075,2,5,BBS_CA_092_ALAMO_RIVER,2015-05-28,2023-06-10,plss_spatial
Diamides,1000,30,3.5746,50.9087,0.001724,0.138379,2,6,BBS_CA_092_ALAMO_RIVER,2015-05-28,2023-06-10,plss_spatial
Organophosphates,1000,30,1.5538,1.7642,0.039637,15.537876,1,1,BBS_CA_092_ALAMO_RIVER,2015-05-28,2023-06-10,plss_spatial
Pyrethroids,1000,30,4.6788,100.0532,0.00206,30.489908,2,11,BBS_CA_092_ALAMO_RIVER,2015-05-28,2023-06-10,plss_spatial
Spinosyns,1000,30,0.0692,1.7642,3.1e-05,0.000303,1,1,BBS_CA_092_ALAMO_RIVER,2015-05-28,2023-06-10,plss_spatial
Carbamates,2000,30,76.8749,179.9835,3.176648,10.115116,2,5,BBS_CA_092_ALAMO_RIVER,2015-05-28,2023-06-10,plss_spatial
Diamides,2000,30,16.4396,214.9835,0.008034,0.506546,2,6,BBS_CA_092_ALAMO_RIVER,2015-05-28,2023-06-10,plss_spatial
Organophosphates,2000,30,39.2809,45.2561,0.955865,340.256721,2,2,BBS_CA_092_ALAMO_RIVER,2015-05-28,2023-06-10,plss_spatial
Pyrethroids,2000,30,17.5711,402.7314,0.01006,87.261562,3,12,BBS_CA_092_ALAMO_RIVER,2015-05-28,2023-06-10,plss_spatial
Spinosyns,2000,30,1.4213,36.2459,0.000632,0.006234,1,1,BBS_CA_092_ALAMO_RIVER,2015-05-28,2023-06-10,plss_spatial
Carbamates,5000,30,472.6612,1090.2467,19.531455,62.192264,5,19,BBS_CA_092_ALAMO_RIVER,2015-05-28,2023-06-10,plss_spatial
Diamides,5000,30,124.6736,1742.0141,0.060357,4.556365,7,37,BBS_CA_092_ALAMO_RIVER,2015-05-28,2023-06-10,plss_spatial
Next-gen systemics,5000,30,9.2431,50.6551,0.039841,0.000119,1,1,BBS_CA_092_ALAMO_RIVER,2015-05-28,2023-06-10,plss_spatial
Organophosphates,5000,30,174.5612,206.0522,4.073651,1313.99862,3,4,BBS_CA_092_ALAMO_RIVER,2015-05-28,2023-06-10,plss_spatial
Pyrethroids,5000,30,85.1016,2234.3177,0.041023,403.602779,7,43,BBS_CA_092_ALAMO_RIVER,2015-05-28,2023-06-10,plss_spatial
Spinosyns,5000,30,8.3291,210.1932,0.003702,0.036531,4,5,BBS_CA_092_ALAMO_RIVER,2015-05-28,2023-06-10,plss_spatial
Carbamates,500,60,8.7402,28.3247,0.361165,1.150027,1,4,BBS_CA_092_ALAMO_RIVER,2015-05-28,2023-06-10,plss_spatial
Diamides,500,60,3.886,56.6495,0.001868,0.159288,1,8,BBS_CA_092_ALAMO_RIVER,2015-05-28,2023-06-10,plss_spatial
Organophosphates,500,60,5.6328,7.0812,0.143695,56.328385,1,1,BBS_CA_092_ALAMO_RIVER,2015-05-28,2023-06-10,plss_spatial
Pyrethroids,500,60,3.0016,84.9742,0.000974,16.413952,1,12,BBS_CA_092_ALAMO_RIVER,2015-05-28,2023-06-10,plss_spatial
Spinosyns,500,60,0.6093,14.1624,0.000271,0.002672,1,2,BBS_CA_092_ALAMO_RIVER,2015-05-28,2023-06-10,plss_spatial
Carbamates,1000,60,37.7301,112.1407,1.559094,4.964483,3,14,BBS_CA_092_ALAMO_RIVER,2015-05-28,2023-06-10,plss_spatial
Diamides,1000,60,13.9497,201.6089,0.006706,0.569368,3,19,BBS_CA_092_ALAMO_RIVER,2015-05-28,2023-06-10,plss_spatial
Organophosphates,1000,60,18.9952,23.6902,0.484571,189.951758,2,2,BBS_CA_092_ALAMO_RIVER,2015-05-28,2023-06-10,plss_spatial
Pyrethroids,1000,60,12.0775,324.0728,0.004428,68.20429,3,35,BBS_CA_092_ALAMO_RIVER,2015-05-28,2023-06-10,plss_spatial
Restricted neonics,1000,60,0.0535,1.2404,0.001727,1e-06,1,1,BBS_CA_092_ALAMO_RIVER,2015-05-28,2023-06-10,plss_spatial
Spinosyns,1000,60,2.3089,54.3062,0.001026,0.010127,3,6,BBS_CA_092_ALAMO_RIVER,2015-05-28,2023-06-10,plss_spatial
Carbamates,2000,60,234.1469,584.3405,9.675491,30.808799,4,25,BBS_CA_092_ALAMO_RIVER,2015-05-28,2023-06-10,plss_spatial
Diamides,2000,60,55.2821,766.3894,0.026634,2.182141,4,32,BBS_CA_092_ALAMO_RIVER,2015-05-28,2023-06-10,plss_spatial
Organophosphates,2000,60,67.1222,80.2561,1.666102,618.669706,3,3,BBS_CA_092_ALAMO_RIVER,2015-05-28,2023-06-10,plss_spatial
Pyrethroids,2000,60,60.4517,1453.7354,0.028397,349.929138,5,62,BBS_CA_092_ALAMO_RIVER,2015-05-28,2023-06-10,plss_spatial
Restricted neonics,2000,60,1.1044,25.5775,0.035627,1.3e-05,2,2,BBS_CA_092_ALAMO_RIVER,2015-05-28,2023-06-10,plss_spatial
Spinosyns,2000,60,10.1627,244.733,0.004517,0.044533,4,12,BBS_CA_092_ALAMO_RIVER,2015-05-28,2023-06-10,plss_spatial
Carbamates,5000,60,1544.0377,3995.292,63.80321,203.162854,10,68,BBS_CA_092_ALAMO_RIVER,2015-05-28,2023-06-10,plss_spatial
Diamides,5000,60,401.2756,5696.3743,0.193261,15.922124,11,111,BBS_CA_092_ALAMO_RIVER,2015-05-28,2023-06-10,plss_spatial
Next-gen systemics,5000,60,9.2431,50.6551,0.039841,0.000119,1,1,BBS_CA_092_ALAMO_RIVER,2015-05-28,2023-06-10,plss_spatial
Organophosphates,5000,60,365.5322,420.6317,8.945361,3223.709085,7,9,BBS_CA_092_ALAMO_RIVER,2015-05-28,2023-06-10,plss_spatial
Pyrethroids,5000,60,309.8663,8223.6186,0.132735,1712.216274,14,148,BBS_CA_092_ALAMO_RIVER,2015-05-28,2023-06-10,plss_spatial
Restricted neonics,5000,60,2.0401,47.0,0.06581,2.4e-05,2,2,BBS_CA_092_ALAMO_RIVER,2015-05-28,2023-06-10,plss_spatial
Spinosyns,5000,60,60.8576,1321.0309,0.027614,0.232394,12,29,BBS_CA_092_ALAMO_RIVER,2015-05-28,2023-06-10,plss_spatial
Carbamates,500,90,8.7402,28.3247,0.361165,1.150027,1,4,BBS_CA_092_ALAMO_RIVER,2015-05-28,2023-06-10,plss_spatial
Diamides,500,90,3.886,56.6495,0.001868,0.159288,1,8,BBS_CA_092_ALAMO_RIVER,2015-05-28,2023-06-10,plss_spatial
Organophosphates,500,90,7.2002,10.8781,0.292965,56.329169,2,2,BBS_CA_092_ALAMO_RIVER,2015-05-28,2023-06-10,plss_spatial
Pyrethroids,500,90,3.0016,84.9742,0.000974,16.413952,1,12,BBS_CA_092_ALAMO_RIVER,2015-05-28,2023-06-10,plss_spatial
Spinosyns,500,90,0.6093,14.1624,0.000271,0.002672,1,2,BBS_CA_092_ALAMO_RIVER,2015-05-28,2023-06-10,plss_spatial
Carbamates,1000,90,40.7784,119.0665,1.685056,5.365573,3,16,BBS_CA_092_ALAMO_RIVER,2015-05-28,2023-06-10,plss_spatial
Diamides,1000,90,16.8403,243.1637,0.008097,0.684895,3,31,BBS_CA_092_ALAMO_RIVER,2015-05-28,2023-06-10,plss_spatial
Organophosphates,1000,90,34.3433,51.4497,1.407106,267.283309,6,9,BBS_CA_092_ALAMO_RIVER,2015-05-28,2023-06-10,plss_spatial
Pyrethroids,1000,90,14.0951,366.772,0.004838,74.323471,4,51,BBS_CA_092_ALAMO_RIVER,2015-05-28,2023-06-10,plss_spatial
Restricted neonics,1000,90,0.0535,1.2404,0.001727,1e-06,1,1,BBS_CA_092_ALAMO_RIVER,2015-05-28,2023-06-10,plss_spatial
Spinosyns,1000,90,2.7104,63.8545,0.001205,0.011888,4,13,BBS_CA_092_ALAMO_RIVER,2015-05-28,2023-06-10,plss_spatial
Carbamates,2000,90,272.8426,672.2587,11.274487,35.90034,4,27,BBS_CA_092_ALAMO_RIVER,2015-05-28,2023-06-10,plss_spatial
Diamides,2000,90,94.5278,1337.2821,0.045494,3.79059,4,55,BBS_CA_092_ALAMO_RIVER,2015-05-28,2023-06-10,plss_spatial
Organophosphates,2000,90,237.6478,325.9284,8.11062,2023.576269,10,18,BBS_CA_092_ALAMO_RIVER,2015-05-28,2023-06-10,plss_spatial
Pyrethroids,2000,90,98.9687,2118.0736,0.035314,454.188491,8,101,BBS_CA_092_ALAMO_RIVER,2015-05-28,2023-06-10,plss_spatial
Restricted neonics,2000,90,1.1811,25.7617,0.038101,1.4e-05,2,4,BBS_CA_092_ALAMO_RIVER,2015-05-28,2023-06-10,plss_spatial
Spinosyns,2000,90,17.0047,403.7725,0.007561,0.074378,5,26,BBS_CA_092_ALAMO_RIVER,2015-05-28,2023-06-10,plss_spatial
Carbamates,5000,90,1603.4557,4130.292,66.2585,210.981012,10,70,BBS_CA_092_ALAMO_RIVER,2015-05-28,2023-06-10,plss_spatial
Diamides,5000,90,535.4777,7757.7877,0.257317,21.969668,11,143,BBS_CA_092_ALAMO_RIVER,2015-05-28,2023-06-10,plss_spatial
Next-gen systemics,5000,90,9.2431,50.6551,0.039841,0.000119,1,1,BBS_CA_092_ALAMO_RIVER,2015-05-28,2023-06-10,plss_spatial
Organophosphates,5000,90,1641.2689,2181.2146,57.975374,13023.025112,23,39,BBS_CA_092_ALAMO_RIVER,2015-05-28,2023-06-10,plss_spatial
Pyrethroids,5000,90,557.7473,12247.7891,0.183421,2452.582749,22,218,BBS_CA_092_ALAMO_RIVER,2015-05-28,2023-06-10,plss_spatial
Restricted neonics,5000,90,3.7055,51.0,0.119531,4.4e-05,2,4,BBS_CA_092_ALAMO_RIVER,2015-05-28,2023-06-10,plss_spatial
Spinosyns,5000,90,105.5528,2334.1297,0.047769,0.410761,18,63,BBS_CA_092_ALAMO_RIVER,2015-05-28,2023-06-10,plss_spatial
Diamides,1000,30,0.2169,2.5291,9.6e-05,0.01868,4,18,BBS_CA_127_SANGER,2015-05-28,2023-06-10,plss_spatial
Restricted neonics,1000,30,0.0001,0.0006,2e-06,0.0,1,3,BBS_CA_127_SANGER,2015-05-28,2023-06-10,plss_spatial
Diamides,2000,30,2.7314,31.9741,0.001214,0.235049,6,20,BBS_CA_127_SANGER,2015-05-28,2023-06-10,plss_spatial
Restricted neonics,2000,30,0.001,0.0095,3.1e-05,0.0,1,3,BBS_CA_127_SANGER,2015-05-28,2023-06-10,plss_spatial
Spinosyns,2000,30,0.0001,0.0016,0.0,1e-06,1,1,BBS_CA_127_SANGER,2015-05-28,2023-06-10,plss_spatial
Diamides,5000,30,6.3812,72.0047,0.002876,0.500516,25,79,BBS_CA_127_SANGER,2015-05-28,2023-06-10,plss_spatial
Organophosphates,5000,30,0.6483,3.0029,0.011981,6.3e-05,2,4,BBS_CA_127_SANGER,2015-05-28,2023-06-10,plss_spatial
Pyrethroids,5000,30,0.7382,14.1362,0.000338,4.438023,13,30,BBS_CA_127_SANGER,2015-05-28,2023-06-10,plss_spatial
Restricted neonics,5000,30,17.0237,36.9586,0.549151,0.0002,11,35,BBS_CA_127_SANGER,2015-05-28,2023-06-10,plss_spatial
Spinosyns,5000,30,1.1968,10.5892,0.000581,0.002264,19,40,BBS_CA_127_SANGER,2015-05-28,2023-06-10,plss_spatial
Diamides,1000,60,0.217,2.5295,9.6e-05,0.018683,4,20,BBS_CA_127_SANGER,2015-05-28,2023-06-10,plss_spatial
Pyrethroids,1000,60,0.552,2.3303,0.000113,1.841183,3,8,BBS_CA_127_SANGER,2015-05-28,2023-06-10,plss_spatial
Restricted neonics,1000,60,0.0001,0.0006,2e-06,0.0,1,3,BBS_CA_127_SANGER,2015-05-28,2023-06-10,plss_spatial
Diamides,2000,60,2.732,31.9817,0.001215,0.235107,6,22,BBS_CA_127_SANGER,2015-05-28,2023-06-10,plss_spatial
Organophosphates,2000,60,0.0004,0.0016,1e-05,0.003744,1,1,BBS_CA_127_SANGER,2015-05-28,2023-06-10,plss_spatial
Pyrethroids,2000,60,6.4388,29.3843,0.001473,23.877739,5,15,BBS_CA_127_SANGER,2015-05-28,2023-06-10,plss_spatial
Restricted neonics,2000,60,0.001,0.0095,3.1e-05,0.0,1,3,BBS_CA_127_SANGER,2015-05-28,2023-06-10,plss_spatial
Spinosyns,2000,60,0.132,1.6251,5.9e-05,0.000579,2,3,BBS_CA_127_SANGER,2015-05-28,2023-06-10,plss_spatial
Carbamates,5000,60,1.0467,0.9483,0.000523,0.140117,1,3,BBS_CA_127_SANGER,2015-05-28,2023-06-10,plss_spatial
Diamides,5000,60,6.4233,72.5062,0.002894,0.504141,26,87,BBS_CA_127_SANGER,2015-05-28,2023-06-10,plss_spatial
Organophosphates,5000,60,41.9186,25.3671,1.008158,390.808104,10,22,BBS_CA_127_SANGER,2015-05-28,2023-06-10,plss_spatial
Pyrethroids,5000,60,45.6586,186.1129,0.010698,169.683586,25,117,BBS_CA_127_SANGER,2015-05-28,2023-06-10,plss_spatial
Restricted neonics,5000,60,18.4177,48.5203,0.561353,0.000231,14,38,BBS_CA_127_SANGER,2015-05-28,2023-06-10,plss_spatial
Spinosyns,5000,60,8.8267,104.3516,0.003976,0.035499,29,98,BBS_CA_127_SANGER,2015-05-28,2023-06-10,plss_spatial
Diamides,1000,90,0.217,2.5295,9.6e-05,0.018683,4,20,BBS_CA_127_SANGER,2015-05-28,2023-06-10,plss_spatial
Pyrethroids,1000,90,0.552,2.3303,0.000113,1.841183,3,8,BBS_CA_127_SANGER,2015-05-28,2023-06-10,plss_spatial
Restricted neonics,1000,90,0.0001,0.0006,2e-06,0.0,1,3,BBS_CA_127_SANGER,2015-05-28,2023-06-10,plss_spatial
Spinosyns,1000,90,0.0006,0.0054,0.0,2e-06,2,5,BBS_CA_127_SANGER,2015-05-28,2023-06-10,plss_spatial
Diamides,2000,90,2.732,31.9817,0.001215,0.235107,6,22,BBS_CA_127_SANGER,2015-05-28,2023-06-10,plss_spatial
Organophosphates,2000,90,0.0004,0.0016,1e-05,0.003744,1,1,BBS_CA_127_SANGER,2015-05-28,2023-06-10,plss_spatial
Pyrethroids,2000,90,6.4388,29.3843,0.001473,23.877739,5,15,BBS_CA_127_SANGER,2015-05-28,2023-06-10,plss_spatial
Restricted neonics,2000,90,0.001,0.0095,3.1e-05,0.0,1,3,BBS_CA_127_SANGER,2015-05-28,2023-06-10,plss_spatial
Spinosyns,2000,90,0.139,1.6904,6.2e-05,0.000609,4,8,BBS_CA_127_SANGER,2015-05-28,2023-06-10,plss_spatial
Carbamates,5000,90,4.8382,5.4353,0.157196,0.638997,8,39,BBS_CA_127_SANGER,2015-05-28,2023-06-10,plss_spatial
Diamides,5000,90,8.2063,90.9219,0.003687,0.657846,26,90,BBS_CA_127_SANGER,2015-05-28,2023-06-10,plss_spatial
Organophosphates,5000,90,49.9041,36.988,1.211871,470.663678,12,31,BBS_CA_127_SANGER,2015-05-28,2023-06-10,plss_spatial
Pyrethroids,5000,90,46.1749,196.3716,0.010865,172.299489,28,125,BBS_CA_127_SANGER,2015-05-28,2023-06-10,plss_spatial
Restricted neonics,5000,90,18.4177,48.5203,0.561353,0.000231,14,38,BBS_CA_127_SANGER,2015-05-28,2023-06-10,plss_spatial
Spinosyns,5000,90,10.0635,116.4447,0.004525,0.040923,31,207,BBS_CA_127_SANGER,2015-05-28,2023-06-10,plss_spatial
Carbamates,5000,30,12.1274,24.2548,0.006064,1.623479,1,1,BBS_CA_090_BLYTHE,2015-05-28,2023-06-10,plss_spatial
Diamides,5000,30,2.4592,52.23,0.00123,0.040986,1,2,BBS_CA_090_BLYTHE,2015-05-28,2023-06-10,plss_spatial
Next-gen systemics,5000,30,0.4737,3.5334,0.002042,6e-06,2,2,BBS_CA_090_BLYTHE,2015-05-28,2023-06-10,plss_spatial
Pyrethroids,5000,30,12.5471,250.9412,0.00128,20.911766,3,12,BBS_CA_090_BLYTHE,2015-05-28,2023-06-10,plss_spatial
Spinosyns,2000,60,0.0956,2.039,4.2e-05,0.000419,1,1,BBS_CA_090_BLYTHE,2015-05-28,2023-06-10,plss_spatial
Carbamates,5000,60,12.1274,24.2548,0.006064,1.623479,1,1,BBS_CA_090_BLYTHE,2015-05-28,2023-06-10,plss_spatial
Diamides,5000,60,2.4592,52.23,0.00123,0.040986,1,2,BBS_CA_090_BLYTHE,2015-05-28,2023-06-10,plss_spatial
Next-gen systemics,5000,60,0.4737,3.5334,0.002042,6e-06,2,2,BBS_CA_090_BLYTHE,2015-05-28,2023-06-10,plss_spatial
Organophosphates,5000,60,23.0883,46.6309,2.198885,0.011544,2,4,BBS_CA_090_BLYTHE,2015-05-28,2023-06-10,plss_spatial
Pyrethroids,5000,60,12.9168,258.7277,0.001486,24.273436,4,15,BBS_CA_090_BLYTHE,2015-05-28,2023-06-10,plss_spatial
Restricted neonics,5000,60,0.2436,7.7865,0.007859,3e-06,1,3,BBS_CA_090_BLYTHE,2015-05-28,2023-06-10,plss_spatial
Spinosyns,5000,60,0.9375,20.0,0.000417,0.004112,1,1,BBS_CA_090_BLYTHE,2015-05-28,2023-06-10,plss_spatial
Organophosphates,500,90,12.1132,24.4943,1.153634,0.006057,4,10,BBS_CA_090_BLYTHE,2015-05-28,2023-06-10,plss_spatial
Pyrethroids,500,90,1.1551,41.1112,0.000307,4.96791,4,15,BBS_CA_090_BLYTHE,2015-05-28,2023-06-10,plss_spatial
Organophosphates,1000,90,49.2924,99.6758,4.694511,0.024646,4,10,BBS_CA_090_BLYTHE,2015-05-28,2023-06-10,plss_spatial
Pyrethroids,1000,90,4.643,165.4028,0.001237,19.962007,4,15,BBS_CA_090_BLYTHE,2015-05-28,2023-06-10,plss_spatial
Organophosphates,2000,90,164.3477,332.3343,15.652161,0.082174,5,12,BBS_CA_090_BLYTHE,2015-05-28,2023-06-10,plss_spatial
Pyrethroids,2000,90,18.5653,656.973,0.004934,79.865398,8,39,BBS_CA_090_BLYTHE,2015-05-28,2023-06-10,plss_spatial
Spinosyns,2000,90,0.0956,2.039,4.2e-05,0.000419,1,1,BBS_CA_090_BLYTHE,2015-05-28,2023-06-10,plss_spatial
Carbamates,5000,90,12.1274,24.2548,0.006064,1.623479,1,1,BBS_CA_090_BLYTHE,2015-05-28,2023-06-10,plss_spatial
Diamides,5000,90,2.4592,52.23,0.00123,0.040986,1,2,BBS_CA_090_BLYTHE,2015-05-28,2023-06-10,plss_spatial
Next-gen systemics,5000,90,0.4737,3.5334,0.002042,6e-06,2,2,BBS_CA_090_BLYTHE,2015-05-28,2023-06-10,plss_spatial
Organophosphates,5000,90,1139.3511,2037.0911,163.764048,80.632573,24,83,BBS_CA_090_BLYTHE,2015-05-28,2023-06-10,plss_spatial
Pyrethroids,5000,90,104.3449,3614.2706,0.031421,431.014385,28,132,BBS_CA_090_BLYTHE,2015-05-28,2023-06-10,plss_spatial
Restricted neonics,5000,90,4.0854,130.299,0.131787,4.8e-05,4,10,BBS_CA_090_BLYTHE,2015-05-28,2023-06-10,plss_spatial
Spinosyns,5000,90,0.9375,20.0,0.000417,0.004112,1,1,BBS_CA_090_BLYTHE,2015-05-28,2023-06-10,plss_spatial
Organophosphates,500,30,31.0539,31.374,0.815271,45.157964,1,6,BBS_CA_171_TRANQUILLITY,2015-05-28,2023-06-10,plss_spatial
Restricted neonics,500,30,0.1165,1.8675,0.000202,1e-06,1,2,BBS_CA_171_TRANQUILLITY,2015-05-28,2023-06-10,plss_spatial
Carbamates,1000,30,2.2686,3.167,0.093745,0.298504,1,2,BBS_CA_171_TRANQUILLITY,2015-05-28,2023-06-10,plss_spatial
Organophosphates,1000,30,123.5931,125.189,3.268565,178.9731,4,18,BBS_CA_171_TRANQUILLITY,2015-05-28,2023-06-10,plss_spatial
Pyrethroids,1000,30,0.004,0.1336,1e-06,0.017379,1,1,BBS_CA_171_TRANQUILLITY,2015-05-28,2023-06-10,plss_spatial
Restricted neonics,1000,30,0.5615,8.995,0.000975,6e-06,3,5,BBS_CA_171_TRANQUILLITY,2015-05-28,2023-06-10,plss_spatial
Carbamates,2000,30,40.7747,56.922,1.684906,5.365096,1,2,BBS_CA_171_TRANQUILLITY,2015-05-28,2023-06-10,plss_spatial
Organophosphates,2000,30,614.1778,626.0673,16.611637,877.121967,8,39,BBS_CA_171_TRANQUILLITY,2015-05-28,2023-06-10,plss_spatial
Pyrethroids,2000,30,0.4431,4.6478,0.00022,3.624577,2,2,BBS_CA_171_TRANQUILLITY,2015-05-28,2023-06-10,plss_spatial
Restricted neonics,2000,30,5.3186,86.2109,0.009234,5.3e-05,5,9,BBS_CA_171_TRANQUILLITY,2015-05-28,2023-06-10,plss_spatial
Spinosyns,2000,30,0.0337,0.7159,1.5e-05,0.000148,1,1,BBS_CA_171_TRANQUILLITY,2015-05-28,2023-06-10,plss_spatial
Carbamates,5000,30,124.2,178.0,5.132231,16.342105,2,3,BBS_CA_171_TRANQUILLITY,2015-05-28,2023-06-10,plss_spatial
Diamides,5000,30,14.9889,166.4529,0.007262,0.540639,2,3,BBS_CA_171_TRANQUILLITY,2015-05-28,2023-06-10,plss_spatial
Organophosphates,5000,30,2677.9806,2921.2066,70.699855,3374.064133,15,65,BBS_CA_171_TRANQUILLITY,2015-05-28,2023-06-10,plss_spatial
Pyrethroids,5000,30,95.1937,1001.3524,0.047895,787.127669,13,31,BBS_CA_171_TRANQUILLITY,2015-05-28,2023-06-10,plss_spatial
Restricted neonics,5000,30,160.9103,871.7373,4.385663,0.001847,13,23,BBS_CA_171_TRANQUILLITY,2015-05-28,2023-06-10,plss_spatial
Spinosyns,5000,30,20.678,318.4394,0.00919,0.090693,5,7,BBS_CA_171_TRANQUILLITY,2015-05-28,2023-06-10,plss_spatial
Organophosphates,500,60,31.0539,31.374,0.815271,45.157964,1,6,BBS_CA_171_TRANQUILLITY,2015-05-28,2023-06-10,plss_spatial
Restricted neonics,500,60,0.1165,1.8675,0.000202,1e-06,1,2,BBS_CA_171_TRANQUILLITY,2015-05-28,2023-06-10,plss_spatial
Carbamates,1000,60,2.2686,3.167,0.093745,0.298504,1,2,BBS_CA_171_TRANQUILLITY,2015-05-28,2023-06-10,plss_spatial
Diamides,1000,60,0.0483,0.5524,2.1e-05,0.004167,1,1,BBS_CA_171_TRANQUILLITY,2015-05-28,2023-06-10,plss_spatial
Organophosphates,1000,60,123.6591,125.3225,3.274852,178.973133,4,19,BBS_CA_171_TRANQUILLITY,2015-05-28,2023-06-10,plss_spatial
Pyrethroids,1000,60,0.004,0.1336,1e-06,0.017379,1,1,BBS_CA_171_TRANQUILLITY,2015-05-28,2023-06-10,plss_spatial
Restricted neonics,1000,60,1.7126,13.4823,0.038107,1.9e-05,3,7,BBS_CA_171_TRANQUILLITY,2015-05-28,2023-06-10,plss_spatial
Carbamates,2000,60,40.7747,56.922,1.684906,5.365096,1,2,BBS_CA_171_TRANQUILLITY,2015-05-28,2023-06-10,plss_spatial
Diamides,2000,60,1.0283,11.7524,0.000457,0.088649,1,1,BBS_CA_171_TRANQUILLITY,2015-05-28,2023-06-10,plss_spatial
Organophosphates,2000,60,615.5823,628.9088,16.745391,877.122669,8,40,BBS_CA_171_TRANQUILLITY,2015-05-28,2023-06-10,plss_spatial
Pyrethroids,2000,60,0.4431,4.6478,0.00022,3.624577,2,2,BBS_CA_171_TRANQUILLITY,2015-05-28,2023-06-10,plss_spatial
Restricted neonics,2000,60,31.2006,185.3516,0.844138,0.000358,6,13,BBS_CA_171_TRANQUILLITY,2015-05-28,2023-06-10,plss_spatial
Spinosyns,2000,60,0.0337,0.7159,1.5e-05,0.000148,1,1,BBS_CA_171_TRANQUILLITY,2015-05-28,2023-06-10,plss_spatial
Carbamates,5000,60,124.2,178.0,5.132231,16.342105,2,3,BBS_CA_171_TRANQUILLITY,2015-05-28,2023-06-10,plss_spatial
Diamides,5000,60,25.3524,284.8329,0.011868,1.434044,4,9,BBS_CA_171_TRANQUILLITY,2015-05-28,2023-06-10,plss_spatial
Organophosphates,5000,60,2754.0497,3055.1197,73.573753,4000.904432,15,69,BBS_CA_171_TRANQUILLITY,2015-05-28,2023-06-10,plss_spatial
Pyrethroids,5000,60,128.1297,1288.1733,0.056874,934.654249,14,39,BBS_CA_171_TRANQUILLITY,2015-05-28,2023-06-10,plss_spatial
Restricted neonics,5000,60,384.4594,1814.5939,11.047174,0.004445,16,39,BBS_CA_171_TRANQUILLITY,2015-05-28,2023-06-10,plss_spatial
Spinosyns,5000,60,20.678,318.4394,0.00919,0.090693,5,7,BBS_CA_171_TRANQUILLITY,2015-05-28,2023-06-10,plss_spatial
Organophosphates,500,90,31.0539,31.374,0.815271,45.157964,1,6,BBS_CA_171_TRANQUILLITY,2015-05-28,2023-06-10,plss_spatial
Restricted neonics,500,90,0.1165,1.8675,0.000202,1e-06,1,2,BBS_CA_171_TRANQUILLITY,2015-05-28,2023-06-10,plss_spatial
Carbamates,1000,90,2.2686,3.167,0.093745,0.298504,1,2,BBS_CA_171_TRANQUILLITY,2015-05-28,2023-06-10,plss_spatial
Diamides,1000,90,0.0483,0.5524,2.1e-05,0.004167,1,1,BBS_CA_171_TRANQUILLITY,2015-05-28,2023-06-10,plss_spatial
Organophosphates,1000,90,123.6591,125.3225,3.274852,178.973133,4,19,BBS_CA_171_TRANQUILLITY,2015-05-28,2023-06-10,plss_spatial
Pyrethroids,1000,90,0.004,0.1336,1e-06,0.017379,1,1,BBS_CA_171_TRANQUILLITY,2015-05-28,2023-06-10,plss_spatial
Restricted neonics,1000,90,1.8229,14.3905,0.041665,2e-05,3,8,BBS_CA_171_TRANQUILLITY,2015-05-28,2023-06-10,plss_spatial
Carbamates,2000,90,40.7747,56.922,1.684906,5.365096,1,2,BBS_CA_171_TRANQUILLITY,2015-05-28,2023-06-10,plss_spatial
Diamides,2000,90,1.0283,11.7524,0.000457,0.088649,1,1,BBS_CA_171_TRANQUILLITY,2015-05-28,2023-06-10,plss_spatial
Organophosphates,2000,90,615.5823,628.9088,16.745391,877.122669,8,40,BBS_CA_171_TRANQUILLITY,2015-05-28,2023-06-10,plss_spatial
Pyrethroids,2000,90,0.9479,19.767,0.000335,5.857418,5,5,BBS_CA_171_TRANQUILLITY,2015-05-28,2023-06-10,plss_spatial
Restricted neonics,2000,90,38.3059,217.8027,1.073339,0.000441,6,17,BBS_CA_171_TRANQUILLITY,2015-05-28,2023-06-10,plss_spatial
Spinosyns,2000,90,0.0337,0.7159,1.5e-05,0.000148,1,1,BBS_CA_171_TRANQUILLITY,2015-05-28,2023-06-10,plss_spatial
Carbamates,5000,90,338.8929,285.3465,5.239578,45.082791,5,8,BBS_CA_171_TRANQUILLITY,2015-05-28,2023-06-10,plss_spatial
Diamides,5000,90,25.3524,284.8329,0.011868,1.434044,4,9,BBS_CA_171_TRANQUILLITY,2015-05-28,2023-06-10,plss_spatial
Organophosphates,5000,90,2754.0497,3055.1197,73.573753,4000.904432,15,69,BBS_CA_171_TRANQUILLITY,2015-05-28,2023-06-10,plss_spatial
Pyrethroids,5000,90,153.1574,1863.2062,0.060061,1052.275146,22,52,BBS_CA_171_TRANQUILLITY,2015-05-28,2023-06-10,plss_spatial
Restricted neonics,5000,90,510.639,2385.1778,15.117485,0.005929,18,53,BBS_CA_171_TRANQUILLITY,2015-05-28,2023-06-10,plss_spatial
Spinosyns,5000,90,20.678,318.4394,0.00919,0.090693,5,7,BBS_CA_171_TRANQUILLITY,2015-05-28,2023-06-10,plss_spatial
Carbamates,2000,30,17.8869,28.392,0.73913,2.353544,1,2,BBS_CA_150_BRAWLEY,2015-05-28,2023-06-10,plss_spatial
Diamides,2000,30,1.4842,25.0619,0.00066,0.127948,2,3,BBS_CA_150_BRAWLEY,2015-05-28,2023-06-10,plss_spatial
Organophosphates,2000,30,8.5602,8.4999,0.16462,24.457799,1,2,BBS_CA_150_BRAWLEY,2015-05-28,2023-06-10,plss_spatial
Pyrethroids,2000,30,0.6872,20.132,0.000409,2.690483,2,2,BBS_CA_150_BRAWLEY,2015-05-28,2023-06-10,plss_spatial
Carbamates,5000,30,115.8824,194.597,4.788527,15.247679,2,4,BBS_CA_150_BRAWLEY,2015-05-28,2023-06-10,plss_spatial
Diamides,5000,30,15.9479,278.0624,0.007088,1.374822,4,9,BBS_CA_150_BRAWLEY,2015-05-28,2023-06-10,plss_spatial
Organophosphates,5000,30,243.2575,241.9531,4.678029,695.02148,5,12,BBS_CA_150_BRAWLEY,2015-05-28,2023-06-10,plss_spatial
Pyrethroids,5000,30,15.583,445.1709,0.008861,61.53169,10,13,BBS_CA_150_BRAWLEY,2015-05-28,2023-06-10,plss_spatial
Carbamates,2000,60,17.8869,28.392,0.73913,2.353544,1,2,BBS_CA_150_BRAWLEY,2015-05-28,2023-06-10,plss_spatial
Diamides,2000,60,1.4842,25.0619,0.00066,0.127948,2,3,BBS_CA_150_BRAWLEY,2015-05-28,2023-06-10,plss_spatial
Organophosphates,2000,60,8.5602,8.4999,0.16462,24.457799,1,2,BBS_CA_150_BRAWLEY,2015-05-28,2023-06-10,plss_spatial
Pyrethroids,2000,60,0.6872,20.132,0.000409,2.690483,2,2,BBS_CA_150_BRAWLEY,2015-05-28,2023-06-10,plss_spatial
Carbamates,5000,60,115.8824,194.597,4.788527,15.247679,2,4,BBS_CA_150_BRAWLEY,2015-05-28,2023-06-10,plss_spatial
Diamides,5000,60,15.9479,278.0624,0.007088,1.374822,4,9,BBS_CA_150_BRAWLEY,2015-05-28,2023-06-10,plss_spatial
Organophosphates,5000,60,243.2575,241.9531,4.678029,695.02148,5,12,BBS_CA_150_BRAWLEY,2015-05-28,2023-06-10,plss_spatial
Pyrethroids,5000,60,16.4047,472.1717,0.009069,65.1042,11,14,BBS_CA_150_BRAWLEY,2015-05-28,2023-06-10,plss_spatial
Carbamates,2000,90,17.8869,28.392,0.73913,2.353544,1,2,BBS_CA_150_BRAWLEY,2015-05-28,2023-06-10,plss_spatial
Diamides,2000,90,1.4842,25.0619,0.00066,0.127948,2,3,BBS_CA_150_BRAWLEY,2015-05-28,2023-06-10,plss_spatial
Organophosphates,2000,90,57.5671,108.7038,4.831937,24.482302,3,8,BBS_CA_150_BRAWLEY,2015-05-28,2023-06-10,plss_spatial
Pyrethroids,2000,90,2.8748,93.2268,0.000963,12.201797,3,6,BBS_CA_150_BRAWLEY,2015-05-28,2023-06-10,plss_spatial
Carbamates,5000,90,115.8824,194.597,4.788527,15.247679,2,4,BBS_CA_150_BRAWLEY,2015-05-28,2023-06-10,plss_spatial
Diamides,5000,90,15.9479,278.0624,0.007088,1.374822,4,9,BBS_CA_150_BRAWLEY,2015-05-28,2023-06-10,plss_spatial
Organophosphates,5000,90,613.8217,1038.702,39.656829,725.280117,13,31,BBS_CA_150_BRAWLEY,2015-05-28,2023-06-10,plss_spatial
Pyrethroids,5000,90,41.2244,1294.6447,0.015365,170.950773,19,36,BBS_CA_150_BRAWLEY,2015-05-28,2023-06-10,plss_spatial
Restricted neonics,5000,90,5.3898,18.6492,0.173864,6.3e-05,1,1,BBS_CA_150_BRAWLEY,2015-05-28,2023-06-10,plss_spatial
Spinosyns,5000,90,0.3973,3.2,0.000199,0.000397,1,1,BBS_CA_150_BRAWLEY,2015-05-28,2023-06-10,plss_spatial
Diamides,500,30,0.505,4.4786,0.000253,0.008417,1,2,BBS_CA_204_ATHLONE,2015-05-28,2023-06-10,plss_spatial
Diamides,1000,30,2.0714,18.3692,0.001036,0.034524,1,2,BBS_CA_204_ATHLONE,2015-05-28,2023-06-10,plss_spatial
Diamides,2000,30,6.8093,60.3833,0.003405,0.113488,1,2,BBS_CA_204_ATHLONE,2015-05-28,2023-06-10,plss_spatial
Restricted neonics,2000,30,8.1668,31.1522,0.263444,9.6e-05,2,2,BBS_CA_204_ATHLONE,2015-05-28,2023-06-10,plss_spatial
Diamides,5000,30,7.0739,62.73,0.003537,0.117898,1,2,BBS_CA_204_ATHLONE,2015-05-28,2023-06-10,plss_spatial
Pyrethroids,5000,30,277.6772,444.8152,0.153803,2517.09124,5,16,BBS_CA_204_ATHLONE,2015-05-28,2023-06-10,plss_spatial
Restricted neonics,5000,30,103.5355,411.9204,3.339855,0.001218,6,8,BBS_CA_204_ATHLONE,2015-05-28,2023-06-10,plss_spatial
Spinosyns,5000,30,3.2413,96.8894,0.001441,0.014216,2,2,BBS_CA_204_ATHLONE,2015-05-28,2023-06-10,plss_spatial
Diamides,500,60,0.8748,10.338,0.000437,0.01458,2,4,BBS_CA_204_ATHLONE,2015-05-28,2023-06-10,plss_spatial
Diamides,1000,60,3.5253,41.4075,0.001763,0.058755,2,4,BBS_CA_204_ATHLONE,2015-05-28,2023-06-10,plss_spatial
Diamides,2000,60,11.9604,142.1547,0.00598,0.19934,3,6,BBS_CA_204_ATHLONE,2015-05-28,2023-06-10,plss_spatial
Restricted neonics,2000,60,8.1668,31.1522,0.263444,9.6e-05,2,2,BBS_CA_204_ATHLONE,2015-05-28,2023-06-10,plss_spatial
Diamides,5000,60,17.9744,236.302,0.008987,0.299573,5,8,BBS_CA_204_ATHLONE,2015-05-28,2023-06-10,plss_spatial
Pyrethroids,5000,60,360.8985,1115.2216,0.198141,3240.138745,10,31,BBS_CA_204_ATHLONE,2015-05-28,2023-06-10,plss_spatial
Restricted neonics,5000,60,111.3866,441.9204,3.593115,0.00131,6,9,BBS_CA_204_ATHLONE,2015-05-28,2023-06-10,plss_spatial
Spinosyns,5000,60,3.2413,96.8894,0.001441,0.014216,2,2,BBS_CA_204_ATHLONE,2015-05-28,2023-06-10,plss_spatial
Diamides,500,90,0.8748,10.338,0.000437,0.01458,2,4,BBS_CA_204_ATHLONE,2015-05-28,2023-06-10,plss_spatial
Organophosphates,500,90,16.0805,32.1749,0.410216,160.804846,3,7,BBS_CA_204_ATHLONE,2015-05-28,2023-06-10,plss_spatial
Pyrethroids,500,90,0.5733,32.1749,0.000145,2.492425,3,7,BBS_CA_204_ATHLONE,2015-05-28,2023-06-10,plss_spatial
Diamides,1000,90,3.5253,41.4075,0.001763,0.058755,2,4,BBS_CA_204_ATHLONE,2015-05-28,2023-06-10,plss_spatial
Organophosphates,1000,90,63.5235,127.1029,1.620497,635.23468,3,7,BBS_CA_204_ATHLONE,2015-05-28,2023-06-10,plss_spatial
Pyrethroids,1000,90,2.2643,127.1029,0.000573,9.844971,3,7,BBS_CA_204_ATHLONE,2015-05-28,2023-06-10,plss_spatial
Diamides,2000,90,11.9604,142.1547,0.00598,0.19934,3,6,BBS_CA_204_ATHLONE,2015-05-28,2023-06-10,plss_spatial
Organophosphates,2000,90,284.2085,569.2102,7.548811,2799.264839,11,26,BBS_CA_204_ATHLONE,2015-05-28,2023-06-10,plss_spatial
Pyrethroids,2000,90,10.1966,569.2102,0.002581,44.333259,11,26,BBS_CA_204_ATHLONE,2015-05-28,2023-06-10,plss_spatial
Restricted neonics,2000,90,13.221,50.4602,0.426483,0.000156,2,3,BBS_CA_204_ATHLONE,2015-05-28,2023-06-10,plss_spatial
Diamides,5000,90,19.7383,328.8126,0.009869,0.328972,6,9,BBS_CA_204_ATHLONE,2015-05-28,2023-06-10,plss_spatial
Organophosphates,5000,90,1884.8238,3782.004,55.750239,17705.569279,27,60,BBS_CA_204_ATHLONE,2015-05-28,2023-06-10,plss_spatial
Pyrethroids,5000,90,429.8997,4893.6376,0.21561,3540.144146,31,89,BBS_CA_204_ATHLONE,2015-05-28,2023-06-10,plss_spatial
Restricted neonics,5000,90,174.6099,681.6449,5.632578,0.002054,7,14,BBS_CA_204_ATHLONE,2015-05-28,2023-06-10,plss_spatial
Spinosyns,5000,90,3.2413,96.8894,0.001441,0.014216,2,2,BBS_CA_204_ATHLONE,2015-05-28,2023-06-10,plss_spatial
Diamides,500,30,0.1911,2.2447,8.5e-05,0.016475,3,4,BBS_CA_147_ARVIN,2015-05-28,2023-06-10,plss_spatial
Organophosphates,500,30,3.77,2.0064,0.096173,37.699722,1,1,BBS_CA_147_ARVIN,2015-05-28,2023-06-10,plss_spatial
Pyrethroids,500,30,0.2442,6.4984,0.00022,0.475505,2,3,BBS_CA_147_ARVIN,2015-05-28,2023-06-10,plss_spatial
Restricted neonics,500,30,1.7937,26.9088,0.057863,2.1e-05,3,20,BBS_CA_147_ARVIN,2015-05-28,2023-06-10,plss_spatial
Spinosyns,500,30,0.4528,3.4716,0.000226,0.000453,1,4,BBS_CA_147_ARVIN,2015-05-28,2023-06-10,plss_spatial
Diamides,1000,30,0.7694,9.0323,0.000342,0.066328,3,4,BBS_CA_147_ARVIN,2015-05-28,2023-06-10,plss_spatial
Organophosphates,1000,30,15.1916,8.0852,0.387542,151.916318,1,1,BBS_CA_147_ARVIN,2015-05-28,2023-06-10,plss_spatial
Pyrethroids,1000,30,0.9801,26.0729,0.000884,1.907689,2,3,BBS_CA_147_ARVIN,2015-05-28,2023-06-10,plss_spatial
Restricted neonics,1000,30,7.1852,107.6989,0.231781,8.5e-05,3,20,BBS_CA_147_ARVIN,2015-05-28,2023-06-10,plss_spatial
Spinosyns,1000,30,1.818,13.938,0.000909,0.001818,1,4,BBS_CA_147_ARVIN,2015-05-28,2023-06-10,plss_spatial
Carbamates,2000,30,0.0473,0.0701,0.001956,0.006229,1,1,BBS_CA_147_ARVIN,2015-05-28,2023-06-10,plss_spatial
Diamides,2000,30,2.524,30.3197,0.001122,0.217589,5,7,BBS_CA_147_ARVIN,2015-05-28,2023-06-10,plss_spatial
Organophosphates,2000,30,64.0319,34.2191,1.606888,630.293719,4,8,BBS_CA_147_ARVIN,2015-05-28,2023-06-10,plss_spatial
Pyrethroids,2000,30,3.2837,86.7771,0.002951,6.550382,3,4,BBS_CA_147_ARVIN,2015-05-28,2023-06-10,plss_spatial
Restricted neonics,2000,30,24.0904,353.1172,0.777111,0.000283,5,22,BBS_CA_147_ARVIN,2015-05-28,2023-06-10,plss_spatial
Spinosyns,2000,30,6.4867,49.7275,0.003243,0.006487,2,5,BBS_CA_147_ARVIN,2015-05-28,2023-06-10,plss_spatial
Carbamates,5000,30,0.4219,0.625,0.017433,0.05551,1,1,BBS_CA_147_ARVIN,2015-05-28,2023-06-10,plss_spatial
Diamides,5000,30,7.2914,79.9705,0.003407,0.420335,8,13,BBS_CA_147_ARVIN,2015-05-28,2023-06-10,plss_spatial
Organophosphates,5000,30,176.83,95.3619,4.274123,1678.964756,4,8,BBS_CA_147_ARVIN,2015-05-28,2023-06-10,plss_spatial
Other neonics,5000,30,2.1012,24.0143,0.021441,4.2e-05,1,1,BBS_CA_147_ARVIN,2015-05-28,2023-06-10,plss_spatial
Pyrethroids,5000,30,8.6333,182.0185,0.006507,37.271504,10,14,BBS_CA_147_ARVIN,2015-05-28,2023-06-10,plss_spatial
Restricted neonics,5000,30,42.9226,479.2113,1.384601,0.000505,11,29,BBS_CA_147_ARVIN,2015-05-28,2023-06-10,plss_spatial
Spinosyns,5000,30,40.5106,319.8557,0.020239,0.041529,11,37,BBS_CA_147_ARVIN,2015-05-28,2023-06-10,plss_spatial
Diamides,500,60,0.3194,4.5553,0.000142,0.027536,4,6,BBS_CA_147_ARVIN,2015-05-28,2023-06-10,plss_spatial
Organophosphates,500,60,11.8335,6.298,0.301876,118.335248,1,3,BBS_CA_147_ARVIN,2015-05-28,2023-06-10,plss_spatial
Pyrethroids,500,60,0.4509,8.5652,0.000335,2.354439,3,4,BBS_CA_147_ARVIN,2015-05-28,2023-06-10,plss_spatial
Restricted neonics,500,60,2.2362,29.2328,0.058892,3.2e-05,4,22,BBS_CA_147_ARVIN,2015-05-28,2023-06-10,plss_spatial
Spinosyns,500,60,0.8242,7.6392,0.000407,0.001153,3,9,BBS_CA_147_ARVIN,2015-05-28,2023-06-10,plss_spatial
Diamides,1000,60,1.2806,18.2383,0.000569,0.110401,4,6,BBS_CA_147_ARVIN,2015-05-28,2023-06-10,plss_spatial
Organophosphates,1000,60,47.6848,25.3787,1.21645,476.848478,1,3,BBS_CA_147_ARVIN,2015-05-28,2023-06-10,plss_spatial
Pyrethroids,1000,60,1.813,34.4015,0.001347,9.479116,3,4,BBS_CA_147_ARVIN,2015-05-28,2023-06-10,plss_spatial
Restricted neonics,1000,60,8.9495,116.9707,0.235884,0.000129,4,22,BBS_CA_147_ARVIN,2015-05-28,2023-06-10,plss_spatial
Spinosyns,1000,60,3.3048,30.6585,0.001631,0.004632,3,9,BBS_CA_147_ARVIN,2015-05-28,2023-06-10,plss_spatial
Carbamates,2000,60,0.142,0.2104,0.005869,0.018688,1,2,BBS_CA_147_ARVIN,2015-05-28,2023-06-10,plss_spatial
Diamides,2000,60,4.6546,64.9426,0.002069,0.40126,6,13,BBS_CA_147_ARVIN,2015-05-28,2023-06-10,plss_spatial
Organophosphates,2000,60,170.1583,90.7014,4.314194,1691.557722,4,10,BBS_CA_147_ARVIN,2015-05-28,2023-06-10,plss_spatial
Pyrethroids,2000,60,7.9013,124.3886,0.005516,48.529147,5,7,BBS_CA_147_ARVIN,2015-05-28,2023-06-10,plss_spatial
Restricted neonics,2000,60,34.5874,392.6217,0.944782,0.000482,8,36,BBS_CA_147_ARVIN,2015-05-28,2023-06-10,plss_spatial
Spinosyns,2000,60,11.8228,109.7446,0.005834,0.016565,6,18,BBS_CA_147_ARVIN,2015-05-28,2023-06-10,plss_spatial
Carbamates,5000,60,13.2238,14.2766,2.645225,0.760168,3,4,BBS_CA_147_ARVIN,2015-05-28,2023-06-10,plss_spatial
Diamides,5000,60,14.1416,172.387,0.006452,1.010875,13,27,BBS_CA_147_ARVIN,2015-05-28,2023-06-10,plss_spatial
Organophosphates,5000,60,287.7892,154.896,7.112153,2787.489154,5,17,BBS_CA_147_ARVIN,2015-05-28,2023-06-10,plss_spatial
Other neonics,5000,60,2.1012,24.0143,0.021441,4.2e-05,1,1,BBS_CA_147_ARVIN,2015-05-28,2023-06-10,plss_spatial
Pyrethroids,5000,60,116.8038,759.8068,0.069511,961.602649,16,34,BBS_CA_147_ARVIN,2015-05-28,2023-06-10,plss_spatial
Restricted neonics,5000,60,153.3281,945.8712,4.36228,0.002061,18,62,BBS_CA_147_ARVIN,2015-05-28,2023-06-10,plss_spatial
Spinosyns,5000,60,73.6748,647.4133,0.03654,0.09181,20,101,BBS_CA_147_ARVIN,2015-05-28,2023-06-10,plss_spatial
Carbamates,500,90,2.6384,2.1107,0.001319,0.353199,1,1,BBS_CA_147_ARVIN,2015-05-28,2023-06-10,plss_spatial
Diamides,500,90,0.3194,4.5553,0.000142,0.027536,4,6,BBS_CA_147_ARVIN,2015-05-28,2023-06-10,plss_spatial
Organophosphates,500,90,21.6819,11.8603,0.553111,216.819476,3,10,BBS_CA_147_ARVIN,2015-05-28,2023-06-10,plss_spatial
Pyrethroids,500,90,0.4624,8.9319,0.000338,2.404591,3,6,BBS_CA_147_ARVIN,2015-05-28,2023-06-10,plss_spatial
Restricted neonics,500,90,3.014,31.3435,0.083983,4.1e-05,4,23,BBS_CA_147_ARVIN,2015-05-28,2023-06-10,plss_spatial
Spinosyns,500,90,0.8364,8.5148,0.000413,0.001166,4,10,BBS_CA_147_ARVIN,2015-05-28,2023-06-10,plss_spatial
Carbamates,1000,90,10.5154,8.4123,0.005258,1.407683,1,1,BBS_CA_147_ARVIN,2015-05-28,2023-06-10,plss_spatial
Diamides,1000,90,1.2806,18.2383,0.000569,0.110401,4,6,BBS_CA_147_ARVIN,2015-05-28,2023-06-10,plss_spatial
Organophosphates,1000,90,87.1414,47.6519,2.222996,871.414415,3,10,BBS_CA_147_ARVIN,2015-05-28,2023-06-10,plss_spatial
Pyrethroids,1000,90,1.8588,35.8576,0.001359,9.678273,3,6,BBS_CA_147_ARVIN,2015-05-28,2023-06-10,plss_spatial
Restricted neonics,1000,90,12.0495,125.3831,0.335886,0.000165,4,23,BBS_CA_147_ARVIN,2015-05-28,2023-06-10,plss_spatial
Spinosyns,1000,90,3.3537,34.148,0.001655,0.00468,4,10,BBS_CA_147_ARVIN,2015-05-28,2023-06-10,plss_spatial
Carbamates,2000,90,34.1641,27.4281,0.02288,4.573181,2,3,BBS_CA_147_ARVIN,2015-05-28,2023-06-10,plss_spatial
Diamides,2000,90,4.6546,64.9426,0.002069,0.40126,6,13,BBS_CA_147_ARVIN,2015-05-28,2023-06-10,plss_spatial
Organophosphates,2000,90,298.7397,164.1182,7.594332,2977.371717,7,19,BBS_CA_147_ARVIN,2015-05-28,2023-06-10,plss_spatial
Pyrethroids,2000,90,8.081,130.0946,0.005561,49.310179,6,11,BBS_CA_147_ARVIN,2015-05-28,2023-06-10,plss_spatial
Restricted neonics,2000,90,44.6664,420.1424,1.26991,0.000601,9,40,BBS_CA_147_ARVIN,2015-05-28,2023-06-10,plss_spatial
Spinosyns,2000,90,11.9809,121.0349,0.005913,0.016723,7,19,BBS_CA_147_ARVIN,2015-05-28,2023-06-10,plss_spatial
Carbamates,5000,90,56.9953,50.7818,5.077301,5.622539,5,8,BBS_CA_147_ARVIN,2015-05-28,2023-06-10,plss_spatial
Diamides,5000,90,14.1416,172.387,0.006452,1.010875,13,27,BBS_CA_147_ARVIN,2015-05-28,2023-06-10,plss_spatial
Organophosphates,5000,90,423.6773,240.2269,10.578687,4146.37035,10,29,BBS_CA_147_ARVIN,2015-05-28,2023-06-10,plss_spatial
Other neonics,5000,90,2.1012,24.0143,0.021441,4.2e-05,1,1,BBS_CA_147_ARVIN,2015-05-28,2023-06-10,plss_spatial
Pyrethroids,5000,90,117.4132,775.6237,0.069714,965.016985,17,40,BBS_CA_147_ARVIN,2015-05-28,2023-06-10,plss_spatial
Restricted neonics,5000,90,218.6114,1202.3551,6.465095,0.002829,21,79,BBS_CA_147_ARVIN,2015-05-28,2023-06-10,plss_spatial
Spinosyns,5000,90,75.3912,671.6189,0.037398,0.093527,21,112,BBS_CA_147_ARVIN,2015-05-28,2023-06-10,plss_spatial
Organophosphates,1000,30,0.4558,0.9112,0.011629,4.558379,1,1,BBS_CA_024_CARUTHERS,2015-05-28,2023-06-10,plss_spatial
Restricted neonics,1000,30,2.0397,7.7589,0.065796,2.4e-05,2,11,BBS_CA_024_CARUTHERS,2015-05-28,2023-06-10,plss_spatial
Organophosphates,2000,30,8.8211,17.5831,0.225028,88.211077,3,3,BBS_CA_024_CARUTHERS,2015-05-28,2023-06-10,plss_spatial
Restricted neonics,2000,30,55.533,220.9975,1.776293,0.00066,8,35,BBS_CA_024_CARUTHERS,2015-05-28,2023-06-10,plss_spatial
Spinosyns,2000,30,0.0016,0.0217,1e-06,7e-06,1,1,BBS_CA_024_CARUTHERS,2015-05-28,2023-06-10,plss_spatial
Diamides,5000,30,1.8745,15.5065,0.000928,0.042277,5,10,BBS_CA_024_CARUTHERS,2015-05-28,2023-06-10,plss_spatial
Organophosphates,5000,30,41.1054,67.992,0.836984,331.232898,6,11,BBS_CA_024_CARUTHERS,2015-05-28,2023-06-10,plss_spatial
Pyrethroids,5000,30,0.2883,2.8504,0.000171,2.148547,4,4,BBS_CA_024_CARUTHERS,2015-05-28,2023-06-10,plss_spatial
Restricted neonics,5000,30,527.8331,2168.0562,16.954168,0.006242,26,98,BBS_CA_024_CARUTHERS,2015-05-28,2023-06-10,plss_spatial
Spinosyns,5000,30,0.1147,1.4842,5.1e-05,0.000503,2,7,BBS_CA_024_CARUTHERS,2015-05-28,2023-06-10,plss_spatial
Pyrethroids,500,60,0.1113,0.7906,6.2e-05,1.012247,1,1,BBS_CA_024_CARUTHERS,2015-05-28,2023-06-10,plss_spatial
Organophosphates,1000,60,0.4558,0.9112,0.011629,4.558379,1,1,BBS_CA_024_CARUTHERS,2015-05-28,2023-06-10,plss_spatial
Pyrethroids,1000,60,0.406,2.8828,0.000226,3.691011,1,1,BBS_CA_024_CARUTHERS,2015-05-28,2023-06-10,plss_spatial
Restricted neonics,1000,60,2.0723,8.5948,0.066849,2.4e-05,2,12,BBS_CA_024_CARUTHERS,2015-05-28,2023-06-10,plss_spatial
Diamides,2000,60,0.0097,0.1226,4e-06,0.000833,2,2,BBS_CA_024_CARUTHERS,2015-05-28,2023-06-10,plss_spatial
Organophosphates,2000,60,9.2817,17.8096,0.236779,92.817468,3,5,BBS_CA_024_CARUTHERS,2015-05-28,2023-06-10,plss_spatial
Pyrethroids,2000,60,0.7573,5.4591,0.000419,6.863417,3,3,BBS_CA_024_CARUTHERS,2015-05-28,2023-06-10,plss_spatial
Restricted neonics,2000,60,57.0428,245.1519,1.8099,0.000684,8,38,BBS_CA_024_CARUTHERS,2015-05-28,2023-06-10,plss_spatial
Spinosyns,2000,60,0.0016,0.0217,1e-06,7e-06,1,1,BBS_CA_024_CARUTHERS,2015-05-28,2023-06-10,plss_spatial
Diamides,5000,60,9.3435,108.2964,0.004327,0.587127,14,28,BBS_CA_024_CARUTHERS,2015-05-28,2023-06-10,plss_spatial
Organophosphates,5000,60,78.3291,89.3431,1.581432,626.095523,7,21,BBS_CA_024_CARUTHERS,2015-05-28,2023-06-10,plss_spatial
Pyrethroids,5000,60,4.3384,59.0191,0.00199,32.086579,12,18,BBS_CA_024_CARUTHERS,2015-05-28,2023-06-10,plss_spatial
Restricted neonics,5000,60,571.8991,2322.1716,18.302945,0.006793,27,104,BBS_CA_024_CARUTHERS,2015-05-28,2023-06-10,plss_spatial
Spinosyns,5000,60,1.8736,29.3259,0.000836,0.008044,4,10,BBS_CA_024_CARUTHERS,2015-05-28,2023-06-10,plss_spatial
Pyrethroids,500,90,0.1113,0.7906,6.2e-05,1.012247,1,1,BBS_CA_024_CARUTHERS,2015-05-28,2023-06-10,plss_spatial
Organophosphates,1000,90,0.4558,0.9112,0.011629,4.558379,1,1,BBS_CA_024_CARUTHERS,2015-05-28,2023-06-10,plss_spatial
Pyrethroids,1000,90,0.406,2.8828,0.000226,3.691011,1,1,BBS_CA_024_CARUTHERS,2015-05-28,2023-06-10,plss_spatial
Restricted neonics,1000,90,2.0723,8.5948,0.066849,2.4e-05,2,12,BBS_CA_024_CARUTHERS,2015-05-28,2023-06-10,plss_spatial
Diamides,2000,90,0.0097,0.1226,4e-06,0.000833,2,2,BBS_CA_024_CARUTHERS,2015-05-28,2023-06-10,plss_spatial
Organophosphates,2000,90,9.2817,17.8096,0.236779,92.817468,3,5,BBS_CA_024_CARUTHERS,2015-05-28,2023-06-10,plss_spatial
Pyrethroids,2000,90,0.7573,5.4591,0.000419,6.863417,3,3,BBS_CA_024_CARUTHERS,2015-05-28,2023-06-10,plss_spatial
Restricted neonics,2000,90,57.0428,245.1519,1.8099,0.000684,8,38,BBS_CA_024_CARUTHERS,2015-05-28,2023-06-10,plss_spatial
Spinosyns,2000,90,0.0016,0.0217,1e-06,7e-06,1,1,BBS_CA_024_CARUTHERS,2015-05-28,2023-06-10,plss_spatial
Diamides,5000,90,9.3435,108.2964,0.004327,0.587127,14,28,BBS_CA_024_CARUTHERS,2015-05-28,2023-06-10,plss_spatial
Organophosphates,5000,90,104.9677,103.5206,2.260989,892.481659,8,22,BBS_CA_024_CARUTHERS,2015-05-28,2023-06-10,plss_spatial
Pyrethroids,5000,90,4.3384,59.0191,0.00199,32.086579,12,18,BBS_CA_024_CARUTHERS,2015-05-28,2023-06-10,plss_spatial
Restricted neonics,5000,90,580.0457,2382.2248,18.565739,0.006888,27,107,BBS_CA_024_CARUTHERS,2015-05-28,2023-06-10,plss_spatial
Spinosyns,5000,90,1.8736,29.3259,0.000836,0.008044,4,10,BBS_CA_024_CARUTHERS,2015-05-28,2023-06-10,plss_spatial
Diamides,500,30,1.8437,19.663,0.000922,0.030728,2,3,BBS_CA_320_COLLEGEVILLE_2,2015-05-28,2023-06-10,plss_spatial
Pyrethroids,500,30,2.7023,25.823,0.001501,24.566434,2,4,BBS_CA_320_COLLEGEVILLE_2,2015-05-28,2023-06-10,plss_spatial
Restricted neonics,500,30,6.5606,104.8976,0.078997,7e-05,3,10,BBS_CA_320_COLLEGEVILLE_2,2015-05-28,2023-06-10,plss_spatial
Diamides,1000,30,7.8619,83.8559,0.003931,0.131032,2,3,BBS_CA_320_COLLEGEVILLE_2,2015-05-28,2023-06-10,plss_spatial
Pyrethroids,1000,30,10.7488,99.6919,0.005972,97.716553,2,4,BBS_CA_320_COLLEGEVILLE_2,2015-05-28,2023-06-10,plss_spatial
Restricted neonics,1000,30,26.3067,376.6378,0.486992,0.000289,3,10,BBS_CA_320_COLLEGEVILLE_2,2015-05-28,2023-06-10,plss_spatial
Diamides,2000,30,32.0355,342.0478,0.016018,0.533924,3,5,BBS_CA_320_COLLEGEVILLE_2,2015-05-28,2023-06-10,plss_spatial
Pyrethroids,2000,30,33.4119,367.0478,0.017402,285.545452,3,6,BBS_CA_320_COLLEGEVILLE_2,2015-05-28,2023-06-10,plss_spatial
Restricted neonics,2000,30,76.2029,945.9633,1.683844,0.000852,5,12,BBS_CA_320_COLLEGEVILLE_2,2015-05-28,2023-06-10,plss_spatial
Carbamates,5000,30,5.5926,12.4281,0.231101,0.735875,1,5,BBS_CA_320_COLLEGEVILLE_2,2015-05-28,2023-06-10,plss_spatial
Diamides,5000,30,50.1068,538.5858,0.024807,1.142917,4,6,BBS_CA_320_COLLEGEVILLE_2,2015-05-28,2023-06-10,plss_spatial
Other neonics,5000,30,8.8865,59.2435,0.090679,0.000178,1,1,BBS_CA_320_COLLEGEVILLE_2,2015-05-28,2023-06-10,plss_spatial
Pyrethroids,5000,30,57.3417,920.8375,0.026779,413.828302,12,35,BBS_CA_320_COLLEGEVILLE_2,2015-05-28,2023-06-10,plss_spatial
Restricted neonics,5000,30,112.1624,1273.3493,2.299002,0.001243,12,22,BBS_CA_320_COLLEGEVILLE_2,2015-05-28,2023-06-10,plss_spatial
Spinosyns,5000,30,4.0179,58.684,0.001895,0.010973,2,2,BBS_CA_320_COLLEGEVILLE_2,2015-05-28,2023-06-10,plss_spatial
Diamides,500,60,1.8437,19.663,0.000922,0.030728,2,3,BBS_CA_320_COLLEGEVILLE_2,2015-05-28,2023-06-10,plss_spatial
Pyrethroids,500,60,2.7023,25.823,0.001501,24.566434,2,4,BBS_CA_320_COLLEGEVILLE_2,2015-05-28,2023-06-10,plss_spatial
Restricted neonics,500,60,8.7381,143.0894,0.082777,9.1e-05,3,11,BBS_CA_320_COLLEGEVILLE_2,2015-05-28,2023-06-10,plss_spatial
Diamides,1000,60,7.8619,83.8559,0.003931,0.131032,2,3,BBS_CA_320_COLLEGEVILLE_2,2015-05-28,2023-06-10,plss_spatial
Pyrethroids,1000,60,10.7488,99.6919,0.005972,97.716553,2,4,BBS_CA_320_COLLEGEVILLE_2,2015-05-28,2023-06-10,plss_spatial
Restricted neonics,1000,60,31.9047,474.821,0.49671,0.000345,3,11,BBS_CA_320_COLLEGEVILLE_2,2015-05-28,2023-06-10,plss_spatial
Diamides,2000,60,32.0355,342.0478,0.016018,0.533924,3,5,BBS_CA_320_COLLEGEVILLE_2,2015-05-28,2023-06-10,plss_spatial
Pyrethroids,2000,60,33.4119,367.0478,0.017402,285.545452,3,6,BBS_CA_320_COLLEGEVILLE_2,2015-05-28,2023-06-10,plss_spatial
Restricted neonics,2000,60,89.587,1180.6903,1.70708,0.000986,5,14,BBS_CA_320_COLLEGEVILLE_2,2015-05-28,2023-06-10,plss_spatial
Carbamates,5000,60,5.5926,12.4281,0.231101,0.735875,1,5,BBS_CA_320_COLLEGEVILLE_2,2015-05-28,2023-06-10,plss_spatial
Diamides,5000,60,61.8284,664.2209,0.030668,1.338276,6,9,BBS_CA_320_COLLEGEVILLE_2,2015-05-28,2023-06-10,plss_spatial
Organophosphates,5000,60,77.9757,83.0,1.989177,779.75739,1,4,BBS_CA_320_COLLEGEVILLE_2,2015-05-28,2023-06-10,plss_spatial
Other neonics,5000,60,8.8865,59.2435,0.090679,0.000178,1,1,BBS_CA_320_COLLEGEVILLE_2,2015-05-28,2023-06-10,plss_spatial
Pyrethroids,5000,60,96.5845,1327.3212,0.052947,598.635561,16,52,BBS_CA_320_COLLEGEVILLE_2,2015-05-28,2023-06-10,plss_spatial
Restricted neonics,5000,60,126.1324,1518.3493,2.323256,0.001383,12,24,BBS_CA_320_COLLEGEVILLE_2,2015-05-28,2023-06-10,plss_spatial
Spinosyns,5000,60,10.7953,132.9275,0.005016,0.034049,3,4,BBS_CA_320_COLLEGEVILLE_2,2015-05-28,2023-06-10,plss_spatial
Diamides,500,90,1.8437,19.663,0.000922,0.030728,2,3,BBS_CA_320_COLLEGEVILLE_2,2015-05-28,2023-06-10,plss_spatial
Pyrethroids,500,90,7.2853,64.0147,0.001969,32.204776,2,5,BBS_CA_320_COLLEGEVILLE_2,2015-05-28,2023-06-10,plss_spatial
Restricted neonics,500,90,8.7381,143.0894,0.082777,9.1e-05,3,11,BBS_CA_320_COLLEGEVILLE_2,2015-05-28,2023-06-10,plss_spatial
Diamides,1000,90,7.8619,83.8559,0.003931,0.131032,2,3,BBS_CA_320_COLLEGEVILLE_2,2015-05-28,2023-06-10,plss_spatial
Pyrethroids,1000,90,22.5308,197.8751,0.007174,117.353193,2,5,BBS_CA_320_COLLEGEVILLE_2,2015-05-28,2023-06-10,plss_spatial
Restricted neonics,1000,90,31.9047,474.821,0.49671,0.000345,3,11,BBS_CA_320_COLLEGEVILLE_2,2015-05-28,2023-06-10,plss_spatial
Diamides,2000,90,32.0355,342.0478,0.016018,0.533924,3,5,BBS_CA_320_COLLEGEVILLE_2,2015-05-28,2023-06-10,plss_spatial
Organophosphates,2000,90,14.9005,30.1127,1.419092,0.00745,2,5,BBS_CA_320_COLLEGEVILLE_2,2015-05-28,2023-06-10,plss_spatial
Pyrethroids,2000,90,52.0123,522.0629,0.0193,316.547511,4,8,BBS_CA_320_COLLEGEVILLE_2,2015-05-28,2023-06-10,plss_spatial
Restricted neonics,2000,90,89.587,1180.6903,1.70708,0.000986,5,14,BBS_CA_320_COLLEGEVILLE_2,2015-05-28,2023-06-10,plss_spatial
Carbamates,5000,90,5.5926,12.4281,0.231101,0.735875,1,5,BBS_CA_320_COLLEGEVILLE_2,2015-05-28,2023-06-10,plss_spatial
Diamides,5000,90,61.8284,664.2209,0.030668,1.338276,6,9,BBS_CA_320_COLLEGEVILLE_2,2015-05-28,2023-06-10,plss_spatial
Organophosphates,5000,90,481.1565,622.4987,25.205311,2615.781086,10,21,BBS_CA_320_COLLEGEVILLE_2,2015-05-28,2023-06-10,plss_spatial
Other neonics,5000,90,8.8865,59.2435,0.090679,0.000178,1,1,BBS_CA_320_COLLEGEVILLE_2,2015-05-28,2023-06-10,plss_spatial
Pyrethroids,5000,90,119.7414,1627.5499,0.055999,649.447965,19,59,BBS_CA_320_COLLEGEVILLE_2,2015-05-28,2023-06-10,plss_spatial
Restricted neonics,5000,90,126.1324,1518.3493,2.323256,0.001383,12,24,BBS_CA_320_COLLEGEVILLE_2,2015-05-28,2023-06-10,plss_spatial
Spinosyns,5000,90,10.9302,134.1632,0.005076,0.034641,4,5,BBS_CA_320_COLLEGEVILLE_2,2015-05-28,2023-06-10,plss_spatial
Pyrethroids,500,30,0.0025,0.0251,1e-06,0.022806,1,1,BBS_CA_245_BUENA_VISTA,2015-05-28,2023-06-10,plss_spatial
Diamides,1000,30,0.0724,0.8576,3.4e-05,0.003366,2,4,BBS_CA_245_BUENA_VISTA,2015-05-28,2023-06-10,plss_spatial
Pyrethroids,1000,30,0.0122,0.2108,7e-06,0.094483,2,2,BBS_CA_245_BUENA_VISTA,2015-05-28,2023-06-10,plss_spatial
Spinosyns,1000,30,0.0092,0.1182,4e-06,4.1e-05,1,1,BBS_CA_245_BUENA_VISTA,2015-05-28,2023-06-10,plss_spatial
Diamides,2000,30,1.6173,18.9244,0.000769,0.076781,2,4,BBS_CA_245_BUENA_VISTA,2015-05-28,2023-06-10,plss_spatial
Pyrethroids,2000,30,0.0863,2.9011,4.4e-05,0.395427,2,2,BBS_CA_245_BUENA_VISTA,2015-05-28,2023-06-10,plss_spatial
Restricted neonics,2000,30,0.8451,2.7841,0.02726,1e-05,1,1,BBS_CA_245_BUENA_VISTA,2015-05-28,2023-06-10,plss_spatial
Spinosyns,2000,30,0.2131,2.7276,9.5e-05,0.000935,1,1,BBS_CA_245_BUENA_VISTA,2015-05-28,2023-06-10,plss_spatial
Diamides,5000,30,7.4606,79.8066,0.003661,0.211177,6,9,BBS_CA_245_BUENA_VISTA,2015-05-28,2023-06-10,plss_spatial
Organophosphates,5000,30,3.2763,3.9856,0.083579,32.762921,1,2,BBS_CA_245_BUENA_VISTA,2015-05-28,2023-06-10,plss_spatial
Pyrethroids,5000,30,6.0679,83.5271,0.00323,52.169829,10,27,BBS_CA_245_BUENA_VISTA,2015-05-28,2023-06-10,plss_spatial
Restricted neonics,5000,30,25.0386,206.4113,0.265276,0.000534,4,5,BBS_CA_245_BUENA_VISTA,2015-05-28,2023-06-10,plss_spatial
Spinosyns,5000,30,0.3797,4.8599,0.000169,0.001665,2,2,BBS_CA_245_BUENA_VISTA,2015-05-28,2023-06-10,plss_spatial
Organophosphates,500,60,18.4137,12.2599,0.469737,184.136761,2,5,BBS_CA_245_BUENA_VISTA,2015-05-28,2023-06-10,plss_spatial
Pyrethroids,500,60,0.3266,1.7666,0.000181,2.969178,1,2,BBS_CA_245_BUENA_VISTA,2015-05-28,2023-06-10,plss_spatial
Diamides,1000,60,0.0724,0.8576,3.4e-05,0.003366,2,4,BBS_CA_245_BUENA_VISTA,2015-05-28,2023-06-10,plss_spatial
Organophosphates,1000,60,74.8438,49.6229,1.909282,748.438384,4,13,BBS_CA_245_BUENA_VISTA,2015-05-28,2023-06-10,plss_spatial
Pyrethroids,1000,60,1.2086,6.6395,0.000671,10.970731,2,3,BBS_CA_245_BUENA_VISTA,2015-05-28,2023-06-10,plss_spatial
Restricted neonics,1000,60,0.0009,0.0179,2.8e-05,0.0,1,1,BBS_CA_245_BUENA_VISTA,2015-05-28,2023-06-10,plss_spatial
Spinosyns,1000,60,0.0092,0.1182,4e-06,4.1e-05,1,1,BBS_CA_245_BUENA_VISTA,2015-05-28,2023-06-10,plss_spatial
Diamides,2000,60,1.6173,18.9244,0.000769,0.076781,2,4,BBS_CA_245_BUENA_VISTA,2015-05-28,2023-06-10,plss_spatial
Organophosphates,2000,60,335.5103,218.15,8.558935,3355.102704,5,14,BBS_CA_245_BUENA_VISTA,2015-05-28,2023-06-10,plss_spatial
Pyrethroids,2000,60,2.4608,17.6031,0.001363,21.978329,4,6,BBS_CA_245_BUENA_VISTA,2015-05-28,2023-06-10,plss_spatial
Restricted neonics,2000,60,0.867,3.232,0.027969,1e-05,3,4,BBS_CA_245_BUENA_VISTA,2015-05-28,2023-06-10,plss_spatial
Spinosyns,2000,60,0.2131,2.7276,9.5e-05,0.000935,1,1,BBS_CA_245_BUENA_VISTA,2015-05-28,2023-06-10,plss_spatial
Diamides,5000,60,7.4722,80.0597,0.003666,0.212179,7,11,BBS_CA_245_BUENA_VISTA,2015-05-28,2023-06-10,plss_spatial
Organophosphates,5000,60,820.6203,535.2211,20.934163,8206.192304,14,33,BBS_CA_245_BUENA_VISTA,2015-05-28,2023-06-10,plss_spatial
Pyrethroids,5000,60,77.4157,503.564,0.04232,674.707969,21,53,BBS_CA_245_BUENA_VISTA,2015-05-28,2023-06-10,plss_spatial
Restricted neonics,5000,60,25.4417,213.1032,0.273875,0.000541,8,13,BBS_CA_245_BUENA_VISTA,2015-05-28,2023-06-10,plss_spatial
Spinosyns,5000,60,0.3881,4.9664,0.000172,0.001702,2,3,BBS_CA_245_BUENA_VISTA,2015-05-28,2023-06-10,plss_spatial
Organophosphates,500,90,19.9315,16.7769,0.508456,199.314733,2,9,BBS_CA_245_BUENA_VISTA,2015-05-28,2023-06-10,plss_spatial
Pyrethroids,500,90,0.4447,5.672,0.000211,3.482746,1,4,BBS_CA_245_BUENA_VISTA,2015-05-28,2023-06-10,plss_spatial
Diamides,1000,90,0.0724,0.8576,3.4e-05,0.003366,2,4,BBS_CA_245_BUENA_VISTA,2015-05-28,2023-06-10,plss_spatial
Organophosphates,1000,90,80.3471,66.1973,2.049672,803.471461,4,17,BBS_CA_245_BUENA_VISTA,2015-05-28,2023-06-10,plss_spatial
Pyrethroids,1000,90,1.6447,21.0559,0.000782,12.866518,2,5,BBS_CA_245_BUENA_VISTA,2015-05-28,2023-06-10,plss_spatial
Restricted neonics,1000,90,0.0009,0.0179,2.8e-05,0.0,1,1,BBS_CA_245_BUENA_VISTA,2015-05-28,2023-06-10,plss_spatial
Spinosyns,1000,90,0.0092,0.1182,4e-06,4.1e-05,1,1,BBS_CA_245_BUENA_VISTA,2015-05-28,2023-06-10,plss_spatial
Diamides,2000,90,1.6173,18.9244,0.000769,0.076781,2,4,BBS_CA_245_BUENA_VISTA,2015-05-28,2023-06-10,plss_spatial
Organophosphates,2000,90,345.82,249.5825,8.821938,3458.199524,7,20,BBS_CA_245_BUENA_VISTA,2015-05-28,2023-06-10,plss_spatial
Pyrethroids,2000,90,3.3081,45.4494,0.001578,25.662039,5,11,BBS_CA_245_BUENA_VISTA,2015-05-28,2023-06-10,plss_spatial
Restricted neonics,2000,90,0.867,3.232,0.027969,1e-05,3,4,BBS_CA_245_BUENA_VISTA,2015-05-28,2023-06-10,plss_spatial
Spinosyns,2000,90,0.2131,2.7276,9.5e-05,0.000935,1,1,BBS_CA_245_BUENA_VISTA,2015-05-28,2023-06-10,plss_spatial
Carbamates,5000,90,1.7005,7.5579,0.07027,0.223753,1,6,BBS_CA_245_BUENA_VISTA,2015-05-28,2023-06-10,plss_spatial
Diamides,5000,90,7.4722,80.0597,0.003666,0.212179,7,11,BBS_CA_245_BUENA_VISTA,2015-05-28,2023-06-10,plss_spatial
Organophosphates,5000,90,855.3773,653.9857,21.820819,8553.761538,22,54,BBS_CA_245_BUENA_VISTA,2015-05-28,2023-06-10,plss_spatial
Pyrethroids,5000,90,81.5853,631.5603,0.043376,692.836879,27,69,BBS_CA_245_BUENA_VISTA,2015-05-28,2023-06-10,plss_spatial
Restricted neonics,5000,90,25.4417,213.1032,0.273875,0.000541,8,13,BBS_CA_245_BUENA_VISTA,2015-05-28,2023-06-10,plss_spatial
Spinosyns,5000,90,0.3931,5.0728,0.000175,0.001724,2,4,BBS_CA_245_BUENA_VISTA,2015-05-28,2023-06-10,plss_spatial
Restricted neonics,500,30,0.12,1.9412,0.003872,1e-06,2,3,BBS_CA_197_TIPTON,2015-05-28,2023-06-10,plss_spatial
Spinosyns,500,30,0.0803,1.0767,4e-05,9.7e-05,2,2,BBS_CA_197_TIPTON,2015-05-28,2023-06-10,plss_spatial
Restricted neonics,1000,30,0.4679,7.5677,0.015094,6e-06,2,3,BBS_CA_197_TIPTON,2015-05-28,2023-06-10,plss_spatial
Spinosyns,1000,30,0.3107,4.1755,0.000154,0.000376,2,2,BBS_CA_197_TIPTON,2015-05-28,2023-06-10,plss_spatial
Organophosphates,2000,30,0.3219,0.3426,0.008212,3.218936,1,1,BBS_CA_197_TIPTON,2015-05-28,2023-06-10,plss_spatial
Restricted neonics,2000,30,1.4662,23.7145,0.047298,1.7e-05,2,3,BBS_CA_197_TIPTON,2015-05-28,2023-06-10,plss_spatial
Spinosyns,2000,30,0.9647,13.0002,0.000479,0.001174,2,2,BBS_CA_197_TIPTON,2015-05-28,2023-06-10,plss_spatial
Diamides,5000,30,1.7771,36.191,0.000877,0.043546,3,4,BBS_CA_197_TIPTON,2015-05-28,2023-06-10,plss_spatial
Organophosphates,5000,30,12.5179,12.4569,0.319334,125.179004,5,5,BBS_CA_197_TIPTON,2015-05-28,2023-06-10,plss_spatial
Pyrethroids,5000,30,1.08,28.3379,0.000289,4.640321,6,15,BBS_CA_197_TIPTON,2015-05-28,2023-06-10,plss_spatial
Restricted neonics,5000,30,3.9731,91.6751,0.054438,7.9e-05,3,5,BBS_CA_197_TIPTON,2015-05-28,2023-06-10,plss_spatial
Spinosyns,5000,30,0.9913,13.3683,0.000492,0.001208,2,2,BBS_CA_197_TIPTON,2015-05-28,2023-06-10,plss_spatial
Organophosphates,500,60,2.0933,2.7938,0.053401,20.93309,2,5,BBS_CA_197_TIPTON,2015-05-28,2023-06-10,plss_spatial
Restricted neonics,500,60,0.12,1.9412,0.003872,1e-06,2,3,BBS_CA_197_TIPTON,2015-05-28,2023-06-10,plss_spatial
Spinosyns,500,60,0.0803,1.0767,4e-05,9.7e-05,2,2,BBS_CA_197_TIPTON,2015-05-28,2023-06-10,plss_spatial
Organophosphates,1000,60,8.1289,10.8461,0.20737,81.289165,2,5,BBS_CA_197_TIPTON,2015-05-28,2023-06-10,plss_spatial
Restricted neonics,1000,60,0.4679,7.5677,0.015094,6e-06,2,3,BBS_CA_197_TIPTON,2015-05-28,2023-06-10,plss_spatial
Spinosyns,1000,60,0.3107,4.1755,0.000154,0.000376,2,2,BBS_CA_197_TIPTON,2015-05-28,2023-06-10,plss_spatial
Organophosphates,2000,60,25.875,34.3745,0.660076,258.7496,4,7,BBS_CA_197_TIPTON,2015-05-28,2023-06-10,plss_spatial
Restricted neonics,2000,60,1.4662,23.7145,0.047298,1.7e-05,2,3,BBS_CA_197_TIPTON,2015-05-28,2023-06-10,plss_spatial
Spinosyns,2000,60,0.9647,13.0002,0.000479,0.001174,2,2,BBS_CA_197_TIPTON,2015-05-28,2023-06-10,plss_spatial
Diamides,5000,60,7.2794,98.7303,0.003323,0.517884,7,15,BBS_CA_197_TIPTON,2015-05-28,2023-06-10,plss_spatial
Organophosphates,5000,60,181.2998,148.8928,4.626302,1812.97992,10,23,BBS_CA_197_TIPTON,2015-05-28,2023-06-10,plss_spatial
Pyrethroids,5000,60,3.1098,71.3181,0.000726,12.107454,7,24,BBS_CA_197_TIPTON,2015-05-28,2023-06-10,plss_spatial
Restricted neonics,5000,60,4.0132,92.3244,0.05573,8e-05,4,6,BBS_CA_197_TIPTON,2015-05-28,2023-06-10,plss_spatial
Spinosyns,5000,60,0.9915,13.3695,0.000492,0.001208,3,3,BBS_CA_197_TIPTON,2015-05-28,2023-06-10,plss_spatial
Organophosphates,500,90,4.6301,4.735,1.180874,21.567294,2,8,BBS_CA_197_TIPTON,2015-05-28,2023-06-10,plss_spatial
Pyrethroids,500,90,0.1865,1.5539,1.9e-05,0.310789,2,2,BBS_CA_197_TIPTON,2015-05-28,2023-06-10,plss_spatial
Restricted neonics,500,90,0.12,1.9412,0.003872,1e-06,2,3,BBS_CA_197_TIPTON,2015-05-28,2023-06-10,plss_spatial
Spinosyns,500,90,0.0803,1.0767,4e-05,9.7e-05,2,2,BBS_CA_197_TIPTON,2015-05-28,2023-06-10,plss_spatial
Organophosphates,1000,90,18.0184,18.4139,4.602703,83.761539,2,8,BBS_CA_197_TIPTON,2015-05-28,2023-06-10,plss_spatial
Pyrethroids,1000,90,0.7249,6.0406,7.4e-05,1.208112,2,2,BBS_CA_197_TIPTON,2015-05-28,2023-06-10,plss_spatial
Restricted neonics,1000,90,0.4679,7.5677,0.015094,6e-06,2,3,BBS_CA_197_TIPTON,2015-05-28,2023-06-10,plss_spatial
Spinosyns,1000,90,0.3107,4.1755,0.000154,0.000376,2,2,BBS_CA_197_TIPTON,2015-05-28,2023-06-10,plss_spatial
Organophosphates,2000,90,61.3697,69.332,14.750802,282.512173,8,17,BBS_CA_197_TIPTON,2015-05-28,2023-06-10,plss_spatial
Pyrethroids,2000,90,2.2788,19.3716,0.000235,3.839404,3,3,BBS_CA_197_TIPTON,2015-05-28,2023-06-10,plss_spatial
Restricted neonics,2000,90,1.4662,23.7145,0.047298,1.7e-05,2,3,BBS_CA_197_TIPTON,2015-05-28,2023-06-10,plss_spatial
Spinosyns,2000,90,0.9647,13.0002,0.000479,0.001174,2,2,BBS_CA_197_TIPTON,2015-05-28,2023-06-10,plss_spatial
Diamides,5000,90,7.2794,98.7303,0.003323,0.517884,7,15,BBS_CA_197_TIPTON,2015-05-28,2023-06-10,plss_spatial
Organophosphates,5000,90,324.6864,504.6013,24.47702,2530.895698,25,51,BBS_CA_197_TIPTON,2015-05-28,2023-06-10,plss_spatial
Pyrethroids,5000,90,7.8501,170.4478,0.001574,26.472761,13,30,BBS_CA_197_TIPTON,2015-05-28,2023-06-10,plss_spatial
Restricted neonics,5000,90,4.0132,92.3244,0.05573,8e-05,4,6,BBS_CA_197_TIPTON,2015-05-28,2023-06-10,plss_spatial
Spinosyns,5000,90,0.9915,13.3695,0.000492,0.001208,3,3,BBS_CA_197_TIPTON,2015-05-28,2023-06-10,plss_spatial
Organophosphates,500,90,14.625,15.1003,4.972278,2.564729,2,3,BBS_CA_049_PALO_VERDE,2015-05-28,2023-06-10,plss_spatial
Pyrethroids,500,90,0.2076,8.8502,0.000104,0.715756,1,2,BBS_CA_049_PALO_VERDE,2015-05-28,2023-06-10,plss_spatial
Organophosphates,1000,90,53.8329,61.2257,16.907444,8.443814,5,13,BBS_CA_049_PALO_VERDE,2015-05-28,2023-06-10,plss_spatial
Pyrethroids,1000,90,1.1511,47.2763,0.000527,4.146205,4,18,BBS_CA_049_PALO_VERDE,2015-05-28,2023-06-10,plss_spatial
Organophosphates,2000,90,365.7758,520.885,89.567208,39.28724,12,35,BBS_CA_049_PALO_VERDE,2015-05-28,2023-06-10,plss_spatial
Pyrethroids,2000,90,19.2742,736.4429,0.007307,74.953066,11,50,BBS_CA_049_PALO_VERDE,2015-05-28,2023-06-10,plss_spatial
Organophosphates,5000,90,1165.6538,1731.3689,270.338545,114.416129,15,41,BBS_CA_049_PALO_VERDE,2015-05-28,2023-06-10,plss_spatial
Pyrethroids,5000,90,73.8816,2777.2626,0.026618,292.383354,14,61,BBS_CA_049_PALO_VERDE,2015-05-28,2023-06-10,plss_spatial
Diamides,500,30,3.4329,36.1585,0.001586,0.220141,2,3,BBS_CA_155_WESTLEY,2015-05-28,2023-06-10,plss_spatial
Pyrethroids,500,30,0.8741,8.728,0.000486,7.946492,1,1,BBS_CA_155_WESTLEY,2015-05-28,2023-06-10,plss_spatial
Restricted neonics,500,30,1.7615,22.1936,0.056821,2.1e-05,1,1,BBS_CA_155_WESTLEY,2015-05-28,2023-06-10,plss_spatial
Diamides,1000,30,11.3253,121.7426,0.005185,0.786212,5,11,BBS_CA_155_WESTLEY,2015-05-28,2023-06-10,plss_spatial
Pyrethroids,1000,30,2.5431,24.2025,0.001551,19.404471,3,4,BBS_CA_155_WESTLEY,2015-05-28,2023-06-10,plss_spatial
Restricted neonics,1000,30,6.8489,86.2932,0.220931,8.1e-05,3,5,BBS_CA_155_WESTLEY,2015-05-28,2023-06-10,plss_spatial
Spinosyns,1000,30,0.0108,0.2116,5e-06,4.7e-05,1,1,BBS_CA_155_WESTLEY,2015-05-28,2023-06-10,plss_spatial
Diamides,2000,30,37.8669,397.3082,0.017466,2.468198,7,15,BBS_CA_155_WESTLEY,2015-05-28,2023-06-10,plss_spatial
Pyrethroids,2000,30,8.8638,83.9584,0.006545,34.869782,6,8,BBS_CA_155_WESTLEY,2015-05-28,2023-06-10,plss_spatial
Restricted neonics,2000,30,21.6444,272.7105,0.698205,0.000255,3,5,BBS_CA_155_WESTLEY,2015-05-28,2023-06-10,plss_spatial
Spinosyns,2000,30,0.4307,7.5018,0.000196,0.001639,2,2,BBS_CA_155_WESTLEY,2015-05-28,2023-06-10,plss_spatial
Diamides,5000,30,159.6815,1472.6773,0.07755,5.528409,14,28,BBS_CA_155_WESTLEY,2015-05-28,2023-06-10,plss_spatial
Pyrethroids,5000,30,28.1623,592.1341,0.016947,107.362268,13,17,BBS_CA_155_WESTLEY,2015-05-28,2023-06-10,plss_spatial
Restricted neonics,5000,30,91.9657,479.2956,2.966637,0.001082,4,6,BBS_CA_155_WESTLEY,2015-05-28,2023-06-10,plss_spatial
Spinosyns,5000,30,2.7592,25.0,0.001351,0.004483,2,2,BBS_CA_155_WESTLEY,2015-05-28,2023-06-10,plss_spatial
Diamides,500,60,3.4329,36.1585,0.001586,0.220141,2,3,BBS_CA_155_WESTLEY,2015-05-28,2023-06-10,plss_spatial
Pyrethroids,500,60,2.8401,26.1841,0.002118,12.294888,1,5,BBS_CA_155_WESTLEY,2015-05-28,2023-06-10,plss_spatial
Restricted neonics,500,60,1.7615,22.1936,0.056821,2.1e-05,1,1,BBS_CA_155_WESTLEY,2015-05-28,2023-06-10,plss_spatial
Diamides,1000,60,11.3253,121.7426,0.005185,0.786212,5,11,BBS_CA_155_WESTLEY,2015-05-28,2023-06-10,plss_spatial
Organophosphates,1000,60,4.3212,2.3951,0.031297,13.437852,3,4,BBS_CA_155_WESTLEY,2015-05-28,2023-06-10,plss_spatial
Pyrethroids,1000,60,8.502,94.3876,0.005757,37.388055,5,16,BBS_CA_155_WESTLEY,2015-05-28,2023-06-10,plss_spatial
Restricted neonics,1000,60,6.8489,86.2932,0.220931,8.1e-05,3,5,BBS_CA_155_WESTLEY,2015-05-28,2023-06-10,plss_spatial
Spinosyns,1000,60,0.0108,0.2116,5e-06,4.7e-05,1,1,BBS_CA_155_WESTLEY,2015-05-28,2023-06-10,plss_spatial
Diamides,2000,60,37.8669,397.3082,0.017466,2.468198,7,15,BBS_CA_155_WESTLEY,2015-05-28,2023-06-10,plss_spatial
Organophosphates,2000,60,59.0271,32.5162,0.597445,247.654774,3,4,BBS_CA_155_WESTLEY,2015-05-28,2023-06-10,plss_spatial
Pyrethroids,2000,60,32.3505,550.1629,0.015801,138.272486,8,22,BBS_CA_155_WESTLEY,2015-05-28,2023-06-10,plss_spatial
Restricted neonics,2000,60,21.6444,272.7105,0.698205,0.000255,3,5,BBS_CA_155_WESTLEY,2015-05-28,2023-06-10,plss_spatial
Spinosyns,2000,60,0.656,8.8794,0.000308,0.001865,2,6,BBS_CA_155_WESTLEY,2015-05-28,2023-06-10,plss_spatial
Diamides,5000,60,162.1315,1507.6773,0.078639,5.739616,14,29,BBS_CA_155_WESTLEY,2015-05-28,2023-06-10,plss_spatial
Organophosphates,5000,60,97.2374,65.8177,1.678177,367.623311,4,5,BBS_CA_155_WESTLEY,2015-05-28,2023-06-10,plss_spatial
Pyrethroids,5000,60,86.1676,1532.2266,0.0491,314.39551,19,49,BBS_CA_155_WESTLEY,2015-05-28,2023-06-10,plss_spatial
Restricted neonics,5000,60,92.3073,482.0181,2.975025,0.001086,6,8,BBS_CA_155_WESTLEY,2015-05-28,2023-06-10,plss_spatial
Spinosyns,5000,60,23.0605,175.5002,0.011502,0.024785,4,12,BBS_CA_155_WESTLEY,2015-05-28,2023-06-10,plss_spatial
Diamides,500,90,3.4329,36.1585,0.001586,0.220141,2,3,BBS_CA_155_WESTLEY,2015-05-28,2023-06-10,plss_spatial
Pyrethroids,500,90,2.8401,26.1841,0.002118,12.294888,1,5,BBS_CA_155_WESTLEY,2015-05-28,2023-06-10,plss_spatial
Restricted neonics,500,90,1.7615,22.1936,0.056821,2.1e-05,1,1,BBS_CA_155_WESTLEY,2015-05-28,2023-06-10,plss_spatial
Diamides,1000,90,11.3253,121.7426,0.005185,0.786212,5,11,BBS_CA_155_WESTLEY,2015-05-28,2023-06-10,plss_spatial
Organophosphates,1000,90,4.3212,2.3951,0.031297,13.437852,3,4,BBS_CA_155_WESTLEY,2015-05-28,2023-06-10,plss_spatial
Pyrethroids,1000,90,8.502,94.3876,0.005757,37.388055,5,16,BBS_CA_155_WESTLEY,2015-05-28,2023-06-10,plss_spatial
Restricted neonics,1000,90,6.8489,86.2932,0.220931,8.1e-05,3,5,BBS_CA_155_WESTLEY,2015-05-28,2023-06-10,plss_spatial
Spinosyns,1000,90,0.0108,0.2116,5e-06,4.7e-05,1,1,BBS_CA_155_WESTLEY,2015-05-28,2023-06-10,plss_spatial
Diamides,2000,90,37.8669,397.3082,0.017466,2.468198,7,15,BBS_CA_155_WESTLEY,2015-05-28,2023-06-10,plss_spatial
Organophosphates,2000,90,59.0271,32.5162,0.597445,247.654774,3,4,BBS_CA_155_WESTLEY,2015-05-28,2023-06-10,plss_spatial
Pyrethroids,2000,90,33.8974,578.5131,0.016397,144.739353,8,26,BBS_CA_155_WESTLEY,2015-05-28,2023-06-10,plss_spatial
Restricted neonics,2000,90,21.6444,272.7105,0.698205,0.000255,3,5,BBS_CA_155_WESTLEY,2015-05-28,2023-06-10,plss_spatial
Spinosyns,2000,90,0.8361,11.7794,0.000398,0.002045,3,11,BBS_CA_155_WESTLEY,2015-05-28,2023-06-10,plss_spatial
Diamides,5000,90,162.1315,1507.6773,0.078639,5.739616,14,29,BBS_CA_155_WESTLEY,2015-05-28,2023-06-10,plss_spatial
Organophosphates,5000,90,140.2597,175.7353,4.948204,486.290346,6,11,BBS_CA_155_WESTLEY,2015-05-28,2023-06-10,plss_spatial
Pyrethroids,5000,90,99.5661,1838.4484,0.055875,368.369355,19,60,BBS_CA_155_WESTLEY,2015-05-28,2023-06-10,plss_spatial
Restricted neonics,5000,90,92.3073,482.0181,2.975025,0.001086,6,8,BBS_CA_155_WESTLEY,2015-05-28,2023-06-10,plss_spatial
Spinosyns,5000,90,31.4292,310.2965,0.015686,0.033153,6,18,BBS_CA_155_WESTLEY,2015-05-28,2023-06-10,plss_spatial
Diamides,2000,30,2.8546,30.4858,0.001427,0.047577,1,1,BBS_CA_033_BAKERSFIELD,2015-05-28,2023-06-10,plss_spatial
Carbamates,5000,30,23.2715,7.3548,0.011636,3.115324,1,4,BBS_CA_033_BAKERSFIELD,2015-05-28,2023-06-10,plss_spatial
Diamides,5000,30,27.2555,291.1809,0.013628,0.454258,3,3,BBS_CA_033_BAKERSFIELD,2015-05-28,2023-06-10,plss_spatial
Organophosphates,5000,30,17.1186,16.9979,0.329203,48.910224,1,1,BBS_CA_033_BAKERSFIELD,2015-05-28,2023-06-10,plss_spatial
Pyrethroids,5000,30,3.6379,49.3446,0.001969,30.14331,6,15,BBS_CA_033_BAKERSFIELD,2015-05-28,2023-06-10,plss_spatial
Spinosyns,5000,30,1.7561,22.4886,0.00078,0.007702,1,2,BBS_CA_033_BAKERSFIELD,2015-05-28,2023-06-10,plss_spatial
Diamides,2000,60,2.8546,30.4858,0.001427,0.047577,1,1,BBS_CA_033_BAKERSFIELD,2015-05-28,2023-06-10,plss_spatial
Carbamates,5000,60,167.9815,296.7749,0.083991,22.487486,4,12,BBS_CA_033_BAKERSFIELD,2015-05-28,2023-06-10,plss_spatial
Diamides,5000,60,27.2555,291.1809,0.013628,0.454258,3,3,BBS_CA_033_BAKERSFIELD,2015-05-28,2023-06-10,plss_spatial
Organophosphates,5000,60,17.1186,16.9979,0.329203,48.910224,1,1,BBS_CA_033_BAKERSFIELD,2015-05-28,2023-06-10,plss_spatial
Pyrethroids,5000,60,3.9561,53.2514,0.002146,33.036579,6,22,BBS_CA_033_BAKERSFIELD,2015-05-28,2023-06-10,plss_spatial
Restricted neonics,5000,60,0.1324,0.3502,0.004272,2e-06,1,1,BBS_CA_033_BAKERSFIELD,2015-05-28,2023-06-10,plss_spatial
Spinosyns,5000,60,1.7561,22.4886,0.00078,0.007702,1,2,BBS_CA_033_BAKERSFIELD,2015-05-28,2023-06-10,plss_spatial
Diamides,2000,90,2.8546,30.4858,0.001427,0.047577,1,1,BBS_CA_033_BAKERSFIELD,2015-05-28,2023-06-10,plss_spatial
Organophosphates,2000,90,32.1975,33.297,0.821364,321.974556,4,7,BBS_CA_033_BAKERSFIELD,2015-05-28,2023-06-10,plss_spatial
Pyrethroids,2000,90,0.0514,1.6311,1.3e-05,0.223547,1,1,BBS_CA_033_BAKERSFIELD,2015-05-28,2023-06-10,plss_spatial
Carbamates,5000,90,175.3209,307.651,0.38727,23.453192,7,16,BBS_CA_033_BAKERSFIELD,2015-05-28,2023-06-10,plss_spatial
Diamides,5000,90,27.2555,291.1809,0.013628,0.454258,3,3,BBS_CA_033_BAKERSFIELD,2015-05-28,2023-06-10,plss_spatial
Organophosphates,5000,90,436.4538,562.6387,11.312378,4201.269209,15,40,BBS_CA_033_BAKERSFIELD,2015-05-28,2023-06-10,plss_spatial
Pyrethroids,5000,90,4.7385,71.8938,0.00244,37.947749,8,31,BBS_CA_033_BAKERSFIELD,2015-05-28,2023-06-10,plss_spatial
Restricted neonics,5000,90,0.1324,0.3502,0.004272,2e-06,1,1,BBS_CA_033_BAKERSFIELD,2015-05-28,2023-06-10,plss_spatial
Spinosyns,5000,90,1.7561,22.4886,0.00078,0.007702,1,2,BBS_CA_033_BAKERSFIELD,2015-05-28,2023-06-10,plss_spatial
Carbamates,500,30,3.6881,9.2204,0.001844,0.493728,1,4,BBS_CA_187_ZAMORA,2015-05-28,2023-06-10,plss_spatial
Pyrethroids,500,30,0.5988,25.7175,0.000152,2.603568,2,4,BBS_CA_187_ZAMORA,2015-05-28,2023-06-10,plss_spatial
Carbamates,1000,30,16.2527,40.6316,0.008126,2.175724,1,4,BBS_CA_187_ZAMORA,2015-05-28,2023-06-10,plss_spatial
Pyrethroids,1000,30,2.7247,116.8297,0.00069,11.846662,2,4,BBS_CA_187_ZAMORA,2015-05-28,2023-06-10,plss_spatial
Carbamates,2000,30,56.2015,140.5037,0.028101,7.523627,1,4,BBS_CA_187_ZAMORA,2015-05-28,2023-06-10,plss_spatial
Pyrethroids,2000,30,11.3509,475.8932,0.002874,49.351594,6,14,BBS_CA_187_ZAMORA,2015-05-28,2023-06-10,plss_spatial
Carbamates,5000,30,135.863,351.1116,18.936917,10.380336,4,8,BBS_CA_187_ZAMORA,2015-05-28,2023-06-10,plss_spatial
Diamides,5000,30,0.4557,5.2077,0.000203,0.039282,1,3,BBS_CA_187_ZAMORA,2015-05-28,2023-06-10,plss_spatial
Pyrethroids,5000,30,49.0235,1861.1229,0.01354,230.017608,22,44,BBS_CA_187_ZAMORA,2015-05-28,2023-06-10,plss_spatial
Restricted neonics,5000,30,1.453,117.3142,0.015631,1.5e-05,5,6,BBS_CA_187_ZAMORA,2015-05-28,2023-06-10,plss_spatial
Spinosyns,5000,30,0.2394,4.0446,0.000106,0.00105,2,2,BBS_CA_187_ZAMORA,2015-05-28,2023-06-10,plss_spatial
Carbamates,500,60,7.4544,50.3425,0.003727,0.997917,3,9,BBS_CA_187_ZAMORA,2015-05-28,2023-06-10,plss_spatial
Pyrethroids,500,60,0.761,31.1356,0.000193,3.30859,3,5,BBS_CA_187_ZAMORA,2015-05-28,2023-06-10,plss_spatial
Restricted neonics,500,60,2.6747,21.2273,0.08628,3.1e-05,2,2,BBS_CA_187_ZAMORA,2015-05-28,2023-06-10,plss_spatial
Carbamates,1000,60,29.8595,192.4103,0.01493,3.997258,3,9,BBS_CA_187_ZAMORA,2015-05-28,2023-06-10,plss_spatial
Pyrethroids,1000,60,3.3101,136.3884,0.000838,14.391687,3,5,BBS_CA_187_ZAMORA,2015-05-28,2023-06-10,plss_spatial
Restricted neonics,1000,60,9.7588,77.4497,0.314799,0.000115,2,2,BBS_CA_187_ZAMORA,2015-05-28,2023-06-10,plss_spatial
Carbamates,2000,60,98.3275,616.0767,0.142741,13.157732,6,12,BBS_CA_187_ZAMORA,2015-05-28,2023-06-10,plss_spatial
Diamides,2000,60,5.2594,42.1537,0.00263,0.087657,1,1,BBS_CA_187_ZAMORA,2015-05-28,2023-06-10,plss_spatial
Other neonics,2000,60,0.4775,5.094,0.004872,1e-05,1,1,BBS_CA_187_ZAMORA,2015-05-28,2023-06-10,plss_spatial
Pyrethroids,2000,60,13.4394,544.123,0.003448,58.374699,8,19,BBS_CA_187_ZAMORA,2015-05-28,2023-06-10,plss_spatial
Restricted neonics,2000,60,28.5955,226.9466,0.922435,0.000336,2,2,BBS_CA_187_ZAMORA,2015-05-28,2023-06-10,plss_spatial
Carbamates,5000,60,307.5424,1254.8762,19.849408,33.316479,12,23,BBS_CA_187_ZAMORA,2015-05-28,2023-06-10,plss_spatial
Diamides,5000,60,40.3812,325.2077,0.020165,0.704708,2,4,BBS_CA_187_ZAMORA,2015-05-28,2023-06-10,plss_spatial
Other neonics,5000,60,4.218,45.0,0.043041,8.5e-05,1,1,BBS_CA_187_ZAMORA,2015-05-28,2023-06-10,plss_spatial
Pyrethroids,5000,60,72.233,2415.9182,0.025731,322.936539,26,59,BBS_CA_187_ZAMORA,2015-05-28,2023-06-10,plss_spatial
Restricted neonics,5000,60,31.5282,464.7836,0.958146,0.000368,8,9,BBS_CA_187_ZAMORA,2015-05-28,2023-06-10,plss_spatial
Spinosyns,5000,60,0.2394,4.0446,0.000106,0.00105,2,2,BBS_CA_187_ZAMORA,2015-05-28,2023-06-10,plss_spatial
Carbamates,500,90,19.2505,56.2405,0.009625,2.577039,3,11,BBS_CA_187_ZAMORA,2015-05-28,2023-06-10,plss_spatial
Pyrethroids,500,90,0.761,31.1356,0.000193,3.30859,3,5,BBS_CA_187_ZAMORA,2015-05-28,2023-06-10,plss_spatial
Restricted neonics,500,90,5.9989,47.6363,0.193514,7.1e-05,2,6,BBS_CA_187_ZAMORA,2015-05-28,2023-06-10,plss_spatial
Carbamates,1000,90,73.9307,214.4459,0.036965,9.897013,3,11,BBS_CA_187_ZAMORA,2015-05-28,2023-06-10,plss_spatial
Pyrethroids,1000,90,3.3101,136.3884,0.000838,14.391687,3,5,BBS_CA_187_ZAMORA,2015-05-28,2023-06-10,plss_spatial
Restricted neonics,1000,90,22.1785,176.1165,0.715435,0.000261,2,6,BBS_CA_187_ZAMORA,2015-05-28,2023-06-10,plss_spatial
Carbamates,2000,90,229.5243,681.6751,0.20834,30.7209,6,14,BBS_CA_187_ZAMORA,2015-05-28,2023-06-10,plss_spatial
Diamides,2000,90,5.2594,42.1537,0.00263,0.087657,1,1,BBS_CA_187_ZAMORA,2015-05-28,2023-06-10,plss_spatial
Other neonics,2000,90,0.4775,5.094,0.004872,1e-05,1,1,BBS_CA_187_ZAMORA,2015-05-28,2023-06-10,plss_spatial
Pyrethroids,2000,90,14.116,567.7867,0.003619,61.316384,8,22,BBS_CA_187_ZAMORA,2015-05-28,2023-06-10,plss_spatial
Restricted neonics,2000,90,69.5846,552.5695,2.244663,0.000819,3,9,BBS_CA_187_ZAMORA,2015-05-28,2023-06-10,plss_spatial
Carbamates,5000,90,441.5424,1321.8762,19.916408,51.254899,12,25,BBS_CA_187_ZAMORA,2015-05-28,2023-06-10,plss_spatial
Diamides,5000,90,40.3812,325.2077,0.020165,0.704708,2,4,BBS_CA_187_ZAMORA,2015-05-28,2023-06-10,plss_spatial
Other neonics,5000,90,4.218,45.0,0.043041,8.5e-05,1,1,BBS_CA_187_ZAMORA,2015-05-28,2023-06-10,plss_spatial
Pyrethroids,5000,90,88.6538,2966.1236,0.029888,394.331267,28,69,BBS_CA_187_ZAMORA,2015-05-28,2023-06-10,plss_spatial
Restricted neonics,5000,90,104.9107,1047.6962,3.325324,0.001231,12,20,BBS_CA_187_ZAMORA,2015-05-28,2023-06-10,plss_spatial
Spinosyns,5000,90,0.2394,4.0446,0.000106,0.00105,2,2,BBS_CA_187_ZAMORA,2015-05-28,2023-06-10,plss_spatial
Pyrethroids,500,30,0.3928,14.0643,9.9e-05,1.707747,2,3,BBS_CA_012_PENNINGTON,2015-05-28,2023-06-10,plss_spatial
Pyrethroids,1000,30,1.4434,51.611,0.000365,6.275836,3,4,BBS_CA_012_PENNINGTON,2015-05-28,2023-06-10,plss_spatial
Pyrethroids,2000,30,4.8439,169.9763,0.001226,21.060511,8,18,BBS_CA_012_PENNINGTON,2015-05-28,2023-06-10,plss_spatial
Diamides,5000,30,2.995,34.2286,0.001331,0.25819,2,4,BBS_CA_012_PENNINGTON,2015-05-28,2023-06-10,plss_spatial
Organophosphates,5000,30,0.063,0.0314,0.001606,0.629513,1,1,BBS_CA_012_PENNINGTON,2015-05-28,2023-06-10,plss_spatial
Other neonics,5000,30,3.9646,33.0383,0.040455,8e-05,3,3,BBS_CA_012_PENNINGTON,2015-05-28,2023-06-10,plss_spatial
Pyrethroids,5000,30,90.4955,2354.0207,0.032009,361.501055,29,71,BBS_CA_012_PENNINGTON,2015-05-28,2023-06-10,plss_spatial
Restricted neonics,5000,30,0.0049,1.0,0.000157,0.0,1,1,BBS_CA_012_PENNINGTON,2015-05-28,2023-06-10,plss_spatial
Pyrethroids,500,60,0.3928,14.0643,9.9e-05,1.707747,2,3,BBS_CA_012_PENNINGTON,2015-05-28,2023-06-10,plss_spatial
Pyrethroids,1000,60,1.4434,51.611,0.000365,6.275836,3,4,BBS_CA_012_PENNINGTON,2015-05-28,2023-06-10,plss_spatial
Pyrethroids,2000,60,4.8439,169.9763,0.001226,21.060511,8,18,BBS_CA_012_PENNINGTON,2015-05-28,2023-06-10,plss_spatial
Diamides,5000,60,2.995,34.2286,0.001331,0.25819,2,4,BBS_CA_012_PENNINGTON,2015-05-28,2023-06-10,plss_spatial
Organophosphates,5000,60,0.063,0.0314,0.001606,0.629513,1,1,BBS_CA_012_PENNINGTON,2015-05-28,2023-06-10,plss_spatial
Other neonics,5000,60,3.9646,33.0383,0.040455,8e-05,3,3,BBS_CA_012_PENNINGTON,2015-05-28,2023-06-10,plss_spatial
Pyrethroids,5000,60,93.3678,2424.6594,0.033473,373.938478,31,76,BBS_CA_012_PENNINGTON,2015-05-28,2023-06-10,plss_spatial
Restricted neonics,5000,60,0.0049,1.0,0.000157,0.0,1,1,BBS_CA_012_PENNINGTON,2015-05-28,2023-06-10,plss_spatial
Pyrethroids,500,90,0.3928,14.0643,9.9e-05,1.707747,2,3,BBS_CA_012_PENNINGTON,2015-05-28,2023-06-10,plss_spatial
Pyrethroids,1000,90,1.4434,51.611,0.000365,6.275836,3,4,BBS_CA_012_PENNINGTON,2015-05-28,2023-06-10,plss_spatial
Pyrethroids,2000,90,4.8439,169.9763,0.001226,21.060511,8,18,BBS_CA_012_PENNINGTON,2015-05-28,2023-06-10,plss_spatial
Diamides,5000,90,2.995,34.2286,0.001331,0.25819,2,4,BBS_CA_012_PENNINGTON,2015-05-28,2023-06-10,plss_spatial
Organophosphates,5000,90,56.6631,113.1306,1.445486,566.630607,4,6,BBS_CA_012_PENNINGTON,2015-05-28,2023-06-10,plss_spatial
Other neonics,5000,90,3.9646,33.0383,0.040455,8e-05,3,3,BBS_CA_012_PENNINGTON,2015-05-28,2023-06-10,plss_spatial
Pyrethroids,5000,90,99.3161,2587.6689,0.036106,398.375461,31,84,BBS_CA_012_PENNINGTON,2015-05-28,2023-06-10,plss_spatial
Restricted neonics,5000,90,0.0049,1.0,0.000157,0.0,1,1,BBS_CA_012_PENNINGTON,2015-05-28,2023-06-10,plss_spatial
Spinosyns,5000,90,1.625,20.0,0.000722,0.007127,1,1,BBS_CA_012_PENNINGTON,2015-05-28,2023-06-10,plss_spatial
Pyrethroids,2000,30,1.1334,12.0486,0.00063,10.303904,1,2,BBS_CA_149_ATWATER,2015-05-28,2023-06-10,plss_spatial
Carbamates,5000,30,104.12,208.2401,0.05206,13.938426,2,3,BBS_CA_149_ATWATER,2015-05-28,2023-06-10,plss_spatial
Pyrethroids,5000,30,54.6543,747.6258,0.032683,436.390877,7,11,BBS_CA_149_ATWATER,2015-05-28,2023-06-10,plss_spatial
Restricted neonics,5000,30,78.7207,208.2401,2.539378,0.000926,2,3,BBS_CA_149_ATWATER,2015-05-28,2023-06-10,plss_spatial
Spinosyns,5000,30,0.1653,11.9665,7.3e-05,0.000725,1,3,BBS_CA_149_ATWATER,2015-05-28,2023-06-10,plss_spatial
Pyrethroids,2000,60,1.1334,12.0486,0.00063,10.303904,1,2,BBS_CA_149_ATWATER,2015-05-28,2023-06-10,plss_spatial
Carbamates,5000,60,149.5834,299.1667,0.074792,20.024547,2,6,BBS_CA_149_ATWATER,2015-05-28,2023-06-10,plss_spatial
Pyrethroids,5000,60,57.3368,809.0815,0.033362,448.053879,7,13,BBS_CA_149_ATWATER,2015-05-28,2023-06-10,plss_spatial
Restricted neonics,5000,60,113.0704,299.1667,3.647431,0.00133,2,6,BBS_CA_149_ATWATER,2015-05-28,2023-06-10,plss_spatial
Spinosyns,5000,60,0.1653,11.9665,7.3e-05,0.000725,1,3,BBS_CA_149_ATWATER,2015-05-28,2023-06-10,plss_spatial
Organophosphates,2000,90,27.7077,26.07,0.07718,39.582445,2,2,BBS_CA_149_ATWATER,2015-05-28,2023-06-10,plss_spatial
Pyrethroids,2000,90,1.7455,38.1186,0.000936,12.414518,3,4,BBS_CA_149_ATWATER,2015-05-28,2023-06-10,plss_spatial
Carbamates,5000,90,149.5834,299.1667,0.074792,20.024547,2,6,BBS_CA_149_ATWATER,2015-05-28,2023-06-10,plss_spatial
Organophosphates,5000,90,385.0634,381.4756,1.492552,567.3806,5,11,BBS_CA_149_ATWATER,2015-05-28,2023-06-10,plss_spatial
Pyrethroids,5000,90,65.0439,1137.2194,0.037216,474.629982,10,17,BBS_CA_149_ATWATER,2015-05-28,2023-06-10,plss_spatial
Restricted neonics,5000,90,113.0704,299.1667,3.647431,0.00133,2,6,BBS_CA_149_ATWATER,2015-05-28,2023-06-10,plss_spatial
Spinosyns,5000,90,0.1653,11.9665,7.3e-05,0.000725,1,3,BBS_CA_149_ATWATER,2015-05-28,2023-06-10,plss_spatial
Spinosyns,500,30,0.0,0.0892,0.0,0.0,1,2,BBS_CA_080_ORLAND,2015-05-28,2023-06-10,plss_spatial
Spinosyns,1000,30,0.0004,1.8469,0.0,0.0,2,3,BBS_CA_080_ORLAND,2015-05-28,2023-06-10,plss_spatial
Spinosyns,2000,30,0.0059,26.6364,3e-06,6e-06,2,3,BBS_CA_080_ORLAND,2015-05-28,2023-06-10,plss_spatial
Pyrethroids,5000,30,3.733,84.9331,0.001475,20.327423,3,5,BBS_CA_080_ORLAND,2015-05-28,2023-06-10,plss_spatial
Spinosyns,5000,30,0.9641,321.4322,0.000433,0.003968,7,11,BBS_CA_080_ORLAND,2015-05-28,2023-06-10,plss_spatial
Spinosyns,500,60,0.0,0.0892,0.0,0.0,1,2,BBS_CA_080_ORLAND,2015-05-28,2023-06-10,plss_spatial
Spinosyns,1000,60,0.0004,1.8469,0.0,0.0,2,3,BBS_CA_080_ORLAND,2015-05-28,2023-06-10,plss_spatial
Spinosyns,2000,60,0.0059,26.6364,3e-06,6e-06,2,3,BBS_CA_080_ORLAND,2015-05-28,2023-06-10,plss_spatial
Organophosphates,5000,60,10.1003,20.0,0.257662,101.003448,1,1,BBS_CA_080_ORLAND,2015-05-28,2023-06-10,plss_spatial
Pyrethroids,5000,60,12.3485,150.7034,0.006736,85.666298,5,10,BBS_CA_080_ORLAND,2015-05-28,2023-06-10,plss_spatial
Spinosyns,5000,60,0.9641,321.4322,0.000433,0.003968,7,11,BBS_CA_080_ORLAND,2015-05-28,2023-06-10,plss_spatial
Spinosyns,500,90,0.0,0.0892,0.0,0.0,1,2,BBS_CA_080_ORLAND,2015-05-28,2023-06-10,plss_spatial
Spinosyns,1000,90,0.0004,1.8469,0.0,0.0,2,3,BBS_CA_080_ORLAND,2015-05-28,2023-06-10,plss_spatial
Spinosyns,2000,90,0.0059,26.6364,3e-06,6e-06,2,3,BBS_CA_080_ORLAND,2015-05-28,2023-06-10,plss_spatial
Organophosphates,5000,90,42.7486,54.0,0.348604,147.643827,2,3,BBS_CA_080_ORLAND,2015-05-28,2023-06-10,plss_spatial
Pyrethroids,5000,90,15.7706,185.4876,0.00709,91.458103,6,13,BBS_CA_080_ORLAND,2015-05-28,2023-06-10,plss_spatial
Spinosyns,5000,90,0.9681,339.9322,0.000435,0.003972,7,12,BBS_CA_080_ORLAND,2015-05-28,2023-06-10,plss_spatial
Pyrethroids,5000,30,12.168,97.0775,0.006761,110.602421,2,2,BBS_CA_026_OILFIELDS,2015-05-28,2023-06-10,plss_spatial
Spinosyns,5000,30,10.348,110.971,0.005174,0.010348,1,4,BBS_CA_026_OILFIELDS,2015-05-28,2023-06-10,plss_spatial
Pyrethroids,2000,60,0.2294,5.4757,5.8e-05,0.997312,1,1,BBS_CA_026_OILFIELDS,2015-05-28,2023-06-10,plss_spatial
Restricted neonics,2000,60,1.022,10.239,0.002377,2.6e-05,1,2,BBS_CA_026_OILFIELDS,2015-05-28,2023-06-10,plss_spatial
Carbamates,5000,60,73.35,163.0,3.030992,9.651316,1,1,BBS_CA_026_OILFIELDS,2015-05-28,2023-06-10,plss_spatial
Diamides,5000,60,0.1052,1.1818,4.7e-05,0.009066,1,3,BBS_CA_026_OILFIELDS,2015-05-28,2023-06-10,plss_spatial
Organophosphates,5000,60,326.9094,159.9731,8.339525,3269.09361,2,4,BBS_CA_026_OILFIELDS,2015-05-28,2023-06-10,plss_spatial
Pyrethroids,5000,60,61.1866,1213.0116,0.021601,361.848902,9,10,BBS_CA_026_OILFIELDS,2015-05-28,2023-06-10,plss_spatial
Restricted neonics,5000,60,90.0028,901.7195,0.209309,0.00225,6,7,BBS_CA_026_OILFIELDS,2015-05-28,2023-06-10,plss_spatial
Spinosyns,5000,60,10.348,110.971,0.005174,0.010348,1,4,BBS_CA_026_OILFIELDS,2015-05-28,2023-06-10,plss_spatial
Pyrethroids,2000,90,0.2294,5.4757,5.8e-05,0.997312,1,1,BBS_CA_026_OILFIELDS,2015-05-28,2023-06-10,plss_spatial
Restricted neonics,2000,90,1.022,10.239,0.002377,2.6e-05,1,2,BBS_CA_026_OILFIELDS,2015-05-28,2023-06-10,plss_spatial
Carbamates,5000,90,73.35,163.0,3.030992,9.651316,1,1,BBS_CA_026_OILFIELDS,2015-05-28,2023-06-10,plss_spatial
Diamides,5000,90,0.1052,1.1818,4.7e-05,0.009066,1,3,BBS_CA_026_OILFIELDS,2015-05-28,2023-06-10,plss_spatial
Organophosphates,5000,90,326.9712,160.0063,8.341103,3269.712497,3,5,BBS_CA_026_OILFIELDS,2015-05-28,2023-06-10,plss_spatial
Pyrethroids,5000,90,61.1866,1213.0116,0.021601,361.848902,9,10,BBS_CA_026_OILFIELDS,2015-05-28,2023-06-10,plss_spatial
Restricted neonics,5000,90,90.0028,901.7195,0.209309,0.00225,6,7,BBS_CA_026_OILFIELDS,2015-05-28,2023-06-10,plss_spatial
Spinosyns,5000,90,10.7433,115.0071,0.005372,0.010743,2,6,BBS_CA_026_OILFIELDS,2015-05-28,2023-06-10,plss_spatial
Pyrethroids,1000,30,0.0991,2.6227,5e-05,0.341649,1,2,BBS_CA_089_NILAND,2015-05-28,2023-06-10,plss_spatial
Pyrethroids,2000,30,2.4681,65.3327,0.001234,8.510666,1,2,BBS_CA_089_NILAND,2015-05-28,2023-06-10,plss_spatial
Carbamates,5000,30,13.996,25.9186,0.578349,1.841584,1,1,BBS_CA_089_NILAND,2015-05-28,2023-06-10,plss_spatial
Pyrethroids,5000,30,5.5491,140.9186,0.00309,19.442629,2,3,BBS_CA_089_NILAND,2015-05-28,2023-06-10,plss_spatial
Diamides,1000,60,0.0819,0.7982,3.6e-05,0.004097,1,1,BBS_CA_089_NILAND,2015-05-28,2023-06-10,plss_spatial
Pyrethroids,1000,60,0.0991,2.6227,5e-05,0.341649,1,2,BBS_CA_089_NILAND,2015-05-28,2023-06-10,plss_spatial
Diamides,2000,60,2.0414,19.8839,0.000907,0.102069,1,1,BBS_CA_089_NILAND,2015-05-28,2023-06-10,plss_spatial
Pyrethroids,2000,60,2.4681,65.3327,0.001234,8.510666,1,2,BBS_CA_089_NILAND,2015-05-28,2023-06-10,plss_spatial
Carbamates,5000,60,13.996,25.9186,0.578349,1.841584,1,1,BBS_CA_089_NILAND,2015-05-28,2023-06-10,plss_spatial
Diamides,5000,60,3.5933,35.0,0.001597,0.179664,1,1,BBS_CA_089_NILAND,2015-05-28,2023-06-10,plss_spatial
Organophosphates,5000,60,713.0926,189.76,18.191139,7130.926446,1,7,BBS_CA_089_NILAND,2015-05-28,2023-06-10,plss_spatial
Pyrethroids,5000,60,5.5491,140.9186,0.00309,19.442629,2,3,BBS_CA_089_NILAND,2015-05-28,2023-06-10,plss_spatial
Organophosphates,500,90,5.2395,10.6125,0.498996,0.00262,1,1,BBS_CA_089_NILAND,2015-05-28,2023-06-10,plss_spatial
Pyrethroids,500,90,0.323,10.6125,8.2e-05,1.404142,1,1,BBS_CA_089_NILAND,2015-05-28,2023-06-10,plss_spatial
Spinosyns,500,90,0.888,11.3705,0.000395,0.003895,1,1,BBS_CA_089_NILAND,2015-05-28,2023-06-10,plss_spatial
Diamides,1000,90,0.0819,0.7982,3.6e-05,0.004097,1,1,BBS_CA_089_NILAND,2015-05-28,2023-06-10,plss_spatial
Organophosphates,1000,90,18.8665,38.2137,1.796806,0.009433,1,1,BBS_CA_089_NILAND,2015-05-28,2023-06-10,plss_spatial
Pyrethroids,1000,90,1.262,40.8364,0.000344,5.397741,2,3,BBS_CA_089_NILAND,2015-05-28,2023-06-10,plss_spatial
Spinosyns,1000,90,3.4025,43.566,0.001512,0.014923,2,3,BBS_CA_089_NILAND,2015-05-28,2023-06-10,plss_spatial
Diamides,2000,90,2.0414,19.8839,0.000907,0.102069,1,1,BBS_CA_089_NILAND,2015-05-28,2023-06-10,plss_spatial
Organophosphates,2000,90,34.5596,70.0,3.291392,0.01728,1,1,BBS_CA_089_NILAND,2015-05-28,2023-06-10,plss_spatial
Pyrethroids,2000,90,5.2289,157.6666,0.001933,20.514076,3,6,BBS_CA_089_NILAND,2015-05-28,2023-06-10,plss_spatial
Spinosyns,2000,90,11.8993,158.0409,0.005289,0.05219,4,8,BBS_CA_089_NILAND,2015-05-28,2023-06-10,plss_spatial
Carbamates,5000,90,22.1818,35.9234,0.916602,2.918655,2,2,BBS_CA_089_NILAND,2015-05-28,2023-06-10,plss_spatial
Diamides,5000,90,3.5933,35.0,0.001597,0.179664,1,1,BBS_CA_089_NILAND,2015-05-28,2023-06-10,plss_spatial
Organophosphates,5000,90,747.6523,259.76,21.482531,7130.943726,2,8,BBS_CA_089_NILAND,2015-05-28,2023-06-10,plss_spatial
Pyrethroids,5000,90,10.6722,316.9186,0.004387,41.716695,4,7,BBS_CA_089_NILAND,2015-05-28,2023-06-10,plss_spatial
Spinosyns,5000,90,47.4977,579.3489,0.021286,0.197616,6,11,BBS_CA_089_NILAND,2015-05-28,2023-06-10,plss_spatial
Diamides,5000,30,0.0656,0.7024,2.9e-05,0.003278,2,2,BBS_CA_055_LAKE_SUCCESS,2015-05-28,2023-06-10,plss_spatial
Organophosphates,5000,30,0.1791,0.0635,0.004568,1.790745,1,1,BBS_CA_055_LAKE_SUCCESS,2015-05-28,2023-06-10,plss_spatial
Pyrethroids,5000,30,0.0048,0.0899,2e-06,0.017667,3,5,BBS_CA_055_LAKE_SUCCESS,2015-05-28,2023-06-10,plss_spatial
Restricted neonics,5000,30,0.0329,0.0906,0.001061,0.0,1,5,BBS_CA_055_LAKE_SUCCESS,2015-05-28,2023-06-10,plss_spatial
Spinosyns,5000,30,0.0279,0.4899,1.2e-05,0.000122,2,7,BBS_CA_055_LAKE_SUCCESS,2015-05-28,2023-06-10,plss_spatial
Pyrethroids,500,60,0.0,0.0,0.0,3e-06,1,2,BBS_CA_055_LAKE_SUCCESS,2015-05-28,2023-06-10,plss_spatial
Pyrethroids,1000,60,0.0002,0.0045,0.0,0.00084,1,2,BBS_CA_055_LAKE_SUCCESS,2015-05-28,2023-06-10,plss_spatial
Pyrethroids,2000,60,0.0015,0.0279,1e-06,0.005179,2,3,BBS_CA_055_LAKE_SUCCESS,2015-05-28,2023-06-10,plss_spatial
Spinosyns,2000,60,0.0,0.0,0.0,0.0,1,1,BBS_CA_055_LAKE_SUCCESS,2015-05-28,2023-06-10,plss_spatial
Diamides,5000,60,0.119,1.1753,5.3e-05,0.006168,5,14,BBS_CA_055_LAKE_SUCCESS,2015-05-28,2023-06-10,plss_spatial
Organophosphates,5000,60,1.2193,1.4228,0.031106,12.193419,3,12,BBS_CA_055_LAKE_SUCCESS,2015-05-28,2023-06-10,plss_spatial
Pyrethroids,5000,60,0.1356,0.4933,0.000121,0.271837,8,16,BBS_CA_055_LAKE_SUCCESS,2015-05-28,2023-06-10,plss_spatial
Restricted neonics,5000,60,0.0329,0.0906,0.001061,0.0,1,5,BBS_CA_055_LAKE_SUCCESS,2015-05-28,2023-06-10,plss_spatial
Spinosyns,5000,60,0.1056,1.8615,4.7e-05,0.000463,6,21,BBS_CA_055_LAKE_SUCCESS,2015-05-28,2023-06-10,plss_spatial
Pyrethroids,500,90,0.0,0.0,0.0,3e-06,1,2,BBS_CA_055_LAKE_SUCCESS,2015-05-28,2023-06-10,plss_spatial
Pyrethroids,1000,90,0.0002,0.0045,0.0,0.00084,1,2,BBS_CA_055_LAKE_SUCCESS,2015-05-28,2023-06-10,plss_spatial
Pyrethroids,2000,90,0.0015,0.0279,1e-06,0.005179,2,3,BBS_CA_055_LAKE_SUCCESS,2015-05-28,2023-06-10,plss_spatial
Spinosyns,2000,90,0.0,0.0,0.0,0.0,1,1,BBS_CA_055_LAKE_SUCCESS,2015-05-28,2023-06-10,plss_spatial
Diamides,5000,90,0.119,1.1753,5.3e-05,0.006168,5,14,BBS_CA_055_LAKE_SUCCESS,2015-05-28,2023-06-10,plss_spatial
Organophosphates,5000,90,1.2193,1.4228,0.031106,12.193419,3,12,BBS_CA_055_LAKE_SUCCESS,2015-05-28,2023-06-10,plss_spatial
Pyrethroids,5000,90,0.136,0.5017,0.000121,0.27454,8,18,BBS_CA_055_LAKE_SUCCESS,2015-05-28,2023-06-10,plss_spatial
Restricted neonics,5000,90,0.0329,0.0906,0.001061,0.0,1,5,BBS_CA_055_LAKE_SUCCESS,2015-05-28,2023-06-10,plss_spatial
Spinosyns,5000,90,0.1056,1.8615,4.7e-05,0.000463,6,21,BBS_CA_055_LAKE_SUCCESS,2015-05-28,2023-06-10,plss_spatial
Organophosphates,2000,30,2.3183,9.3655,0.220787,0.001159,1,1,BBS_CA_196_ORA_LOMA,2015-05-28,2023-06-10,plss_spatial
Pyrethroids,2000,30,2.3293,32.4026,0.000794,9.68904,2,6,BBS_CA_196_ORA_LOMA,2015-05-28,2023-06-10,plss_spatial
Restricted neonics,2000,30,0.1245,2.1702,0.000216,1e-06,1,1,BBS_CA_196_ORA_LOMA,2015-05-28,2023-06-10,plss_spatial
Spinosyns,2000,30,0.5256,14.0483,0.000234,0.002305,1,2,BBS_CA_196_ORA_LOMA,2015-05-28,2023-06-10,plss_spatial
Carbamates,5000,30,52.656,105.312,0.026328,7.048997,1,1,BBS_CA_196_ORA_LOMA,2015-05-28,2023-06-10,plss_spatial
Organophosphates,5000,30,27.2286,110.0,2.593197,0.013614,1,1,BBS_CA_196_ORA_LOMA,2015-05-28,2023-06-10,plss_spatial
Other neonics,5000,30,27.187,182.7573,0.277419,0.000546,2,2,BBS_CA_196_ORA_LOMA,2015-05-28,2023-06-10,plss_spatial
Pyrethroids,5000,30,96.0056,1288.3023,0.040173,621.094274,7,15,BBS_CA_196_ORA_LOMA,2015-05-28,2023-06-10,plss_spatial
Restricted neonics,5000,30,77.6706,477.236,2.104401,0.000891,5,7,BBS_CA_196_ORA_LOMA,2015-05-28,2023-06-10,plss_spatial
Spinosyns,5000,30,14.7727,347.7573,0.006566,0.064793,3,4,BBS_CA_196_ORA_LOMA,2015-05-28,2023-06-10,plss_spatial
Pyrethroids,500,60,4.5528,78.6669,0.002648,22.453636,4,17,BBS_CA_196_ORA_LOMA,2015-05-28,2023-06-10,plss_spatial
Pyrethroids,1000,60,23.1986,372.5571,0.013304,128.544183,4,17,BBS_CA_196_ORA_LOMA,2015-05-28,2023-06-10,plss_spatial
Organophosphates,2000,60,2.3183,9.3655,0.220787,0.001159,1,1,BBS_CA_196_ORA_LOMA,2015-05-28,2023-06-10,plss_spatial
Other neonics,2000,60,0.5829,5.7896,0.005948,1.2e-05,1,1,BBS_CA_196_ORA_LOMA,2015-05-28,2023-06-10,plss_spatial
Pyrethroids,2000,60,96.8428,1464.9419,0.054487,549.469833,8,31,BBS_CA_196_ORA_LOMA,2015-05-28,2023-06-10,plss_spatial
Restricted neonics,2000,60,4.5248,30.2668,0.142163,5.3e-05,2,4,BBS_CA_196_ORA_LOMA,2015-05-28,2023-06-10,plss_spatial
Spinosyns,2000,60,0.5256,14.0483,0.000234,0.002305,1,2,BBS_CA_196_ORA_LOMA,2015-05-28,2023-06-10,plss_spatial
Carbamates,5000,60,251.3272,458.8486,2.137452,33.532028,3,5,BBS_CA_196_ORA_LOMA,2015-05-28,2023-06-10,plss_spatial
Organophosphates,5000,60,27.2286,110.0,2.593197,0.013614,1,1,BBS_CA_196_ORA_LOMA,2015-05-28,2023-06-10,plss_spatial
Other neonics,5000,60,72.9778,550.3313,0.744672,0.001465,4,6,BBS_CA_196_ORA_LOMA,2015-05-28,2023-06-10,plss_spatial
Pyrethroids,5000,60,266.4423,3867.6392,0.127811,1447.328272,14,45,BBS_CA_196_ORA_LOMA,2015-05-28,2023-06-10,plss_spatial
Restricted neonics,5000,60,218.3307,1138.664,6.634907,0.002545,7,16,BBS_CA_196_ORA_LOMA,2015-05-28,2023-06-10,plss_spatial
Spinosyns,5000,60,25.5242,530.5146,0.011344,0.111948,3,6,BBS_CA_196_ORA_LOMA,2015-05-28,2023-06-10,plss_spatial
Pyrethroids,500,90,5.2694,97.1862,0.002829,25.56927,4,21,BBS_CA_196_ORA_LOMA,2015-05-28,2023-06-10,plss_spatial
Pyrethroids,1000,90,26.2623,451.6989,0.01408,141.864383,4,21,BBS_CA_196_ORA_LOMA,2015-05-28,2023-06-10,plss_spatial
Carbamates,2000,90,0.7596,2.1702,0.00038,0.101684,1,1,BBS_CA_196_ORA_LOMA,2015-05-28,2023-06-10,plss_spatial
Organophosphates,2000,90,2.3183,9.3655,0.220787,0.001159,1,1,BBS_CA_196_ORA_LOMA,2015-05-28,2023-06-10,plss_spatial
Other neonics,2000,90,1.3112,13.0266,0.013379,2.6e-05,1,2,BBS_CA_196_ORA_LOMA,2015-05-28,2023-06-10,plss_spatial
Pyrethroids,2000,90,108.0846,1755.2467,0.057333,598.347135,8,36,BBS_CA_196_ORA_LOMA,2015-05-28,2023-06-10,plss_spatial
Restricted neonics,2000,90,4.5248,30.2668,0.142163,5.3e-05,2,4,BBS_CA_196_ORA_LOMA,2015-05-28,2023-06-10,plss_spatial
Spinosyns,2000,90,0.5256,14.0483,0.000234,0.002305,1,2,BBS_CA_196_ORA_LOMA,2015-05-28,2023-06-10,plss_spatial
Carbamates,5000,90,376.6552,745.5046,2.200116,50.309535,4,7,BBS_CA_196_ORA_LOMA,2015-05-28,2023-06-10,plss_spatial
Organophosphates,5000,90,174.0293,306.641,5.273978,1066.644351,4,7,BBS_CA_196_ORA_LOMA,2015-05-28,2023-06-10,plss_spatial
Other neonics,5000,90,100.5718,763.3313,1.026243,0.00202,4,8,BBS_CA_196_ORA_LOMA,2015-05-28,2023-06-10,plss_spatial
Pyrethroids,5000,90,289.9559,4502.6392,0.133764,1549.561313,15,52,BBS_CA_196_ORA_LOMA,2015-05-28,2023-06-10,plss_spatial
Restricted neonics,5000,90,218.8289,1142.6172,6.650976,0.002551,7,18,BBS_CA_196_ORA_LOMA,2015-05-28,2023-06-10,plss_spatial
Spinosyns,5000,90,32.5512,658.5146,0.014467,0.142768,3,7,BBS_CA_196_ORA_LOMA,2015-05-28,2023-06-10,plss_spatial
Spinosyns,2000,30,0.003,0.0323,1e-06,1.3e-05,1,1,BBS_CA_125_MARICOPA,2015-05-28,2023-06-10,plss_spatial
Diamides,5000,30,0.0556,0.3793,2.5e-05,0.002779,1,1,BBS_CA_125_MARICOPA,2015-05-28,2023-06-10,plss_spatial
Organophosphates,5000,30,0.8073,2.2193,0.002307,1.2e-05,1,2,BBS_CA_125_MARICOPA,2015-05-28,2023-06-10,plss_spatial
Pyrethroids,5000,30,0.1064,2.5664,2.8e-05,0.459781,2,2,BBS_CA_125_MARICOPA,2015-05-28,2023-06-10,plss_spatial
Restricted neonics,5000,30,20.3661,40.7576,0.656971,0.00024,2,6,BBS_CA_125_MARICOPA,2015-05-28,2023-06-10,plss_spatial
Spinosyns,5000,30,3.4779,28.6865,0.001725,0.004315,6,11,BBS_CA_125_MARICOPA,2015-05-28,2023-06-10,plss_spatial
Pyrethroids,2000,60,0.01,0.3252,5e-06,0.034427,1,2,BBS_CA_125_MARICOPA,2015-05-28,2023-06-10,plss_spatial
Spinosyns,2000,60,0.0612,0.6564,2.7e-05,0.000268,2,4,BBS_CA_125_MARICOPA,2015-05-28,2023-06-10,plss_spatial
Diamides,5000,60,0.2188,1.4933,9.7e-05,0.010939,1,6,BBS_CA_125_MARICOPA,2015-05-28,2023-06-10,plss_spatial
Organophosphates,5000,60,8.8422,3.7083,0.20728,80.349608,2,4,BBS_CA_125_MARICOPA,2015-05-28,2023-06-10,plss_spatial
Pyrethroids,5000,60,0.5639,13.5764,0.000256,2.889806,5,13,BBS_CA_125_MARICOPA,2015-05-28,2023-06-10,plss_spatial
Restricted neonics,5000,60,21.4526,45.0575,0.69202,0.000252,2,7,BBS_CA_125_MARICOPA,2015-05-28,2023-06-10,plss_spatial
Spinosyns,5000,60,14.2937,116.8801,0.007058,0.019688,7,25,BBS_CA_125_MARICOPA,2015-05-28,2023-06-10,plss_spatial
Pyrethroids,2000,90,0.01,0.3252,5e-06,0.034427,1,2,BBS_CA_125_MARICOPA,2015-05-28,2023-06-10,plss_spatial
Spinosyns,2000,90,0.0612,0.6564,2.7e-05,0.000268,2,4,BBS_CA_125_MARICOPA,2015-05-28,2023-06-10,plss_spatial
Diamides,5000,90,0.3507,3.2158,0.000156,0.022309,1,12,BBS_CA_125_MARICOPA,2015-05-28,2023-06-10,plss_spatial
Organophosphates,5000,90,9.3416,4.818,0.220018,85.343079,2,5,BBS_CA_125_MARICOPA,2015-05-28,2023-06-10,plss_spatial
Pyrethroids,5000,90,2.4122,18.015,0.001954,6.377213,5,15,BBS_CA_125_MARICOPA,2015-05-28,2023-06-10,plss_spatial
Restricted neonics,5000,90,22.0114,46.1672,0.710047,0.000259,2,8,BBS_CA_125_MARICOPA,2015-05-28,2023-06-10,plss_spatial
Spinosyns,5000,90,14.2937,116.8801,0.007058,0.019688,7,25,BBS_CA_125_MARICOPA,2015-05-28,2023-06-10,plss_spatial
Diamides,5000,30,0.2833,4.318,0.000126,0.024422,1,2,BBS_CA_100_WISTER,2015-05-28,2023-06-10,plss_spatial
Diamides,5000,60,0.5457,9.318,0.000243,0.047046,2,3,BBS_CA_100_WISTER,2015-05-28,2023-06-10,plss_spatial
Pyrethroids,2000,90,0.0738,0.3755,8e-06,0.123013,1,1,BBS_CA_100_WISTER,2015-05-28,2023-06-10,plss_spatial
Diamides,5000,90,0.5457,9.318,0.000243,0.047046,2,3,BBS_CA_100_WISTER,2015-05-28,2023-06-10,plss_spatial
Pyrethroids,5000,90,2.3588,12.0,0.000241,3.931405,1,1,BBS_CA_100_WISTER,2015-05-28,2023-06-10,plss_spatial
Restricted neonics,5000,90,3.9391,39.5701,0.009161,9.8e-05,1,1,BBS_CA_100_WISTER,2015-05-28,2023-06-10,plss_spatial
Spinosyns,5000,30,0.2595,4.1802,0.00013,0.00026,1,3,BBS_CA_252_Hollister_2,2015-05-28,2023-06-10,plss_spatial
Spinosyns,5000,60,0.8435,13.5855,0.000422,0.000844,1,9,BBS_CA_252_Hollister_2,2015-05-28,2023-06-10,plss_spatial
Spinosyns,5000,90,0.8435,13.5855,0.000422,0.000844,1,9,BBS_CA_252_Hollister_2,2015-05-28,2023-06-10,plss_spatial
Restricted neonics,5000,30,0.4749,7.4347,0.001104,1.2e-05,1,1,BBS_CA_302_GLEN_ELLEN_2,2015-05-28,2023-06-10,plss_spatial
Spinosyns,5000,30,0.0136,5.0,7e-06,1.4e-05,1,1,BBS_CA_302_GLEN_ELLEN_2,2015-05-28,2023-06-10,plss_spatial
Pyrethroids,5000,60,0.6375,15.0,0.000319,3.984375,1,3,BBS_CA_302_GLEN_ELLEN_2,2015-05-28,2023-06-10,plss_spatial
Restricted neonics,5000,60,2.152,20.8751,0.050465,3.4e-05,2,3,BBS_CA_302_GLEN_ELLEN_2,2015-05-28,2023-06-10,plss_spatial
Spinosyns,5000,60,0.2296,30.0,0.000115,0.00023,2,6,BBS_CA_302_GLEN_ELLEN_2,2015-05-28,2023-06-10,plss_spatial
Pyrethroids,5000,90,0.8625,30.0,0.000431,5.390625,1,6,BBS_CA_302_GLEN_ELLEN_2,2015-05-28,2023-06-10,plss_spatial
Restricted neonics,5000,90,2.152,20.8751,0.050465,3.4e-05,2,3,BBS_CA_302_GLEN_ELLEN_2,2015-05-28,2023-06-10,plss_spatial
Spinosyns,5000,90,0.417,45.0,0.000208,0.000417,2,9,BBS_CA_302_GLEN_ELLEN_2,2015-05-28,2023-06-10,plss_spatial
Pyrethroids,5000,30,7.6943,387.8045,0.001948,33.453537,6,25,BBS_CA_148_GLENN,2015-05-28,2023-06-10,plss_spatial
Pyrethroids,5000,60,7.8166,391.7155,0.001979,33.985254,7,26,BBS_CA_148_GLENN,2015-05-28,2023-06-10,plss_spatial
Organophosphates,5000,90,18.0073,30.3054,0.354603,140.55647,3,5,BBS_CA_148_GLENN,2015-05-28,2023-06-10,plss_spatial
Pyrethroids,5000,90,8.8823,422.0209,0.002191,37.600756,7,31,BBS_CA_148_GLENN,2015-05-28,2023-06-10,plss_spatial
Organophosphates,500,30,0.6341,1.3364,0.016176,6.340839,1,2,BBS_CA_168_MACDOEL,2015-05-28,2023-06-10,plss_spatial
Pyrethroids,500,30,0.0322,1.3364,8e-06,0.14006,1,2,BBS_CA_168_MACDOEL,2015-05-28,2023-06-10,plss_spatial
Organophosphates,1000,30,7.2148,15.206,0.184052,72.148443,1,2,BBS_CA_168_MACDOEL,2015-05-28,2023-06-10,plss_spatial
Pyrethroids,1000,30,0.3665,15.206,9.3e-05,1.593657,1,2,BBS_CA_168_MACDOEL,2015-05-28,2023-06-10,plss_spatial
Organophosphates,2000,30,36.0018,75.8772,0.918414,360.018231,1,2,BBS_CA_168_MACDOEL,2015-05-28,2023-06-10,plss_spatial
Pyrethroids,2000,30,1.829,75.8772,0.000463,7.952294,1,2,BBS_CA_168_MACDOEL,2015-05-28,2023-06-10,plss_spatial
Organophosphates,5000,30,153.4479,319.2962,8.225749,916.212159,5,12,BBS_CA_168_MACDOEL,2015-05-28,2023-06-10,plss_spatial
Pyrethroids,5000,30,11.4569,430.9478,0.0029,49.812554,5,14,BBS_CA_168_MACDOEL,2015-05-28,2023-06-10,plss_spatial
Organophosphates,500,60,0.6341,1.3364,0.016176,6.340839,1,2,BBS_CA_168_MACDOEL,2015-05-28,2023-06-10,plss_spatial
Pyrethroids,500,60,0.0322,1.3364,8e-06,0.14006,1,2,BBS_CA_168_MACDOEL,2015-05-28,2023-06-10,plss_spatial
Organophosphates,1000,60,7.2148,15.206,0.184052,72.148443,1,2,BBS_CA_168_MACDOEL,2015-05-28,2023-06-10,plss_spatial
Pyrethroids,1000,60,0.3665,15.206,9.3e-05,1.593657,1,2,BBS_CA_168_MACDOEL,2015-05-28,2023-06-10,plss_spatial
Organophosphates,2000,60,36.0018,75.8772,0.918414,360.018231,1,2,BBS_CA_168_MACDOEL,2015-05-28,2023-06-10,plss_spatial
Pyrethroids,2000,60,1.829,75.8772,0.000463,7.952294,1,2,BBS_CA_168_MACDOEL,2015-05-28,2023-06-10,plss_spatial
Organophosphates,5000,60,153.4479,319.2962,8.225749,916.212159,5,12,BBS_CA_168_MACDOEL,2015-05-28,2023-06-10,plss_spatial
Pyrethroids,5000,60,11.4569,430.9478,0.0029,49.812554,5,14,BBS_CA_168_MACDOEL,2015-05-28,2023-06-10,plss_spatial
Organophosphates,500,90,0.6341,1.3364,0.016176,6.340839,1,2,BBS_CA_168_MACDOEL,2015-05-28,2023-06-10,plss_spatial
Pyrethroids,500,90,0.0322,1.3364,8e-06,0.14006,1,2,BBS_CA_168_MACDOEL,2015-05-28,2023-06-10,plss_spatial
Organophosphates,1000,90,7.2148,15.206,0.184052,72.148443,1,2,BBS_CA_168_MACDOEL,2015-05-28,2023-06-10,plss_spatial
Pyrethroids,1000,90,0.3665,15.206,9.3e-05,1.593657,1,2,BBS_CA_168_MACDOEL,2015-05-28,2023-06-10,plss_spatial
Organophosphates,2000,90,36.0018,75.8772,0.918414,360.018231,1,2,BBS_CA_168_MACDOEL,2015-05-28,2023-06-10,plss_spatial
Pyrethroids,2000,90,1.829,75.8772,0.000463,7.952294,1,2,BBS_CA_168_MACDOEL,2015-05-28,2023-06-10,plss_spatial
Organophosphates,5000,90,153.4479,319.2962,8.225749,916.212159,5,12,BBS_CA_168_MACDOEL,2015-05-28,2023-06-10,plss_spatial
Pyrethroids,5000,90,11.4569,430.9478,0.0029,49.812554,5,14,BBS_CA_168_MACDOEL,2015-05-28,2023-06-10,plss_spatial
Pyrethroids,500,30,0.2482,7.8914,6.3e-05,1.079307,1,2,BBS_CA_503_Tracy_2,2015-05-28,2023-06-10,plss_spatial
Restricted neonics,500,30,9.5704,18.9383,0.308721,0.000113,2,3,BBS_CA_503_Tracy_2,2015-05-28,2023-06-10,plss_spatial
Pyrethroids,1000,30,0.6258,19.8947,0.000158,2.721005,1,2,BBS_CA_503_Tracy_2,2015-05-28,2023-06-10,plss_spatial
Restricted neonics,1000,30,36.1715,71.5775,1.166824,0.000426,2,3,BBS_CA_503_Tracy_2,2015-05-28,2023-06-10,plss_spatial
Pyrethroids,2000,30,0.6291,20.0,0.000159,2.735405,1,2,BBS_CA_503_Tracy_2,2015-05-28,2023-06-10,plss_spatial
Restricted neonics,2000,30,92.0794,196.6831,2.92891,0.001081,4,12,BBS_CA_503_Tracy_2,2015-05-28,2023-06-10,plss_spatial
Pyrethroids,5000,30,24.7011,140.0,0.002616,42.855341,2,3,BBS_CA_503_Tracy_2,2015-05-28,2023-06-10,plss_spatial
Restricted neonics,5000,30,162.3701,432.2434,4.921343,0.001892,9,40,BBS_CA_503_Tracy_2,2015-05-28,2023-06-10,plss_spatial
Pyrethroids,500,60,0.2482,7.8914,6.3e-05,1.079307,1,2,BBS_CA_503_Tracy_2,2015-05-28,2023-06-10,plss_spatial
Restricted neonics,500,60,9.5704,18.9383,0.308721,0.000113,2,3,BBS_CA_503_Tracy_2,2015-05-28,2023-06-10,plss_spatial
Pyrethroids,1000,60,0.6258,19.8947,0.000158,2.721005,1,2,BBS_CA_503_Tracy_2,2015-05-28,2023-06-10,plss_spatial
Restricted neonics,1000,60,36.1715,71.5775,1.166824,0.000426,2,3,BBS_CA_503_Tracy_2,2015-05-28,2023-06-10,plss_spatial
Pyrethroids,2000,60,0.6291,20.0,0.000159,2.735405,1,2,BBS_CA_503_Tracy_2,2015-05-28,2023-06-10,plss_spatial
Restricted neonics,2000,60,92.0794,196.6831,2.92891,0.001081,4,12,BBS_CA_503_Tracy_2,2015-05-28,2023-06-10,plss_spatial
Pyrethroids,5000,60,28.6437,260.0,0.003614,59.997174,2,4,BBS_CA_503_Tracy_2,2015-05-28,2023-06-10,plss_spatial
Restricted neonics,5000,60,162.3701,432.2434,4.921343,0.001892,9,40,BBS_CA_503_Tracy_2,2015-05-28,2023-06-10,plss_spatial
Pyrethroids,500,90,0.2482,7.8914,6.3e-05,1.079307,1,2,BBS_CA_503_Tracy_2,2015-05-28,2023-06-10,plss_spatial
Restricted neonics,500,90,9.5704,18.9383,0.308721,0.000113,2,3,BBS_CA_503_Tracy_2,2015-05-28,2023-06-10,plss_spatial
Pyrethroids,1000,90,0.6258,19.8947,0.000158,2.721005,1,2,BBS_CA_503_Tracy_2,2015-05-28,2023-06-10,plss_spatial
Restricted neonics,1000,90,36.1715,71.5775,1.166824,0.000426,2,3,BBS_CA_503_Tracy_2,2015-05-28,2023-06-10,plss_spatial
Pyrethroids,2000,90,0.6291,20.0,0.000159,2.735405,1,2,BBS_CA_503_Tracy_2,2015-05-28,2023-06-10,plss_spatial
Restricted neonics,2000,90,92.0794,196.6831,2.92891,0.001081,4,12,BBS_CA_503_Tracy_2,2015-05-28,2023-06-10,plss_spatial
Pyrethroids,5000,90,28.6437,260.0,0.003614,59.997174,2,4,BBS_CA_503_Tracy_2,2015-05-28,2023-06-10,plss_spatial
Restricted neonics,5000,90,162.3701,432.2434,4.921343,0.001892,9,40,BBS_CA_503_Tracy_2,2015-05-28,2023-06-10,plss_spatial
Carbamates,5000,30,9.8723,27.4349,0.136185,1.267283,2,6,BBS_CA_352_STATEN_IS.,2015-05-28,2023-06-10,plss_spatial
Carbamates,5000,60,9.8723,27.4349,0.136185,1.267283,2,6,BBS_CA_352_STATEN_IS.,2015-05-28,2023-06-10,plss_spatial
Carbamates,5000,90,9.8723,27.4349,0.136185,1.267283,2,6,BBS_CA_352_STATEN_IS.,2015-05-28,2023-06-10,plss_spatial
Diamides,5000,30,0.1936,1.8066,8.6e-05,0.016691,2,3,BBS_CA_420_PLACERVILLE,2015-05-28,2023-06-10,plss_spatial
Pyrethroids,5000,30,0.0007,0.0947,0.0,0.00656,1,1,BBS_CA_420_PLACERVILLE,2015-05-28,2023-06-10,plss_spatial
Spinosyns,5000,30,0.0,0.0003,0.0,0.0,1,1,BBS_CA_420_PLACERVILLE,2015-05-28,2023-06-10,plss_spatial
Carbamates,5000,60,12.0149,4.0008,0.006007,1.608424,2,2,BBS_CA_420_PLACERVILLE,2015-05-28,2023-06-10,plss_spatial
Diamides,5000,60,0.1936,1.8066,8.6e-05,0.016691,2,3,BBS_CA_420_PLACERVILLE,2015-05-28,2023-06-10,plss_spatial
Pyrethroids,5000,60,0.0007,0.0947,0.0,0.00656,1,1,BBS_CA_420_PLACERVILLE,2015-05-28,2023-06-10,plss_spatial
Spinosyns,5000,60,0.0,0.0003,0.0,0.0,1,1,BBS_CA_420_PLACERVILLE,2015-05-28,2023-06-10,plss_spatial
Carbamates,5000,90,12.0149,4.0008,0.006007,1.608424,2,2,BBS_CA_420_PLACERVILLE,2015-05-28,2023-06-10,plss_spatial
Diamides,5000,90,0.1936,1.8066,8.6e-05,0.016691,2,3,BBS_CA_420_PLACERVILLE,2015-05-28,2023-06-10,plss_spatial
Organophosphates,5000,90,0.7245,0.3627,0.502995,0.726374,2,3,BBS_CA_420_PLACERVILLE,2015-05-28,2023-06-10,plss_spatial
Pyrethroids,5000,90,0.0007,0.0947,0.0,0.00656,1,1,BBS_CA_420_PLACERVILLE,2015-05-28,2023-06-10,plss_spatial
Spinosyns,5000,90,0.0,0.0003,0.0,0.0,1,1,BBS_CA_420_PLACERVILLE,2015-05-28,2023-06-10,plss_spatial
Diamides,5000,30,0.2842,5.4145,0.000126,0.024499,4,7,BBS_CA_166_DORRIS,2015-05-28,2023-06-10,plss_spatial
Organophosphates,5000,30,6.327,13.4879,0.161402,63.269514,1,2,BBS_CA_166_DORRIS,2015-05-28,2023-06-10,plss_spatial
Pyrethroids,5000,30,0.2992,13.4879,7.6e-05,1.300776,1,2,BBS_CA_166_DORRIS,2015-05-28,2023-06-10,plss_spatial
Restricted neonics,5000,30,0.0136,0.0627,0.000438,0.0,2,4,BBS_CA_166_DORRIS,2015-05-28,2023-06-10,plss_spatial
Diamides,5000,60,0.2842,5.4145,0.000126,0.024499,4,7,BBS_CA_166_DORRIS,2015-05-28,2023-06-10,plss_spatial
Organophosphates,5000,60,6.327,13.4879,0.161402,63.269514,1,2,BBS_CA_166_DORRIS,2015-05-28,2023-06-10,plss_spatial
Pyrethroids,5000,60,0.2992,13.4879,7.6e-05,1.300776,1,2,BBS_CA_166_DORRIS,2015-05-28,2023-06-10,plss_spatial
Restricted neonics,5000,60,0.0136,0.0627,0.000438,0.0,2,4,BBS_CA_166_DORRIS,2015-05-28,2023-06-10,plss_spatial
Diamides,5000,90,0.2842,5.4145,0.000126,0.024499,4,7,BBS_CA_166_DORRIS,2015-05-28,2023-06-10,plss_spatial
Organophosphates,5000,90,6.327,13.4879,0.161402,63.269514,1,2,BBS_CA_166_DORRIS,2015-05-28,2023-06-10,plss_spatial
Pyrethroids,5000,90,0.2992,13.4879,7.6e-05,1.300776,1,2,BBS_CA_166_DORRIS,2015-05-28,2023-06-10,plss_spatial
Restricted neonics,5000,90,0.0136,0.0627,0.000438,0.0,2,4,BBS_CA_166_DORRIS,2015-05-28,2023-06-10,plss_spatial
Pyrethroids,5000,30,0.3377,3.372,0.000188,3.070036,1,1,BBS_CA_007_RED_BLUFF,2015-05-28,2023-06-10,plss_spatial
Restricted neonics,500,60,0.0332,2.2588,0.00107,0.0,1,1,BBS_CA_007_RED_BLUFF,2015-05-28,2023-06-10,plss_spatial
Restricted neonics,1000,60,0.094,6.3995,0.003032,1e-06,1,1,BBS_CA_007_RED_BLUFF,2015-05-28,2023-06-10,plss_spatial
Restricted neonics,2000,60,0.1102,7.5,0.003554,1e-06,1,1,BBS_CA_007_RED_BLUFF,2015-05-28,2023-06-10,plss_spatial
Pyrethroids,5000,60,0.3377,3.372,0.000188,3.070036,1,1,BBS_CA_007_RED_BLUFF,2015-05-28,2023-06-10,plss_spatial
Restricted neonics,5000,60,0.1102,7.5,0.003554,1e-06,1,1,BBS_CA_007_RED_BLUFF,2015-05-28,2023-06-10,plss_spatial
Restricted neonics,500,90,0.0332,2.2588,0.00107,0.0,1,1,BBS_CA_007_RED_BLUFF,2015-05-28,2023-06-10,plss_spatial
Restricted neonics,1000,90,0.094,6.3995,0.003032,1e-06,1,1,BBS_CA_007_RED_BLUFF,2015-05-28,2023-06-10,plss_spatial
Restricted neonics,2000,90,0.1102,7.5,0.003554,1e-06,1,1,BBS_CA_007_RED_BLUFF,2015-05-28,2023-06-10,plss_spatial
Organophosphates,5000,90,35.746,71.3992,3.262696,20.33641,2,6,BBS_CA_007_RED_BLUFF,2015-05-28,2023-06-10,plss_spatial
Pyrethroids,5000,90,0.3377,3.372,0.000188,3.070036,1,1,BBS_CA_007_RED_BLUFF,2015-05-28,2023-06-10,plss_spatial
Restricted neonics,5000,90,0.1102,7.5,0.003554,1e-06,1,1,BBS_CA_007_RED_BLUFF,2015-05-28,2023-06-10,plss_spatial
Pyrethroids,5000,30,1.4875,41.1633,0.000377,6.46755,2,2,BBS_CA_059_INYOKERN,2015-05-28,2023-06-10,plss_spatial
Pyrethroids,5000,60,1.4875,41.1633,0.000377,6.46755,2,2,BBS_CA_059_INYOKERN,2015-05-28,2023-06-10,plss_spatial
Pyrethroids,5000,90,1.4875,41.1633,0.000377,6.46755,2,2,BBS_CA_059_INYOKERN,2015-05-28,2023-06-10,plss_spatial
Restricted neonics,5000,30,4.1569,88.1208,0.134092,4.9e-05,1,2,BBS_CA_173_LOCKWOOD,2015-05-28,2023-06-10,plss_spatial
Restricted neonics,5000,60,17.039,113.8792,0.549645,0.0002,1,3,BBS_CA_173_LOCKWOOD,2015-05-28,2023-06-10,plss_spatial
Restricted neonics,5000,90,17.039,113.8792,0.549645,0.0002,1,3,BBS_CA_173_LOCKWOOD,2015-05-28,2023-06-10,plss_spatial
Restricted neonics,1000,30,0.7244,1.4364,0.023368,9e-06,1,1,BBS_CA_123_ADELAIDA,2015-05-28,2023-06-10,plss_spatial
Restricted neonics,2000,30,6.4461,12.7821,0.20794,7.6e-05,1,1,BBS_CA_123_ADELAIDA,2015-05-28,2023-06-10,plss_spatial
Restricted neonics,5000,30,26.8548,89.2753,0.866283,0.000316,4,4,BBS_CA_123_ADELAIDA,2015-05-28,2023-06-10,plss_spatial
Restricted neonics,1000,60,0.7244,1.4364,0.023368,9e-06,1,1,BBS_CA_123_ADELAIDA,2015-05-28,2023-06-10,plss_spatial
Restricted neonics,2000,60,6.4461,12.7821,0.20794,7.6e-05,1,1,BBS_CA_123_ADELAIDA,2015-05-28,2023-06-10,plss_spatial
Restricted neonics,5000,60,26.8548,89.2753,0.866283,0.000316,4,4,BBS_CA_123_ADELAIDA,2015-05-28,2023-06-10,plss_spatial
Restricted neonics,1000,90,0.7244,1.4364,0.023368,9e-06,1,1,BBS_CA_123_ADELAIDA,2015-05-28,2023-06-10,plss_spatial
Restricted neonics,2000,90,6.4461,12.7821,0.20794,7.6e-05,1,1,BBS_CA_123_ADELAIDA,2015-05-28,2023-06-10,plss_spatial
Restricted neonics,5000,90,26.9506,89.4702,0.869374,0.000317,5,6,BBS_CA_123_ADELAIDA,2015-05-28,2023-06-10,plss_spatial
Pyrethroids,5000,30,3.3004,93.4298,0.001996,11.717212,2,3,BBS_CA_901_GAZELLE,2015-05-28,2023-06-10,plss_spatial
Pyrethroids,500,60,0.0573,2.4306,2.9e-05,0.197647,1,1,BBS_CA_901_GAZELLE,2015-05-28,2023-06-10,plss_spatial
Pyrethroids,1000,60,0.3418,14.4959,0.000171,1.178732,1,1,BBS_CA_901_GAZELLE,2015-05-28,2023-06-10,plss_spatial
Pyrethroids,2000,60,2.0818,87.6521,0.001041,7.178504,5,6,BBS_CA_901_GAZELLE,2015-05-28,2023-06-10,plss_spatial
Pyrethroids,5000,60,13.4018,518.8639,0.007046,46.549605,8,14,BBS_CA_901_GAZELLE,2015-05-28,2023-06-10,plss_spatial
Pyrethroids,500,90,0.0573,2.4306,2.9e-05,0.197647,1,1,BBS_CA_901_GAZELLE,2015-05-28,2023-06-10,plss_spatial
Pyrethroids,1000,90,0.3418,14.4959,0.000171,1.178732,1,1,BBS_CA_901_GAZELLE,2015-05-28,2023-06-10,plss_spatial
Pyrethroids,2000,90,2.0818,87.6521,0.001041,7.178504,5,6,BBS_CA_901_GAZELLE,2015-05-28,2023-06-10,plss_spatial
Pyrethroids,5000,90,13.4018,518.8639,0.007046,46.549605,8,14,BBS_CA_901_GAZELLE,2015-05-28,2023-06-10,plss_spatial
Diamides,5000,30,0.0004,0.0044,0.0,3.7e-05,1,1,BBS_CA_112_PEARBLOSSOM,2015-05-28,2023-06-10,plss_spatial
Other neonics,5000,30,0.0159,0.0677,0.000162,0.0,1,11,BBS_CA_112_PEARBLOSSOM,2015-05-28,2023-06-10,plss_spatial
Spinosyns,5000,30,0.0003,0.0026,0.0,0.0,1,1,BBS_CA_112_PEARBLOSSOM,2015-05-28,2023-06-10,plss_spatial
Diamides,5000,60,0.0004,0.0044,0.0,3.7e-05,1,1,BBS_CA_112_PEARBLOSSOM,2015-05-28,2023-06-10,plss_spatial
Other neonics,5000,60,0.0159,0.0677,0.000162,0.0,1,11,BBS_CA_112_PEARBLOSSOM,2015-05-28,2023-06-10,plss_spatial
Spinosyns,5000,60,0.0003,0.0026,0.0,0.0,1,1,BBS_CA_112_PEARBLOSSOM,2015-05-28,2023-06-10,plss_spatial
Diamides,5000,90,0.0004,0.0044,0.0,3.7e-05,1,1,BBS_CA_112_PEARBLOSSOM,2015-05-28,2023-06-10,plss_spatial
Other neonics,5000,90,0.0159,0.0677,0.000162,0.0,1,11,BBS_CA_112_PEARBLOSSOM,2015-05-28,2023-06-10,plss_spatial
Spinosyns,5000,90,0.0003,0.0026,0.0,0.0,1,1,BBS_CA_112_PEARBLOSSOM,2015-05-28,2023-06-10,plss_spatial
Restricted neonics,5000,60,10.7816,44.9307,0.347793,0.000127,1,1,BBS_CA_186_MARK_WEST,2015-05-28,2023-06-10,plss_spatial
Restricted neonics,5000,90,10.7816,44.9307,0.347793,0.000127,1,1,BBS_CA_186_MARK_WEST,2015-05-28,2023-06-10,plss_spatial
