location_id,survey_start,survey_end,Carbamates_1000m_30d_lbs_ai,Carbamates_1000m_60d_lbs_ai,Carbamates_1000m_90d_lbs_ai,Carbamates_2000m_30d_lbs_ai,Carbamates_2000m_60d_lbs_ai,Carbamates_2000m_90d_lbs_ai,Carbamates_5000m_30d_lbs_ai,Carbamates_5000m_60d_lbs_ai,Carbamates_5000m_90d_lbs_ai,Carbamates_500m_30d_lbs_ai,Carbamates_500m_60d_lbs_ai,Carbamates_500m_90d_lbs_ai,Diamides_1000m_30d_lbs_ai,Diamides_1000m_60d_lbs_ai,Diamides_1000m_90d_lbs_ai,Diamides_2000m_30d_lbs_ai,Diamides_2000m_60d_lbs_ai,Diamides_2000m_90d_lbs_ai,Diamides_5000m_30d_lbs_ai,Diamides_5000m_60d_lbs_ai,Diamides_5000m_90d_lbs_ai,Diamides_500m_30d_lbs_ai,Diamides_500m_60d_lbs_ai,Diamides_500m_90d_lbs_ai,Next-gen_systemics_1000m_30d_lbs_ai,Next-gen_systemics_1000m_60d_lbs_ai,Next-gen_systemics_1000m_90d_lbs_ai,Next-gen_systemics_2000m_30d_lbs_ai,Next-gen_systemics_2000m_60d_lbs_ai,Next-gen_systemics_2000m_90d_lbs_ai,Next-gen_systemics_5000m_30d_lbs_ai,Next-gen_systemics_5000m_60d_lbs_ai,Next-gen_systemics_5000m_90d_lbs_ai,Next-gen_systemics_500m_30d_lbs_ai,Next-gen_systemics_500m_60d_lbs_ai,Next-gen_systemics_500m_90d_lbs_ai,Organophosphates_1000m_30d_lbs_ai,Organophosphates_1000m_60d_lbs_ai,Organophosphates_1000m_90d_lbs_ai,Organophosphates_2000m_30d_lbs_ai,Organophosphates_2000m_60d_lbs_ai,Organophosphates_2000m_90d_lbs_ai,Organophosphates_5000m_30d_lbs_ai,Organophosphates_5000m_60d_lbs_ai,Organophosphates_5000m_90d_lbs_ai,Organophosphates_500m_30d_lbs_ai,Organophosphates_500m_60d_lbs_ai,Organophosphates_500m_90d_lbs_ai,Other_neonics_1000m_30d_lbs_ai,Other_neonics_1000m_60d_lbs_ai,Other_neonics_1000m_90d_lbs_ai,Other_neonics_2000m_30d_lbs_ai,Other_neonics_2000m_60d_lbs_ai,Other_neonics_2000m_90d_lbs_ai,Other_neonics_5000m_30d_lbs_ai,Other_neonics_5000m_60d_lbs_ai,Other_neonics_5000m_90d_lbs_ai,Other_neonics_500m_30d_lbs_ai,Other_neonics_500m_60d_lbs_ai,Other_neonics_500m_90d_lbs_ai,Pyrethroids_1000m_30d_lbs_ai,Pyrethroids_1000m_60d_lbs_ai,Pyrethroids_1000m_90d_lbs_ai,Pyrethroids_2000m_30d_lbs_ai,Pyrethroids_2000m_60d_lbs_ai,Pyrethroids_2000m_90d_lbs_ai,Pyrethroids_5000m_30d_lbs_ai,Pyrethroids_5000m_60d_lbs_ai,Pyrethroids_5000m_90d_lbs_ai,Pyrethroids_500m_30d_lbs_ai,Pyrethroids_500m_60d_lbs_ai,Pyrethroids_500m_90d_lbs_ai,Restricted_neonics_1000m_30d_lbs_ai,Restricted_neonics_1000m_60d_lbs_ai,Restricted_neonics_1000m_90d_lbs_ai,Restricted_neonics_2000m_30d_lbs_ai,Restricted_neonics_2000m_60d_lbs_ai,Restricted_neonics_2000m_90d_lbs_ai,Restricted_neonics_5000m_30d_lbs_ai,Restricted_neonics_5000m_60d_lbs_ai,Restricted_neonics_5000m_90d_lbs_ai,Restricted_neonics_500m_30d_lbs_ai,Restricted_neonics_500m_60d_lbs_ai,Restricted_neonics_500m_90d_lbs_ai,Spinosyns_1000m_30d_lbs_ai,Spinosyns_1000m_60d_lbs_ai,Spinosyns_1000m_90d_lbs_ai,Spinosyns_2000m_30d_lbs_ai,Spinosyns_2000m_60d_lbs_ai,Spinosyns_2000m_90d_lbs_ai,Spinosyns_5000m_30d_lbs_ai,Spinosyns_5000m_60d_lbs_ai,Spinosyns_5000m_90d_lbs_ai,Spinosyns_500m_30d_lbs_ai,Spinosyns_500m_60d_lbs_ai,Spinosyns_500m_90d_lbs_ai,Carbamates_1000m_30d_tox_units_avian,Carbamates_1000m_60d_tox_units_avian,Carbamates_1000m_90d_tox_units_avian,Carbamates_2000m_30d_tox_units_avian,Carbamates_2000m_60d_tox_units_avian,Carbamates_2000m_90d_tox_units_avian,Carbamates_5000m_30d_tox_units_avian,Carbamates_5000m_60d_tox_units_avian,Carbamates_5000m_90d_tox_units_avian,Carbamates_500m_30d_tox_units_avian,Carbamates_500m_60d_tox_units_avian,Carbamates_500m_90d_tox_units_avian,Diamides_1000m_30d_tox_units_avian,Diamides_1000m_60d_tox_units_avian,Diamides_1000m_90d_tox_units_avian,Diamides_2000m_30d_tox_units_avian,Diamides_2000m_60d_tox_units_avian,Diamides_2000m_90d_tox_units_avian,Diamides_5000m_30d_tox_units_avian,Diamides_5000m_60d_tox_units_avian,Diamides_5000m_90d_tox_units_avian,Diamides_500m_30d_tox_units_avian,Diamides_500m_60d_tox_units_avian,Diamides_500m_90d_tox_units_avian,Next-gen_systemics_1000m_30d_tox_units_avian,Next-gen_systemics_1000m_60d_tox_units_avian,Next-gen_systemics_1000m_90d_tox_units_avian,Next-gen_systemics_2000m_30d_tox_units_avian,Next-gen_systemics_2000m_60d_tox_units_avian,Next-gen_systemics_2000m_90d_tox_units_avian,Next-gen_systemics_5000m_30d_tox_units_avian,Next-gen_systemics_5000m_60d_tox_units_avian,Next-gen_systemics_5000m_90d_tox_units_avian,Next-gen_systemics_500m_30d_tox_units_avian,Next-gen_systemics_500m_60d_tox_units_avian,Next-gen_systemics_500m_90d_tox_units_avian,Organophosphates_1000m_30d_tox_units_avian,Organophosphates_1000m_60d_tox_units_avian,Organophosphates_1000m_90d_tox_units_avian,Organophosphates_2000m_30d_tox_units_avian,Organophosphates_2000m_60d_tox_units_avian,Organophosphates_2000m_90d_tox_units_avian,Organophosphates_5000m_30d_tox_units_avian,Organophosphates_5000m_60d_tox_units_avian,Organophosphates_5000m_90d_tox_units_avian,Organophosphates_500m_30d_tox_units_avian,Organophosphates_500m_60d_tox_units_avian,Organophosphates_500m_90d_tox_units_avian,Other_neonics_1000m_30d_tox_units_avian,Other_neonics_1000m_60d_tox_units_avian,Other_neonics_1000m_90d_tox_units_avian,Other_neonics_2000m_30d_tox_units_avian,Other_neonics_2000m_60d_tox_units_avian,Other_neonics_2000m_90d_tox_units_avian,Other_neonics_5000m_30d_tox_units_avian,Other_neonics_5000m_60d_tox_units_avian,Other_neonics_5000m_90d_tox_units_avian,Other_neonics_500m_30d_tox_units_avian,Other_neonics_500m_60d_tox_units_avian,Other_neonics_500m_90d_tox_units_avian,Pyrethroids_1000m_30d_tox_units_avian,Pyrethroids_1000m_60d_tox_units_avian,Pyrethroids_1000m_90d_tox_units_avian,Pyrethroids_2000m_30d_tox_units_avian,Pyrethroids_2000m_60d_tox_units_avian,Pyrethroids_2000m_90d_tox_units_avian,Pyrethroids_5000m_30d_tox_units_avian,Pyrethroids_5000m_60d_tox_units_avian,Pyrethroids_5000m_90d_tox_units_avian,Pyrethroids_500m_30d_tox_units_avian,Pyrethroids_500m_60d_tox_units_avian,Pyrethroids_500m_90d_tox_units_avian,Restricted_neonics_1000m_30d_tox_units_avian,Restricted_neonics_1000m_60d_tox_units_avian,Restricted_neonics_1000m_90d_tox_units_avian,Restricted_neonics_2000m_30d_tox_units_avian,Restricted_neonics_2000m_60d_tox_units_avian,Restricted_neonics_2000m_90d_tox_units_avian,Restricted_neonics_5000m_30d_tox_units_avian,Restricted_neonics_5000m_60d_tox_units_avian,Restricted_neonics_5000m_90d_tox_units_avian,Restricted_neonics_500m_30d_tox_units_avian,Restricted_neonics_500m_60d_tox_units_avian,Restricted_neonics_500m_90d_tox_units_avian,Spinosyns_1000m_30d_tox_units_avian,Spinosyns_1000m_60d_tox_units_avian,Spinosyns_1000m_90d_tox_units_avian,Spinosyns_2000m_30d_tox_units_avian,Spinosyns_2000m_60d_tox_units_avian,Spinosyns_2000m_90d_tox_units_avian,Spinosyns_5000m_30d_tox_units_avian,Spinosyns_5000m_60d_tox_units_avian,Spinosyns_5000m_90d_tox_units_avian,Spinosyns_500m_30d_tox_units_avian,Spinosyns_500m_60d_tox_units_avian,Spinosyns_500m_90d_tox_units_avian,Carbamates_1000m_30d_tox_units_aquatic,Carbamates_1000m_60d_tox_units_aquatic,Carbamates_1000m_90d_tox_units_aquatic,Carbamates_2000m_30d_tox_units_aquatic,Carbamates_2000m_60d_tox_units_aquatic,Carbamates_2000m_90d_tox_units_aquatic,Carbamates_5000m_30d_tox_units_aquatic,Carbamates_5000m_60d_tox_units_aquatic,Carbamates_5000m_90d_tox_units_aquatic,Carbamates_500m_30d_tox_units_aquatic,Carbamates_500m_60d_tox_units_aquatic,Carbamates_500m_90d_tox_units_aquatic,Diamides_1000m_30d_tox_units_aquatic,Diamides_1000m_60d_tox_units_aquatic,Diamides_1000m_90d_tox_units_aquatic,Diamides_2000m_30d_tox_units_aquatic,Diamides_2000m_60d_tox_units_aquatic,Diamides_2000m_90d_tox_units_aquatic,Diamides_5000m_30d_tox_units_aquatic,Diamides_5000m_60d_tox_units_aquatic,Diamides_5000m_90d_tox_units_aquatic,Diamides_500m_30d_tox_units_aquatic,Diamides_500m_60d_tox_units_aquatic,Diamides_500m_90d_tox_units_aquatic,Next-gen_systemics_1000m_30d_tox_units_aquatic,Next-gen_systemics_1000m_60d_tox_units_aquatic,Next-gen_systemics_1000m_90d_tox_units_aquatic,Next-gen_systemics_2000m_30d_tox_units_aquatic,Next-gen_systemics_2000m_60d_tox_units_aquatic,Next-gen_systemics_2000m_90d_tox_units_aquatic,Next-gen_systemics_5000m_30d_tox_units_aquatic,Next-gen_systemics_5000m_60d_tox_units_aquatic,Next-gen_systemics_5000m_90d_tox_units_aquatic,Next-gen_systemics_500m_30d_tox_units_aquatic,Next-gen_systemics_500m_60d_tox_units_aquatic,Next-gen_systemics_500m_90d_tox_units_aquatic,Organophosphates_1000m_30d_tox_units_aquatic,Organophosphates_1000m_60d_tox_units_aquatic,Organophosphates_1000m_90d_tox_units_aquatic,Organophosphates_2000m_30d_tox_units_aquatic,Organophosphates_2000m_60d_tox_units_aquatic,Organophosphates_2000m_90d_tox_units_aquatic,Organophosphates_5000m_30d_tox_units_aquatic,Organophosphates_5000m_60d_tox_units_aquatic,Organophosphates_5000m_90d_tox_units_aquatic,Organophosphates_500m_30d_tox_units_aquatic,Organophosphates_500m_60d_tox_units_aquatic,Organophosphates_500m_90d_tox_units_aquatic,Other_neonics_1000m_30d_tox_units_aquatic,Other_neonics_1000m_60d_tox_units_aquatic,Other_neonics_1000m_90d_tox_units_aquatic,Other_neonics_2000m_30d_tox_units_aquatic,Other_neonics_2000m_60d_tox_units_aquatic,Other_neonics_2000m_90d_tox_units_aquatic,Other_neonics_5000m_30d_tox_units_aquatic,Other_neonics_5000m_60d_tox_units_aquatic,Other_neonics_5000m_90d_tox_units_aquatic,Other_neonics_500m_30d_tox_units_aquatic,Other_neonics_500m_60d_tox_units_aquatic,Other_neonics_500m_90d_tox_units_aquatic,Pyrethroids_1000m_30d_tox_units_aquatic,Pyrethroids_1000m_60d_tox_units_aquatic,Pyrethroids_1000m_90d_tox_units_aquatic,Pyrethroids_2000m_30d_tox_units_aquatic,Pyrethroids_2000m_60d_tox_units_aquatic,Pyrethroids_2000m_90d_tox_units_aquatic,Pyrethroids_5000m_30d_tox_units_aquatic,Pyrethroids_5000m_60d_tox_units_aquatic,Pyrethroids_5000m_90d_tox_units_aquatic,Pyrethroids_500m_30d_tox_units_aquatic,Pyrethroids_500m_60d_tox_units_aquatic,Pyrethroids_500m_90d_tox_units_aquatic,Restricted_neonics_1000m_30d_tox_units_aquatic,Restricted_neonics_1000m_60d_tox_units_aquatic,Restricted_neonics_1000m_90d_tox_units_aquatic,Restricted_neonics_2000m_30d_tox_units_aquatic,Restricted_neonics_2000m_60d_tox_units_aquatic,Restricted_neonics_2000m_90d_tox_units_aquatic,Restricted_neonics_5000m_30d_tox_units_aquatic,Restricted_neonics_5000m_60d_tox_units_aquatic,Restricted_neonics_5000m_90d_tox_units_aquatic,Restricted_neonics_500m_30d_tox_units_aquatic,Restricted_neonics_500m_60d_tox_units_aquatic,Restricted_neonics_500m_90d_tox_units_aquatic,Spinosyns_1000m_30d_tox_units_aquatic,Spinosyns_1000m_60d_tox_units_aquatic,Spinosyns_1000m_90d_tox_units_aquatic,Spinosyns_2000m_30d_tox_units_aquatic,Spinosyns_2000m_60d_tox_units_aquatic,Spinosyns_2000m_90d_tox_units_aquatic,Spinosyns_5000m_30d_tox_units_aquatic,Spinosyns_5000m_60d_tox_units_aquatic,Spinosyns_5000m_90d_tox_units_aquatic,Spinosyns_500m_30d_tox_units_aquatic,Spinosyns_500m_60d_tox_units_aquatic,Spinosyns_500m_90d_tox_units_aquatic
BBS_CA_007_RED_BLUFF_2015,2015-05-28,2015-06-10,0.0,0.0,0.0,0.0,0.0,0.0,0.0,0.0,0.0,0.0,0.0,0.0,0.0,0.0,0.0,0.0,0.0,0.0,0.0,0.0,0.0,0.0,0.0,0.0,0.0,0.0,0.0,0.0,0.0,0.0,0.0,0.0,0.0,0.0,0.0,0.0,0.0,0.0,0.0,0.0,0.0,0.0,0.0,0.0,35.746,0.0,0.0,0.0,0.0,0.0,0.0,0.0,0.0,0.0,0.0,0.0,0.0,0.0,0.0,0.0,0.0,0.0,0.0,0.0,0.0,0.0,0.3377,0.3377,0.3377,0.0,0.0,0.0,0.0,0.094,0.094,0.0,0.1102,0.1102,0.0,0.1102,0.1102,0.0,0.0332,0.0332,0.0,0.0,0.0,0.0,0.0,0.0,0.0,0.0,0.0,0.0,0.0,0.0,0.0,0.0,0.0,0.0,0.0,0.0,0.0,0.0,0.0,0.0,0.0,0.0,0.0,0.0,0.0,0.0,0.0,0.0,0.0,0.0,0.0,0.0,0.0,0.0,0.0,0.0,0.0,0.0,0.0,0.0,0.0,0.0,0.0,0.0,0.0,0.0,0.0,0.0,0.0,0.0,0.0,0.0,0.0,0.0,3.262696,0.0,0.0,0.0,0.0,0.0,0.0,0.0,0.0,0.0,0.0,0.0,0.0,0.0,0.0,0.0,0.0,0.0,0.0,0.0,0.0,0.0,0.000188,0.000188,0.000188,0.0,0.0,0.0,0.0,0.003032,0.003032,0.0,0.003554,0.003554,0.0,0.003554,0.003554,0.0,0.00107,0.00107,0.0,0.0,0.0,0.0,0.0,0.0,0.0,0.0,0.0,0.0,0.0,0.0,0.0,0.0,0.0,0.0,0.0,0.0,0.0,0.0,0.0,0.0,0.0,0.0,0.0,0.0,0.0,0.0,0.0,0.0,0.0,0.0,0.0,0.0,0.0,0.0,0.0,0.0,0.0,0.0,0.0,0.0,0.0,0.0,0.0,0.0,0.0,0.0,0.0,0.0,0.0,0.0,0.0,0.0,0.0,0.0,20.33641,0.0,0.0,0.0,0.0,0.0,0.0,0.0,0.0,0.0,0.0,0.0,0.0,0.0,0.0,0.0,0.0,0.0,0.0,0.0,0.0,0.0,3.070036,3.070036,3.070036,0.0,0.0,0.0,0.0,1e-06,1e-06,0.0,1e-06,1e-06,0.0,1e-06,1e-06,0.0,0.0,0.0,0.0,0.0,0.0,0.0,0.0,0.0,0.0,0.0,0.0,0.0,0.0,0.0
BBS_CA_007_RED_BLUFF_2016,2016-05-28,2016-06-10,0.0,0.0,0.0,0.0,0.0,0.0,0.0,0.0,0.0,0.0,0.0,0.0,0.0,0.0,0.0,0.0,0.0,0.0,0.0,0.0,0.0,0.0,0.0,0.0,0.0,0.0,0.0,0.0,0.0,0.0,0.0,0.0,0.0,0.0,0.0,0.0,0.0,0.0,0.0,0.0,0.0,0.0,0.0,0.0,40.5429,0.0,0.0,0.0,0.0,0.0,0.0,0.0,0.0,0.0,0.0,0.0,0.0,0.0,0.0,0.0,0.0,0.0,0.0,0.0,0.0,0.0,0.0,0.0,0.8717,0.0,0.0,0.0,0.0,0.1007,0.1007,0.0,0.118,0.118,0.0,0.118,0.118,0.0,0.0355,0.0355,0.0,0.0,0.0,0.0,0.0,0.0,0.1717,0.1717,0.1717,0.0,0.0,0.0,0.0,0.0,0.0,0.0,0.0,0.0,0.0,0.0,0.0,0.0,0.0,0.0,0.0,0.0,0.0,0.0,0.0,0.0,0.0,0.0,0.0,0.0,0.0,0.0,0.0,0.0,0.0,0.0,0.0,0.0,0.0,0.0,0.0,0.0,0.0,0.0,0.0,0.0,0.0,0.0,0.0,0.0,0.0,0.0,1.034258,0.0,0.0,0.0,0.0,0.0,0.0,0.0,0.0,0.0,0.0,0.0,0.0,0.0,0.0,0.0,0.0,0.0,0.0,0.0,0.0,0.0,0.0,0.0,0.000664,0.0,0.0,0.0,0.0,0.003248,0.003248,0.0,0.003807,0.003807,0.0,0.003807,0.003807,0.0,0.001147,0.001147,0.0,0.0,0.0,0.0,0.0,0.0,7.6e-05,7.6e-05,7.6e-05,0.0,0.0,0.0,0.0,0.0,0.0,0.0,0.0,0.0,0.0,0.0,0.0,0.0,0.0,0.0,0.0,0.0,0.0,0.0,0.0,0.0,0.0,0.0,0.0,0.0,0.0,0.0,0.0,0.0,0.0,0.0,0.0,0.0,0.0,0.0,0.0,0.0,0.0,0.0,0.0,0.0,0.0,0.0,0.0,0.0,0.0,0.0,405.429197,0.0,0.0,0.0,0.0,0.0,0.0,0.0,0.0,0.0,0.0,0.0,0.0,0.0,0.0,0.0,0.0,0.0,0.0,0.0,0.0,0.0,0.0,0.0,3.228627,0.0,0.0,0.0,0.0,1e-06,1e-06,0.0,1e-06,1e-06,0.0,1e-06,1e-06,0.0,0.0,0.0,0.0,0.0,0.0,0.0,0.0,0.0,0.000753,0.000753,0.000753,0.0,0.0,0.0
BBS_CA_007_RED_BLUFF_2017,2017-05-28,2017-06-10,0.0,0.0,0.0,0.0,0.0,0.0,0.0,0.0,0.0,0.0,0.0,0.0,0.0,0.0,0.0,0.0,0.0,0.0,0.0,0.0,0.0,0.0,0.0,0.0,0.0,0.0,0.0,0.0,0.0,0.0,0.0,0.0,0.0,0.0,0.0,0.0,0.0,0.0,0.0,0.0,0.0,0.0,0.0,0.0,1.0152,0.0,0.0,0.0,0.0,0.0,0.0,0.0,0.0,0.0,0.0,0.0,0.0,0.0,0.0,0.0,0.0,0.0,0.0,0.0,0.0,0.0,0.0,0.0,2.2609,0.0,0.0,0.0,0.0,0.0806,0.0806,0.0,0.0944,0.0944,0.0,0.0944,0.0944,0.0,0.0284,0.0284,0.0,0.0,0.0,0.0,0.0,0.0,0.0,0.0,0.0,0.0,0.0,0.0,0.0,0.0,0.0,0.0,0.0,0.0,0.0,0.0,0.0,0.0,0.0,0.0,0.0,0.0,0.0,0.0,0.0,0.0,0.0,0.0,0.0,0.0,0.0,0.0,0.0,0.0,0.0,0.0,0.0,0.0,0.0,0.0,0.0,0.0,0.0,0.0,0.0,0.0,0.0,0.0,0.0,0.0,0.0,0.0,0.025898,0.0,0.0,0.0,0.0,0.0,0.0,0.0,0.0,0.0,0.0,0.0,0.0,0.0,0.0,0.0,0.0,0.0,0.0,0.0,0.0,0.0,0.0,0.0,0.001341,0.0,0.0,0.0,0.0,0.002599,0.002599,0.0,0.003046,0.003046,0.0,0.003046,0.003046,0.0,0.000917,0.000917,0.0,0.0,0.0,0.0,0.0,0.0,0.0,0.0,0.0,0.0,0.0,0.0,0.0,0.0,0.0,0.0,0.0,0.0,0.0,0.0,0.0,0.0,0.0,0.0,0.0,0.0,0.0,0.0,0.0,0.0,0.0,0.0,0.0,0.0,0.0,0.0,0.0,0.0,0.0,0.0,0.0,0.0,0.0,0.0,0.0,0.0,0.0,0.0,0.0,0.0,0.0,0.0,0.0,0.0,0.0,0.0,10.152039,0.0,0.0,0.0,0.0,0.0,0.0,0.0,0.0,0.0,0.0,0.0,0.0,0.0,0.0,0.0,0.0,0.0,0.0,0.0,0.0,0.0,0.0,0.0,8.06073,0.0,0.0,0.0,0.0,1e-06,1e-06,0.0,1e-06,1e-06,0.0,1e-06,1e-06,0.0,0.0,0.0,0.0,0.0,0.0,0.0,0.0,0.0,0.0,0.0,0.0,0.0,0.0,0.0
BBS_CA_007_RED_BLUFF_2018,2018-05-28,2018-06-10,0.0,0.0,0.0,0.0,0.0,0.0,0.0,0.0,0.0,0.0,0.0,0.0,0.0,0.0,0.0,0.0,0.0,0.0,0.0,0.0,0.0,0.0,0.0,0.0,0.0,0.0,0.0,0.0,0.0,0.0,0.0,0.0,0.0,0.0,0.0,0.0,0.0,0.0,0.0,0.0,0.0,0.0,0.0,0.0,0.0,0.0,0.0,0.0,0.0,0.0,0.0,0.0,0.0,0.0,0.0,0.0,0.0,0.0,0.0,0.0,0.0,0.0,0.0,0.0,0.0,0.0,0.0,1.0039,1.8756,0.0,0.0,0.0,0.0201,0.0201,0.0201,0.0236,0.0236,0.0236,0.0236,0.0236,0.0236,0.0071,0.0071,0.0071,0.0,0.0,0.0,0.0,0.0,0.0,0.0,0.0,0.0,0.0,0.0,0.0,0.0,0.0,0.0,0.0,0.0,0.0,0.0,0.0,0.0,0.0,0.0,0.0,0.0,0.0,0.0,0.0,0.0,0.0,0.0,0.0,0.0,0.0,0.0,0.0,0.0,0.0,0.0,0.0,0.0,0.0,0.0,0.0,0.0,0.0,0.0,0.0,0.0,0.0,0.0,0.0,0.0,0.0,0.0,0.0,0.0,0.0,0.0,0.0,0.0,0.0,0.0,0.0,0.0,0.0,0.0,0.0,0.0,0.0,0.0,0.0,0.0,0.0,0.0,0.0,0.0,0.0,0.0,0.000502,0.001166,0.0,0.0,0.0,0.00065,0.00065,0.00065,0.000761,0.000761,0.000761,0.000761,0.000761,0.000761,0.000229,0.000229,0.000229,0.0,0.0,0.0,0.0,0.0,0.0,0.0,0.0,0.0,0.0,0.0,0.0,0.0,0.0,0.0,0.0,0.0,0.0,0.0,0.0,0.0,0.0,0.0,0.0,0.0,0.0,0.0,0.0,0.0,0.0,0.0,0.0,0.0,0.0,0.0,0.0,0.0,0.0,0.0,0.0,0.0,0.0,0.0,0.0,0.0,0.0,0.0,0.0,0.0,0.0,0.0,0.0,0.0,0.0,0.0,0.0,0.0,0.0,0.0,0.0,0.0,0.0,0.0,0.0,0.0,0.0,0.0,0.0,0.0,0.0,0.0,0.0,0.0,0.0,0.0,0.0,0.0,0.0,0.0,3.461705,6.690332,0.0,0.0,0.0,0.0,0.0,0.0,0.0,0.0,0.0,0.0,0.0,0.0,0.0,0.0,0.0,0.0,0.0,0.0,0.0,0.0,0.0,0.0,0.0,0.0,0.0,0.0,0.0
BBS_CA_007_RED_BLUFF_2019,2019-05-28,2019-06-10,0.0,0.0,0.0,0.0,0.0,0.0,0.0,0.0,0.0,0.0,0.0,0.0,0.0,0.0,0.0,0.0,0.0,0.0,0.0001,0.0001,0.0001,0.0,0.0,0.0,0.0,0.0,0.0,0.0,0.0,0.0,0.0,0.0,0.0,0.0,0.0,0.0,0.0,0.0,0.0,0.0,0.0,0.0,0.0,0.0,0.0,0.0,0.0,0.0,0.0,0.0,0.0,0.0,0.0,0.0,0.0,0.0,0.0,0.0,0.0,0.0,0.0,0.0,0.0,0.0,0.0,0.0,0.0,0.0,0.3113,0.0,0.0,0.0,0.0,0.0,0.0,0.0,0.0,0.0,0.0,0.0,0.0,0.0,0.0,0.0,0.0,0.0,0.0,0.0,0.0,0.0,0.0,0.0,0.0,0.0,0.0,0.0,0.0,0.0,0.0,0.0,0.0,0.0,0.0,0.0,0.0,0.0,0.0,0.0,0.0,0.0,0.0,0.0,0.0,0.0,0.0,0.0,0.0,0.0,0.0,0.0,0.0,0.0,0.0,0.0,0.0,0.0,0.0,0.0,0.0,0.0,0.0,0.0,0.0,0.0,0.0,0.0,0.0,0.0,0.0,0.0,0.0,0.0,0.0,0.0,0.0,0.0,0.0,0.0,0.0,0.0,0.0,0.0,0.0,0.0,0.0,0.0,0.0,0.0,0.0,0.0,0.0,0.0,0.0,0.0,0.000237,0.0,0.0,0.0,0.0,0.0,0.0,0.0,0.0,0.0,0.0,0.0,0.0,0.0,0.0,0.0,0.0,0.0,0.0,0.0,0.0,0.0,0.0,0.0,0.0,0.0,0.0,0.0,0.0,0.0,0.0,0.0,0.0,0.0,0.0,0.0,0.0,0.0,0.0,0.0,0.0,0.0,0.0,0.0,0.0,0.0,7e-06,7e-06,7e-06,0.0,0.0,0.0,0.0,0.0,0.0,0.0,0.0,0.0,0.0,0.0,0.0,0.0,0.0,0.0,0.0,0.0,0.0,0.0,0.0,0.0,0.0,0.0,0.0,0.0,0.0,0.0,0.0,0.0,0.0,0.0,0.0,0.0,0.0,0.0,0.0,0.0,0.0,0.0,0.0,0.0,0.0,0.0,0.0,0.0,0.0,0.0,1.153089,0.0,0.0,0.0,0.0,0.0,0.0,0.0,0.0,0.0,0.0,0.0,0.0,0.0,0.0,0.0,0.0,0.0,0.0,0.0,0.0,0.0,0.0,0.0,0.0,0.0,0.0,0.0
BBS_CA_007_RED_BLUFF_2020,2020-05-28,2020-06-10,0.0,0.0,0.0,0.0,0.0,0.0,0.0,0.0,0.0,0.0,0.0,0.0,0.0,0.0,0.0,0.0,0.0,0.0,0.0,0.0,0.0,0.0,0.0,0.0,0.0,0.0,0.0,0.0,0.0,0.0,0.0,0.0,0.0,0.0,0.0,0.0,0.0,0.0,0.0,0.0,0.0,0.0,0.0,0.0,0.0,0.0,0.0,0.0,0.0,0.0,0.0,0.0,0.0,0.0,0.0,0.0,0.0,0.0,0.0,0.0,0.0,0.0,0.0,0.0,0.0,0.0,0.0,0.0,1.5567,0.0,0.0,0.0,0.15,0.15,0.15,0.1758,0.1758,0.1758,0.1758,0.1758,0.1758,0.053,0.053,0.053,0.0,0.0,0.0,0.0,0.0,0.0,0.0,0.0,0.0,0.0,0.0,0.0,0.0,0.0,0.0,0.0,0.0,0.0,0.0,0.0,0.0,0.0,0.0,0.0,0.0,0.0,0.0,0.0,0.0,0.0,0.0,0.0,0.0,0.0,0.0,0.0,0.0,0.0,0.0,0.0,0.0,0.0,0.0,0.0,0.0,0.0,0.0,0.0,0.0,0.0,0.0,0.0,0.0,0.0,0.0,0.0,0.0,0.0,0.0,0.0,0.0,0.0,0.0,0.0,0.0,0.0,0.0,0.0,0.0,0.0,0.0,0.0,0.0,0.0,0.0,0.0,0.0,0.0,0.0,0.0,0.001186,0.0,0.0,0.0,0.004839,0.004839,0.004839,0.005672,0.005672,0.005672,0.005672,0.005672,0.005672,0.001708,0.001708,0.001708,0.0,0.0,0.0,0.0,0.0,0.0,0.0,0.0,0.0,0.0,0.0,0.0,0.0,0.0,0.0,0.0,0.0,0.0,0.0,0.0,0.0,0.0,0.0,0.0,0.0,0.0,0.0,0.0,0.0,0.0,0.0,0.0,0.0,0.0,0.0,0.0,0.0,0.0,0.0,0.0,0.0,0.0,0.0,0.0,0.0,0.0,0.0,0.0,0.0,0.0,0.0,0.0,0.0,0.0,0.0,0.0,0.0,0.0,0.0,0.0,0.0,0.0,0.0,0.0,0.0,0.0,0.0,0.0,0.0,0.0,0.0,0.0,0.0,0.0,0.0,0.0,0.0,0.0,0.0,0.0,5.765427,0.0,0.0,0.0,2e-06,2e-06,2e-06,2e-06,2e-06,2e-06,2e-06,2e-06,2e-06,1e-06,1e-06,1e-06,0.0,0.0,0.0,0.0,0.0,0.0,0.0,0.0,0.0,0.0,0.0,0.0
BBS_CA_007_RED_BLUFF_2021,2021-05-28,2021-06-10,0.0,0.0,0.0,0.0,0.0,0.0,0.0,0.0,0.0,0.0,0.0,0.0,0.0,0.0,0.0,0.0,0.0,0.0,0.0,0.0,0.0,0.0,0.0,0.0,0.0,0.0,0.0,0.0,0.0,0.0,0.0,0.0,0.0,0.0,0.0,0.0,0.0,0.0,0.0,0.0,0.0,0.0,0.0,0.0,0.0,0.0,0.0,0.0,0.0,0.0,0.0,0.0,0.0,0.0,0.0,0.0,0.0,0.0,0.0,0.0,0.0,0.0,0.0,0.0,0.0,0.0,0.0,0.0,1.3387,0.0,0.0,0.0,0.0,0.0,0.0,0.0,0.0,0.0,0.0,0.0,0.0,0.0,0.0,0.0,0.0,0.0,0.0,0.0,0.0,0.0,0.0,0.0,0.0,0.0,0.0,0.0,0.0,0.0,0.0,0.0,0.0,0.0,0.0,0.0,0.0,0.0,0.0,0.0,0.0,0.0,0.0,0.0,0.0,0.0,0.0,0.0,0.0,0.0,0.0,0.0,0.0,0.0,0.0,0.0,0.0,0.0,0.0,0.0,0.0,0.0,0.0,0.0,0.0,0.0,0.0,0.0,0.0,0.0,0.0,0.0,0.0,0.0,0.0,0.0,0.0,0.0,0.0,0.0,0.0,0.0,0.0,0.0,0.0,0.0,0.0,0.0,0.0,0.0,0.0,0.0,0.0,0.0,0.0,0.0,0.00102,0.0,0.0,0.0,0.0,0.0,0.0,0.0,0.0,0.0,0.0,0.0,0.0,0.0,0.0,0.0,0.0,0.0,0.0,0.0,0.0,0.0,0.0,0.0,0.0,0.0,0.0,0.0,0.0,0.0,0.0,0.0,0.0,0.0,0.0,0.0,0.0,0.0,0.0,0.0,0.0,0.0,0.0,0.0,0.0,0.0,0.0,0.0,0.0,0.0,0.0,0.0,0.0,0.0,0.0,0.0,0.0,0.0,0.0,0.0,0.0,0.0,0.0,0.0,0.0,0.0,0.0,0.0,0.0,0.0,0.0,0.0,0.0,0.0,0.0,0.0,0.0,0.0,0.0,0.0,0.0,0.0,0.0,0.0,0.0,0.0,0.0,0.0,0.0,0.0,0.0,0.0,0.0,0.0,0.0,0.0,4.958251,0.0,0.0,0.0,0.0,0.0,0.0,0.0,0.0,0.0,0.0,0.0,0.0,0.0,0.0,0.0,0.0,0.0,0.0,0.0,0.0,0.0,0.0,0.0,0.0,0.0,0.0,0.0
BBS_CA_007_RED_BLUFF_2022,2022-05-28,2022-06-10,0.0,0.0,0.0,0.0,0.0,0.0,0.0,0.0,0.0,0.0,0.0,0.0,0.0,0.0,0.0,0.0,0.0,0.0,0.0,0.0,0.0,0.0,0.0,0.0,0.0,0.0,0.0,0.0,0.0,0.0,0.0,0.0,0.0,0.0,0.0,0.0,0.0,0.0,0.0,0.0,0.0,0.0,0.0,0.0,0.0,0.0,0.0,0.0,0.0,0.0,0.0,0.0,0.0,0.0,0.0,0.0,0.0,0.0,0.0,0.0,0.0,0.0,0.0,0.0,0.0,0.0,0.0,0.0,1.8524,0.0,0.0,0.0,0.0,0.0,0.0,0.0,0.0,0.0,0.0,0.0,0.0,0.0,0.0,0.0,0.0,0.0,0.0,0.0,0.0,0.0,0.0,0.0,0.0,0.0,0.0,0.0,0.0,0.0,0.0,0.0,0.0,0.0,0.0,0.0,0.0,0.0,0.0,0.0,0.0,0.0,0.0,0.0,0.0,0.0,0.0,0.0,0.0,0.0,0.0,0.0,0.0,0.0,0.0,0.0,0.0,0.0,0.0,0.0,0.0,0.0,0.0,0.0,0.0,0.0,0.0,0.0,0.0,0.0,0.0,0.0,0.0,0.0,0.0,0.0,0.0,0.0,0.0,0.0,0.0,0.0,0.0,0.0,0.0,0.0,0.0,0.0,0.0,0.0,0.0,0.0,0.0,0.0,0.0,0.0,0.001412,0.0,0.0,0.0,0.0,0.0,0.0,0.0,0.0,0.0,0.0,0.0,0.0,0.0,0.0,0.0,0.0,0.0,0.0,0.0,0.0,0.0,0.0,0.0,0.0,0.0,0.0,0.0,0.0,0.0,0.0,0.0,0.0,0.0,0.0,0.0,0.0,0.0,0.0,0.0,0.0,0.0,0.0,0.0,0.0,0.0,0.0,0.0,0.0,0.0,0.0,0.0,0.0,0.0,0.0,0.0,0.0,0.0,0.0,0.0,0.0,0.0,0.0,0.0,0.0,0.0,0.0,0.0,0.0,0.0,0.0,0.0,0.0,0.0,0.0,0.0,0.0,0.0,0.0,0.0,0.0,0.0,0.0,0.0,0.0,0.0,0.0,0.0,0.0,0.0,0.0,0.0,0.0,0.0,0.0,0.0,6.860852,0.0,0.0,0.0,0.0,0.0,0.0,0.0,0.0,0.0,0.0,0.0,0.0,0.0,0.0,0.0,0.0,0.0,0.0,0.0,0.0,0.0,0.0,0.0,0.0,0.0,0.0,0.0
BBS_CA_012_PENNINGTON_2015,2015-05-28,2015-06-10,0.0,0.0,0.0,0.0,0.0,0.0,0.0,0.0,0.0,0.0,0.0,0.0,0.0,0.0,0.0,0.0,0.0,0.0,2.995,2.995,2.995,0.0,0.0,0.0,0.0,0.0,0.0,0.0,0.0,0.0,0.0,0.0,0.0,0.0,0.0,0.0,0.0,0.0,0.0,0.0,0.0,0.0,0.063,0.063,56.6631,0.0,0.0,0.0,0.0,0.0,0.0,0.0,0.0,0.0,3.9646,3.9646,3.9646,0.0,0.0,0.0,1.4434,1.4434,1.4434,4.8439,4.8439,4.8439,90.4955,93.3678,99.3161,0.3928,0.3928,0.3928,0.0,0.0,0.0,0.0,0.0,0.0,0.0049,0.0049,0.0049,0.0,0.0,0.0,0.0,0.0,0.0,0.0,0.0,0.0,0.0,0.0,1.625,0.0,0.0,0.0,0.0,0.0,0.0,0.0,0.0,0.0,0.0,0.0,0.0,0.0,0.0,0.0,0.0,0.0,0.0,0.0,0.0,0.0,0.001331,0.001331,0.001331,0.0,0.0,0.0,0.0,0.0,0.0,0.0,0.0,0.0,0.0,0.0,0.0,0.0,0.0,0.0,0.0,0.0,0.0,0.0,0.0,0.0,0.001606,0.001606,1.445486,0.0,0.0,0.0,0.0,0.0,0.0,0.0,0.0,0.0,0.040455,0.040455,0.040455,0.0,0.0,0.0,0.000365,0.000365,0.000365,0.001226,0.001226,0.001226,0.032009,0.033473,0.036106,9.9e-05,9.9e-05,9.9e-05,0.0,0.0,0.0,0.0,0.0,0.0,0.000157,0.000157,0.000157,0.0,0.0,0.0,0.0,0.0,0.0,0.0,0.0,0.0,0.0,0.0,0.000722,0.0,0.0,0.0,0.0,0.0,0.0,0.0,0.0,0.0,0.0,0.0,0.0,0.0,0.0,0.0,0.0,0.0,0.0,0.0,0.0,0.0,0.25819,0.25819,0.25819,0.0,0.0,0.0,0.0,0.0,0.0,0.0,0.0,0.0,0.0,0.0,0.0,0.0,0.0,0.0,0.0,0.0,0.0,0.0,0.0,0.0,0.629513,0.629513,566.630607,0.0,0.0,0.0,0.0,0.0,0.0,0.0,0.0,0.0,8e-05,8e-05,8e-05,0.0,0.0,0.0,6.275836,6.275836,6.275836,21.060511,21.060511,21.060511,361.501055,373.938478,398.375461,1.707747,1.707747,1.707747,0.0,0.0,0.0,0.0,0.0,0.0,0.0,0.0,0.0,0.0,0.0,0.0,0.0,0.0,0.0,0.0,0.0,0.0,0.0,0.0,0.007127,0.0,0.0,0.0
BBS_CA_012_PENNINGTON_2016,2016-05-28,2016-06-10,0.0,0.0,0.0,0.0,0.0,0.0,0.0,0.0,0.0,0.0,0.0,0.0,0.0,0.0,0.0,0.0,0.0,0.0,19.6857,19.6857,19.6857,0.0,0.0,0.0,0.0,0.0,0.0,0.0,0.0,0.0,0.0,0.0,0.0,0.0,0.0,0.0,0.0,0.0,0.0,0.0,0.0,0.0,0.0,14.5507,14.5507,0.0,0.0,0.0,0.0,0.0,0.0,0.0,0.0,0.0,6.1176,6.1176,6.1176,0.0,0.0,0.0,1.9146,1.9146,1.9146,6.6226,6.6226,6.6226,67.134,88.1142,88.1143,0.5,0.5,0.5,0.0,0.0,0.0,0.0,0.0,0.0,0.0,0.1281,0.1281,0.0,0.0,0.0,0.0,0.0,0.0,0.0,0.0,0.0,0.0,0.0,0.0,0.0,0.0,0.0,0.0,0.0,0.0,0.0,0.0,0.0,0.0,0.0,0.0,0.0,0.0,0.0,0.0,0.0,0.0,0.0,0.0,0.0,0.008749,0.008749,0.008749,0.0,0.0,0.0,0.0,0.0,0.0,0.0,0.0,0.0,0.0,0.0,0.0,0.0,0.0,0.0,0.0,0.0,0.0,0.0,0.0,0.0,0.0,0.371192,0.371192,0.0,0.0,0.0,0.0,0.0,0.0,0.0,0.0,0.0,0.062424,0.062424,0.062424,0.0,0.0,0.0,0.000485,0.000485,0.000485,0.001717,0.001717,0.001717,0.022473,0.033402,0.033402,0.000127,0.000127,0.000127,0.0,0.0,0.0,0.0,0.0,0.0,0.0,0.004131,0.004131,0.0,0.0,0.0,0.0,0.0,0.0,0.0,0.0,0.0,0.0,0.0,0.0,0.0,0.0,0.0,0.0,0.0,0.0,0.0,0.0,0.0,0.0,0.0,0.0,0.0,0.0,0.0,0.0,0.0,0.0,0.0,0.0,0.0,1.697043,1.697043,1.697043,0.0,0.0,0.0,0.0,0.0,0.0,0.0,0.0,0.0,0.0,0.0,0.0,0.0,0.0,0.0,0.0,0.0,0.0,0.0,0.0,0.0,0.0,145.50738,145.50738,0.0,0.0,0.0,0.0,0.0,0.0,0.0,0.0,0.0,0.000123,0.000123,0.000123,0.0,0.0,0.0,8.324346,8.324346,8.324346,28.742897,28.742897,28.742897,283.545732,440.170379,440.170735,2.173837,2.173837,2.173837,0.0,0.0,0.0,0.0,0.0,0.0,0.0,2e-06,2e-06,0.0,0.0,0.0,0.0,0.0,0.0,0.0,0.0,0.0,0.0,0.0,0.0,0.0,0.0,0.0
BBS_CA_012_PENNINGTON_2017,2017-05-28,2017-06-10,0.0,0.0,0.0,0.0,0.0,0.0,0.0,0.0,0.0,0.0,0.0,0.0,0.0,0.0,0.0,0.0,0.0,0.0,5.9544,5.9544,5.9544,0.0,0.0,0.0,0.0,0.0,0.0,0.0,0.0,0.0,0.0,0.0,0.0,0.0,0.0,0.0,0.0,0.0,0.0,0.0,0.0,0.0,0.0,0.0977,0.0977,0.0,0.0,0.0,0.0,0.0,0.0,0.0,0.0,0.0,14.8845,14.8845,14.8845,0.0,0.0,0.0,1.6668,1.6668,1.6668,5.7075,5.7075,5.7075,195.782,196.351,196.5232,0.4247,0.4247,0.4247,0.0,0.0,0.0,0.0,0.0,0.0,3.7107,3.7107,3.7107,0.0,0.0,0.0,0.0,0.0,0.0,0.0,0.0,0.0,0.0,0.0,0.0,0.0,0.0,0.0,0.0,0.0,0.0,0.0,0.0,0.0,0.0,0.0,0.0,0.0,0.0,0.0,0.0,0.0,0.0,0.0,0.0,0.0,0.002646,0.002646,0.002646,0.0,0.0,0.0,0.0,0.0,0.0,0.0,0.0,0.0,0.0,0.0,0.0,0.0,0.0,0.0,0.0,0.0,0.0,0.0,0.0,0.0,0.0,0.002492,0.002492,0.0,0.0,0.0,0.0,0.0,0.0,0.0,0.0,0.0,0.151882,0.151882,0.151882,0.0,0.0,0.0,0.001229,0.001229,0.001229,0.003346,0.003346,0.003346,0.098467,0.098611,0.098707,0.000324,0.000324,0.000324,0.0,0.0,0.0,0.0,0.0,0.0,0.119701,0.119701,0.119701,0.0,0.0,0.0,0.0,0.0,0.0,0.0,0.0,0.0,0.0,0.0,0.0,0.0,0.0,0.0,0.0,0.0,0.0,0.0,0.0,0.0,0.0,0.0,0.0,0.0,0.0,0.0,0.0,0.0,0.0,0.0,0.0,0.0,0.513311,0.513311,0.513311,0.0,0.0,0.0,0.0,0.0,0.0,0.0,0.0,0.0,0.0,0.0,0.0,0.0,0.0,0.0,0.0,0.0,0.0,0.0,0.0,0.0,0.0,0.977004,0.977004,0.0,0.0,0.0,0.0,0.0,0.0,0.0,0.0,0.0,0.000299,0.000299,0.000299,0.0,0.0,0.0,6.225616,6.225616,6.225616,22.410145,22.410145,22.410145,1548.143862,1550.617897,1552.182005,1.572942,1.572942,1.572942,0.0,0.0,0.0,0.0,0.0,0.0,4.4e-05,4.4e-05,4.4e-05,0.0,0.0,0.0,0.0,0.0,0.0,0.0,0.0,0.0,0.0,0.0,0.0,0.0,0.0,0.0
BBS_CA_012_PENNINGTON_2018,2018-05-28,2018-06-10,0.0,0.0,0.0,0.0,0.0,0.0,0.0,0.0,0.0,0.0,0.0,0.0,0.0,0.0,0.0,0.0,0.0,0.0,36.4711,36.4711,36.4711,0.0,0.0,0.0,0.0,0.0,0.0,0.0,0.0,0.0,0.0,0.0,0.0,0.0,0.0,0.0,0.0,0.0,0.0,0.0,0.0,0.0,0.0,0.0,0.0,0.0,0.0,0.0,0.0,0.0,0.0,0.0,0.0,0.0,5.7107,5.7107,5.7107,0.0,0.0,0.0,1.5772,1.5772,1.5772,4.3523,4.3871,4.3871,47.9288,51.0093,51.0093,0.4247,0.4247,0.4247,0.0656,0.0656,0.0656,0.9754,0.9754,0.9754,9.3379,9.3379,9.3379,0.0,0.0,0.0,0.0,0.0,0.0,0.0,0.0,0.0,4.5369,4.5369,4.5369,0.0,0.0,0.0,0.0,0.0,0.0,0.0,0.0,0.0,0.0,0.0,0.0,0.0,0.0,0.0,0.0,0.0,0.0,0.0,0.0,0.0,0.016209,0.016209,0.016209,0.0,0.0,0.0,0.0,0.0,0.0,0.0,0.0,0.0,0.0,0.0,0.0,0.0,0.0,0.0,0.0,0.0,0.0,0.0,0.0,0.0,0.0,0.0,0.0,0.0,0.0,0.0,0.0,0.0,0.0,0.0,0.0,0.0,0.058272,0.058272,0.058272,0.0,0.0,0.0,0.001181,0.001181,0.001181,0.002668,0.002695,0.002695,0.026141,0.028418,0.028418,0.000324,0.000324,0.000324,0.002115,0.002115,0.002115,0.031464,0.031464,0.031464,0.301224,0.301224,0.301224,0.0,0.0,0.0,0.0,0.0,0.0,0.0,0.0,0.0,0.002016,0.002016,0.002016,0.0,0.0,0.0,0.0,0.0,0.0,0.0,0.0,0.0,0.0,0.0,0.0,0.0,0.0,0.0,0.0,0.0,0.0,0.0,0.0,0.0,3.144058,3.144058,3.144058,0.0,0.0,0.0,0.0,0.0,0.0,0.0,0.0,0.0,0.0,0.0,0.0,0.0,0.0,0.0,0.0,0.0,0.0,0.0,0.0,0.0,0.0,0.0,0.0,0.0,0.0,0.0,0.0,0.0,0.0,0.0,0.0,0.0,0.000115,0.000115,0.000115,0.0,0.0,0.0,5.849382,5.849382,5.849382,16.65431,16.783249,16.783249,187.981581,201.2506,201.2506,1.572942,1.572942,1.572942,1e-06,1e-06,1e-06,1.1e-05,1.1e-05,1.1e-05,0.00011,0.00011,0.00011,0.0,0.0,0.0,0.0,0.0,0.0,0.0,0.0,0.0,0.019899,0.019899,0.019899,0.0,0.0,0.0
BBS_CA_012_PENNINGTON_2019,2019-05-28,2019-06-10,0.0,0.0,0.0,0.0,0.0,0.0,0.0,0.0,0.0,0.0,0.0,0.0,0.0,0.0,0.0,0.0,0.0,0.0,42.053,42.053,42.053,0.0,0.0,0.0,0.0,0.0,0.0,0.0,0.0,0.0,0.0,0.0,0.0,0.0,0.0,0.0,0.0,0.0,0.0,0.0,0.0,0.0,0.0,0.0,0.0,0.0,0.0,0.0,0.0,0.0,0.0,0.0,0.0,0.0,0.0,0.0,0.0,0.0,0.0,0.0,0.6097,0.6097,0.6097,4.5238,4.5238,4.5238,162.6508,165.4258,165.4258,0.1364,0.1364,0.1364,0.0356,0.0356,0.0356,0.5298,0.5298,0.5298,30.9854,30.9854,30.9854,0.0,0.0,0.0,0.0,0.0,0.0,0.0,0.0,0.0,0.0,0.0,0.0,0.0,0.0,0.0,0.0,0.0,0.0,0.0,0.0,0.0,0.0,0.0,0.0,0.0,0.0,0.0,0.0,0.0,0.0,0.0,0.0,0.0,0.01869,0.01869,0.01869,0.0,0.0,0.0,0.0,0.0,0.0,0.0,0.0,0.0,0.0,0.0,0.0,0.0,0.0,0.0,0.0,0.0,0.0,0.0,0.0,0.0,0.0,0.0,0.0,0.0,0.0,0.0,0.0,0.0,0.0,0.0,0.0,0.0,0.0,0.0,0.0,0.0,0.0,0.0,0.000425,0.000425,0.000425,0.001985,0.001985,0.001985,0.07429,0.076065,0.076065,0.000104,0.000104,0.000104,0.001149,0.001149,0.001149,0.017092,0.017092,0.017092,0.99953,0.99953,0.99953,0.0,0.0,0.0,0.0,0.0,0.0,0.0,0.0,0.0,0.0,0.0,0.0,0.0,0.0,0.0,0.0,0.0,0.0,0.0,0.0,0.0,0.0,0.0,0.0,0.0,0.0,0.0,0.0,0.0,0.0,0.0,0.0,0.0,3.625261,3.625261,3.625261,0.0,0.0,0.0,0.0,0.0,0.0,0.0,0.0,0.0,0.0,0.0,0.0,0.0,0.0,0.0,0.0,0.0,0.0,0.0,0.0,0.0,0.0,0.0,0.0,0.0,0.0,0.0,0.0,0.0,0.0,0.0,0.0,0.0,0.0,0.0,0.0,0.0,0.0,0.0,2.298034,2.298034,2.298034,18.451018,18.451018,18.451018,883.833335,893.063794,893.063794,0.505159,0.505159,0.505159,0.0,0.0,0.0,6e-06,6e-06,6e-06,0.000365,0.000365,0.000365,0.0,0.0,0.0,0.0,0.0,0.0,0.0,0.0,0.0,0.0,0.0,0.0,0.0,0.0,0.0
BBS_CA_012_PENNINGTON_2020,2020-05-28,2020-06-10,0.0,0.0,0.0,0.0,0.0,0.0,0.0,0.0,0.0,0.0,0.0,0.0,0.0,0.0,0.0,0.0,0.0,0.0,20.9023,22.8271,22.8271,0.0,0.0,0.0,0.0,0.0,0.0,0.0,0.0,0.0,0.0,0.0,0.0,0.0,0.0,0.0,0.0,0.0,0.0,0.0,0.0,0.0,0.0,0.0,0.0,0.0,0.0,0.0,0.0,0.0,0.0,0.0,0.0,0.0,0.0,0.0,0.0,0.0,0.0,0.0,8.5996,8.6394,8.6394,25.6582,26.7568,26.793,132.8746,173.5134,175.0074,2.2616,2.2616,2.2616,0.0712,0.0712,0.0712,1.0597,2.0725,2.0725,12.2294,22.9461,22.9461,0.0,0.0,0.0,0.0,0.0,0.0,0.0,0.0,0.0,0.0,0.0,0.0,0.0,0.0,0.0,0.0,0.0,0.0,0.0,0.0,0.0,0.0,0.0,0.0,0.0,0.0,0.0,0.0,0.0,0.0,0.0,0.0,0.0,0.00929,0.010145,0.010145,0.0,0.0,0.0,0.0,0.0,0.0,0.0,0.0,0.0,0.0,0.0,0.0,0.0,0.0,0.0,0.0,0.0,0.0,0.0,0.0,0.0,0.0,0.0,0.0,0.0,0.0,0.0,0.0,0.0,0.0,0.0,0.0,0.0,0.0,0.0,0.0,0.0,0.0,0.0,0.003077,0.003108,0.003108,0.009725,0.010429,0.010457,0.052906,0.080607,0.081746,0.000789,0.000789,0.000789,0.002298,0.002298,0.002298,0.034184,0.066856,0.066856,0.394497,0.740198,0.740198,0.0,0.0,0.0,0.0,0.0,0.0,0.0,0.0,0.0,0.0,0.0,0.0,0.0,0.0,0.0,0.0,0.0,0.0,0.0,0.0,0.0,0.0,0.0,0.0,0.0,0.0,0.0,0.0,0.0,0.0,0.0,0.0,0.0,1.801923,1.967856,1.967856,0.0,0.0,0.0,0.0,0.0,0.0,0.0,0.0,0.0,0.0,0.0,0.0,0.0,0.0,0.0,0.0,0.0,0.0,0.0,0.0,0.0,0.0,0.0,0.0,0.0,0.0,0.0,0.0,0.0,0.0,0.0,0.0,0.0,0.0,0.0,0.0,0.0,0.0,0.0,36.229806,36.377193,36.377193,107.160518,111.099703,111.234014,596.060253,746.45732,751.990649,9.558904,9.558904,9.558904,1e-06,1e-06,1e-06,1.2e-05,2.4e-05,2.4e-05,0.000144,0.00027,0.00027,0.0,0.0,0.0,0.0,0.0,0.0,0.0,0.0,0.0,0.0,0.0,0.0,0.0,0.0,0.0
BBS_CA_012_PENNINGTON_2021,2021-05-28,2021-06-10,0.0,0.0,0.0,0.0,0.0,0.0,0.0,0.0,0.0,0.0,0.0,0.0,0.3198,0.3198,0.3198,4.6513,4.6513,4.6513,30.7946,30.7946,30.7946,0.0,0.0,0.0,0.0,0.0,0.0,0.0,0.0,0.0,0.0,0.0,0.0,0.0,0.0,0.0,0.0,0.0,0.0,0.0,0.0,0.0,0.0,0.0,0.0,0.0,0.0,0.0,0.0,0.0,0.0,0.0,0.0,0.0,0.0,2.1411,2.1411,0.0,0.0,0.0,2.6311,2.6311,2.6311,10.3979,10.4698,10.4698,114.3756,244.8092,245.8184,0.6319,0.6319,0.6319,0.0712,0.0712,0.0712,1.0597,1.0597,1.0597,32.4293,32.4293,32.4293,0.0,0.0,0.0,0.0,0.0,0.0,0.0,0.0,0.0,0.0,0.0,0.0,0.0,0.0,0.0,0.0,0.0,0.0,0.0,0.0,0.0,0.0,0.0,0.0,0.0,0.0,0.0,0.000142,0.000142,0.000142,0.002067,0.002067,0.002067,0.013686,0.013686,0.013686,0.0,0.0,0.0,0.0,0.0,0.0,0.0,0.0,0.0,0.0,0.0,0.0,0.0,0.0,0.0,0.0,0.0,0.0,0.0,0.0,0.0,0.0,0.0,0.0,0.0,0.0,0.0,0.0,0.0,0.0,0.0,0.0,0.0,0.0,0.021848,0.021848,0.0,0.0,0.0,0.001695,0.001695,0.001695,0.006334,0.006389,0.006389,0.055884,0.131282,0.131537,0.000407,0.000407,0.000407,0.002298,0.002298,0.002298,0.034184,0.034184,0.034184,1.046107,1.046107,1.046107,0.0,0.0,0.0,0.0,0.0,0.0,0.0,0.0,0.0,0.0,0.0,0.0,0.0,0.0,0.0,0.0,0.0,0.0,0.0,0.0,0.0,0.0,0.0,0.0,0.0,0.0,0.0,0.027568,0.027568,0.027568,0.400971,0.400971,0.400971,2.654705,2.654705,2.654705,0.0,0.0,0.0,0.0,0.0,0.0,0.0,0.0,0.0,0.0,0.0,0.0,0.0,0.0,0.0,0.0,0.0,0.0,0.0,0.0,0.0,0.0,0.0,0.0,0.0,0.0,0.0,0.0,0.0,0.0,0.0,0.0,0.0,0.0,4.3e-05,4.3e-05,0.0,0.0,0.0,10.117361,10.117361,10.117361,40.212724,40.479196,40.479196,641.081129,1750.302109,1754.689672,2.434138,2.434138,2.434138,1e-06,1e-06,1e-06,1.2e-05,1.2e-05,1.2e-05,0.000382,0.000382,0.000382,0.0,0.0,0.0,0.0,0.0,0.0,0.0,0.0,0.0,0.0,0.0,0.0,0.0,0.0,0.0
BBS_CA_012_PENNINGTON_2022,2022-05-28,2022-06-10,0.0,0.0,0.0,0.0,0.0,0.0,0.0,0.0,0.0,0.0,0.0,0.0,1.8297,1.8297,1.8297,3.325,3.325,3.325,40.7313,40.7313,40.7313,0.5116,0.5116,0.5116,0.0,0.0,0.0,0.0,0.0,0.0,0.0,0.0,0.0,0.0,0.0,0.0,0.0,0.0,0.0,0.0,0.0,0.0,0.0,0.0,0.0,0.0,0.0,0.0,0.2094,0.2094,0.2094,3.1155,3.1155,3.1155,5.25,5.2545,5.2545,0.0,0.0,0.0,5.932,5.9569,5.9569,13.0847,13.4548,13.4548,87.1183,91.8473,91.8473,1.6384,1.6384,1.6384,0.0,0.0,0.0,0.0,0.0,0.0,17.1095,17.1095,17.1095,0.0,0.0,0.0,0.0,0.0,0.0,0.0,0.0,0.0,0.0,0.0,0.0,0.0,0.0,0.0,0.0,0.0,0.0,0.0,0.0,0.0,0.0,0.0,0.0,0.0,0.0,0.0,0.000813,0.000813,0.000813,0.001478,0.001478,0.001478,0.018103,0.018103,0.018103,0.000227,0.000227,0.000227,0.0,0.0,0.0,0.0,0.0,0.0,0.0,0.0,0.0,0.0,0.0,0.0,0.0,0.0,0.0,0.0,0.0,0.0,0.0,0.0,0.0,0.0,0.0,0.0,0.002137,0.002137,0.002137,0.031791,0.031791,0.031791,0.053571,0.053618,0.053618,0.0,0.0,0.0,0.001502,0.001521,0.001521,0.003313,0.003595,0.003595,0.033164,0.035765,0.035765,0.000415,0.000415,0.000415,0.0,0.0,0.0,0.0,0.0,0.0,0.551918,0.551918,0.551918,0.0,0.0,0.0,0.0,0.0,0.0,0.0,0.0,0.0,0.0,0.0,0.0,0.0,0.0,0.0,0.0,0.0,0.0,0.0,0.0,0.0,0.0,0.0,0.0,0.0,0.0,0.0,0.157735,0.157735,0.157735,0.286638,0.286638,0.286638,3.511319,3.511319,3.511319,0.0441,0.0441,0.0441,0.0,0.0,0.0,0.0,0.0,0.0,0.0,0.0,0.0,0.0,0.0,0.0,0.0,0.0,0.0,0.0,0.0,0.0,0.0,0.0,0.0,0.0,0.0,0.0,4e-06,4e-06,4e-06,6.3e-05,6.3e-05,6.3e-05,0.000105,0.000106,0.000106,0.0,0.0,0.0,25.791465,25.883583,25.883583,56.89016,58.260736,58.260736,475.35417,509.142999,509.142999,7.123496,7.123496,7.123496,0.0,0.0,0.0,0.0,0.0,0.0,0.000201,0.000201,0.000201,0.0,0.0,0.0,0.0,0.0,0.0,0.0,0.0,0.0,0.0,0.0,0.0,0.0,0.0,0.0
BBS_CA_012_PENNINGTON_2023,2023-05-28,2023-06-10,0.0,0.0,0.0,0.0,0.0,0.0,0.0,0.0,0.0,0.0,0.0,0.0,0.0,0.0,0.0,1.9972,1.9972,1.9972,74.1915,74.1915,74.1915,0.0,0.0,0.0,0.0,0.0,0.0,0.0,0.0,0.0,0.0,0.0,0.0,0.0,0.0,0.0,0.0,0.0,0.0,0.0,0.0,0.0,0.0,0.0,0.0,0.0,0.0,0.0,0.0,0.0,0.0,0.0,0.0,0.0,1.92,1.92,1.92,0.0,0.0,0.0,1.548,1.548,1.548,5.3148,5.3148,5.3148,121.2002,121.7859,125.5274,0.4171,0.4171,0.4171,0.1406,0.1406,0.1406,2.045,2.045,2.045,6.54,6.54,6.54,0.0,0.0,0.0,0.0,0.0,0.0,0.0,0.0,0.0,0.0,0.0,0.0,0.0,0.0,0.0,0.0,0.0,0.0,0.0,0.0,0.0,0.0,0.0,0.0,0.0,0.0,0.0,0.0,0.0,0.0,0.000888,0.000888,0.000888,0.032974,0.032974,0.032974,0.0,0.0,0.0,0.0,0.0,0.0,0.0,0.0,0.0,0.0,0.0,0.0,0.0,0.0,0.0,0.0,0.0,0.0,0.0,0.0,0.0,0.0,0.0,0.0,0.0,0.0,0.0,0.0,0.0,0.0,0.0,0.0,0.0,0.019592,0.019592,0.019592,0.0,0.0,0.0,0.000392,0.000392,0.000392,0.001346,0.001346,0.001346,0.033116,0.033563,0.036414,0.000106,0.000106,0.000106,0.000244,0.000244,0.000244,0.00355,0.00355,0.00355,0.011354,0.011354,0.011354,0.0,0.0,0.0,0.0,0.0,0.0,0.0,0.0,0.0,0.0,0.0,0.0,0.0,0.0,0.0,0.0,0.0,0.0,0.0,0.0,0.0,0.0,0.0,0.0,0.0,0.0,0.0,0.0,0.0,0.0,0.172172,0.172172,0.172172,6.395823,6.395823,6.395823,0.0,0.0,0.0,0.0,0.0,0.0,0.0,0.0,0.0,0.0,0.0,0.0,0.0,0.0,0.0,0.0,0.0,0.0,0.0,0.0,0.0,0.0,0.0,0.0,0.0,0.0,0.0,0.0,0.0,0.0,0.0,0.0,0.0,3.9e-05,3.9e-05,3.9e-05,0.0,0.0,0.0,6.730277,6.730277,6.730277,23.107813,23.107813,23.107813,564.954251,567.123799,580.981186,1.813537,1.813537,1.813537,1e-06,1e-06,1e-06,2e-05,2e-05,2e-05,6.5e-05,6.5e-05,6.5e-05,0.0,0.0,0.0,0.0,0.0,0.0,0.0,0.0,0.0,0.0,0.0,0.0,0.0,0.0,0.0
BBS_CA_021_HUGHSON_2015,2015-05-28,2015-06-10,0.0,0.0,0.0,0.0,0.0,0.0,0.0,0.0,0.0,0.0,0.0,0.0,5.1465,5.1465,5.1465,21.9955,24.7482,24.7482,76.2726,96.4896,96.4896,0.9598,0.9598,0.9598,0.0,0.0,0.0,0.0,0.0,0.0,0.0,0.0,0.0,0.0,0.0,0.0,57.0552,57.0552,57.0552,264.3058,264.3058,264.3058,892.854,1046.0026,1114.2625,12.222,12.222,12.222,0.0,0.0,0.0,0.225,0.2271,0.2271,13.937,32.7499,33.7235,0.0,0.0,0.0,13.7028,15.9609,16.2119,70.3075,87.3959,87.9883,362.0116,438.2285,444.9602,2.726,2.8449,2.9195,2.0817,2.2943,2.2943,11.2381,12.8278,12.8278,59.7437,83.8731,88.2116,0.3655,0.4286,0.4286,0.5381,0.6161,3.0987,2.8569,3.1404,11.1765,7.8504,19.5602,85.6853,0.0285,0.0435,0.737,0.0,0.0,0.0,0.0,0.0,0.0,0.0,0.0,0.0,0.0,0.0,0.0,0.002422,0.002422,0.002422,0.010125,0.011501,0.011501,0.036232,0.046329,0.046329,0.000467,0.000467,0.000467,0.0,0.0,0.0,0.0,0.0,0.0,0.0,0.0,0.0,0.0,0.0,0.0,1.408534,1.408534,1.408534,6.632766,6.632766,6.632766,22.578967,26.30987,27.116069,0.297842,0.297842,0.297842,0.0,0.0,0.0,0.002296,0.002317,0.002317,0.142215,0.334183,0.344117,0.0,0.0,0.0,0.009267,0.010333,0.010397,0.047879,0.05632,0.05647,0.232911,0.275023,0.279023,0.001741,0.00179,0.001809,0.067151,0.074008,0.074008,0.36252,0.413801,0.413801,1.927217,2.588263,2.622059,0.01179,0.013827,0.013827,0.000269,0.000308,0.001447,0.001428,0.00157,0.005313,0.003741,0.009346,0.041732,1.4e-05,2.2e-05,0.000341,0.0,0.0,0.0,0.0,0.0,0.0,0.0,0.0,0.0,0.0,0.0,0.0,0.275727,0.275727,0.275727,1.458558,1.505155,1.505155,3.654281,4.006566,4.006566,0.032191,0.032191,0.032191,0.0,0.0,0.0,0.0,0.0,0.0,0.0,0.0,0.0,0.0,0.0,0.0,549.823628,549.823628,549.823628,2594.619137,2594.619137,2594.619137,8815.491462,10269.306336,10599.189682,116.064448,116.064448,116.064448,0.0,0.0,0.0,5e-06,5e-06,5e-06,0.00028,0.000658,0.000677,0.0,0.0,0.0,85.184287,102.762977,103.854092,436.444806,575.275625,577.851095,2271.949859,2819.773815,2840.595592,18.673821,19.480068,19.804108,2.4e-05,2.7e-05,2.7e-05,0.000132,0.000151,0.000151,0.000703,0.00098,0.001025,4e-06,5e-06,5e-06,0.000538,0.000616,0.009313,0.002857,0.003146,0.027938,0.019087,0.046034,0.153403,2.8e-05,4.3e-05,0.002434
BBS_CA_021_HUGHSON_2016,2016-05-28,2016-06-10,0.0,0.0,0.0,0.0,0.0,0.0,0.0,0.0,0.0,0.0,0.0,0.0,3.7451,3.7451,3.7451,15.7929,15.8032,15.8032,102.8965,110.559,112.8035,1.142,1.142,1.142,0.0,0.0,0.0,0.0,0.0,0.0,0.0,0.0,0.0,0.0,0.0,0.0,5.3506,5.3506,9.3593,31.7107,31.7107,41.1714,157.6746,208.5865,304.086,0.1993,0.1993,1.3898,0.0,0.0,0.0,0.5843,0.7932,0.7932,28.7282,31.4882,32.4262,0.0,0.0,0.0,13.8933,14.912,15.1181,67.2117,72.6907,73.1774,280.0529,316.8091,323.8739,2.8336,2.9419,3.0032,0.5447,0.5447,0.5447,1.1739,1.234,1.234,5.6398,10.3144,13.8377,0.1798,0.1798,0.1798,0.0,0.5715,1.2313,0.0198,3.0542,8.8201,5.4854,13.5754,58.338,0.0,0.0302,0.2262,0.0,0.0,0.0,0.0,0.0,0.0,0.0,0.0,0.0,0.0,0.0,0.0,0.001817,0.001817,0.001817,0.00768,0.007685,0.007685,0.049207,0.052812,0.053809,0.000554,0.000554,0.000554,0.0,0.0,0.0,0.0,0.0,0.0,0.0,0.0,0.0,0.0,0.0,0.0,0.014904,0.014904,0.396685,0.088331,0.088331,0.989347,0.850974,2.167054,6.603549,0.000555,0.000555,0.113937,0.0,0.0,0.0,0.005963,0.008094,0.008094,0.293145,0.321308,0.330879,0.0,0.0,0.0,0.008167,0.008609,0.008662,0.039542,0.041738,0.041861,0.17014,0.18736,0.189751,0.001658,0.001713,0.001729,0.01757,0.01757,0.01757,0.037867,0.039805,0.039805,0.169225,0.320019,0.433673,0.005799,0.005799,0.005799,0.0,0.000286,0.000579,9e-06,0.001526,0.00432,0.002439,0.006484,0.028456,0.0,1.5e-05,0.000102,0.0,0.0,0.0,0.0,0.0,0.0,0.0,0.0,0.0,0.0,0.0,0.0,0.131648,0.131648,0.131648,0.533955,0.534847,0.534847,4.341927,4.670527,4.782752,0.040589,0.040589,0.040589,0.0,0.0,0.0,0.0,0.0,0.0,0.0,0.0,0.0,0.0,0.0,0.0,7.643716,7.643716,7.64572,45.300984,45.300984,45.305714,380.562779,627.879354,1251.102154,0.284687,0.284687,0.285282,0.0,0.0,0.0,1.2e-05,1.6e-05,1.6e-05,0.000577,0.000632,0.000651,0.0,0.0,0.0,113.612312,120.942451,121.838721,539.257561,575.754733,577.870595,2011.794888,2255.242174,2294.283578,23.535805,24.44183,24.708006,6e-06,6e-06,6e-06,1.4e-05,1.5e-05,1.5e-05,6.2e-05,0.000117,0.000159,2e-06,2e-06,2e-06,0.0,0.000571,0.003465,8.7e-05,0.003121,0.014295,0.024019,0.032109,0.101774,0.0,3e-05,0.00089
BBS_CA_021_HUGHSON_2017,2017-05-28,2017-06-10,0.0,0.0,0.0,0.0,0.0,0.0,4.1021,4.1021,4.1021,0.0,0.0,0.0,3.9169,3.9169,3.9169,15.0166,15.0166,15.0166,79.7225,79.7225,83.9841,1.0946,1.0946,1.0946,0.0,0.0,0.0,0.0,0.0,0.0,0.0,0.0,0.0,0.0,0.0,0.0,0.0,0.0,4.0172,0.0,0.0,9.4803,182.8165,186.115,235.5933,0.0,0.0,1.193,0.083,0.083,0.083,1.5043,1.5184,1.5184,27.5887,27.8887,27.8887,0.0031,0.0031,0.0031,11.9129,15.1886,15.4015,61.1292,70.7941,71.2965,238.7506,259.298,262.9115,2.2103,3.1255,3.1887,2.1932,2.1932,2.1932,10.8955,10.9071,10.9071,47.5647,49.8764,57.0394,0.6,0.6,0.6,0.4779,0.4779,1.8828,2.5579,2.5579,8.49,5.9915,6.6392,46.7694,0.0253,0.0253,0.4425,0.0,0.0,0.0,0.0,0.0,0.0,0.002051,0.002051,0.002051,0.0,0.0,0.0,0.001741,0.001741,0.001741,0.006674,0.006674,0.006674,0.036416,0.036416,0.038311,0.000486,0.000486,0.000486,0.0,0.0,0.0,0.0,0.0,0.0,0.0,0.0,0.0,0.0,0.0,0.0,0.0,0.0,0.382586,0.0,0.0,0.902881,2.435541,2.439551,7.106383,0.0,0.0,0.113621,0.000847,0.000847,0.000847,0.01535,0.015494,0.015494,0.281518,0.284579,0.284579,3.2e-05,3.2e-05,3.2e-05,0.006795,0.008531,0.008585,0.034655,0.039044,0.039171,0.137312,0.145136,0.14605,0.001215,0.001716,0.001732,0.070749,0.070749,0.070749,0.351466,0.351842,0.351842,1.534346,1.596755,1.692663,0.019353,0.019353,0.019353,0.000239,0.000239,0.000922,0.001278,0.001278,0.004196,0.002829,0.003153,0.022816,1.3e-05,1.3e-05,0.000216,0.0,0.0,0.0,0.0,0.0,0.0,0.549143,0.549143,0.549143,0.0,0.0,0.0,0.33766,0.33766,0.33766,1.294532,1.294532,1.294532,5.064657,5.064657,5.277739,0.094361,0.094361,0.094361,0.0,0.0,0.0,0.0,0.0,0.0,0.0,0.0,0.0,0.0,0.0,0.0,0.0,0.0,0.002009,0.0,0.0,0.00474,987.740311,989.852514,996.386634,0.0,0.0,0.000597,2e-06,2e-06,2e-06,3e-05,3e-05,3e-05,0.000554,0.00056,0.00056,0.0,0.0,0.0,87.954782,116.40837,117.333874,469.073678,541.189454,543.373631,1724.048224,1845.633441,1861.344391,16.088081,24.287693,24.562551,2.6e-05,2.6e-05,2.6e-05,0.000128,0.000128,0.000128,0.00056,0.000586,0.000663,7e-06,7e-06,7e-06,0.000478,0.000478,0.00305,0.002627,0.002627,0.011473,0.016163,0.016811,0.081431,2.5e-05,2.5e-05,0.000789
BBS_CA_021_HUGHSON_2018,2018-05-28,2018-06-10,0.0,0.0,0.0,0.0,0.0,0.0,0.0,0.0,0.0,0.0,0.0,0.0,5.9932,5.9932,5.9932,27.5356,27.8889,27.8889,147.9816,157.7843,166.7538,1.5662,1.5662,1.5662,0.0,0.0,0.0,0.0,0.0,0.0,0.0,0.0,1.1216,0.0,0.0,0.0,0.0,0.0,0.0,0.0,0.0,0.0,30.8732,104.6642,117.6846,0.0,0.0,0.0,1.2651,1.2651,1.2651,6.6692,6.6692,6.6692,23.4861,23.4861,23.4861,0.3887,0.3887,0.3887,6.5212,6.7854,6.7854,37.4853,40.4947,40.4947,200.1801,235.5315,236.3263,1.0544,1.0952,1.0952,1.7037,1.7037,1.7037,9.7972,9.7972,9.7972,78.9227,81.6756,81.8055,0.4389,0.4389,0.4389,0.4012,0.4012,0.4012,2.1172,2.1172,3.7078,20.3223,31.561,58.5364,0.0263,0.0263,0.0263,0.0,0.0,0.0,0.0,0.0,0.0,0.0,0.0,0.0,0.0,0.0,0.0,0.002664,0.002664,0.002664,0.012238,0.012395,0.012395,0.066422,0.07078,0.074767,0.000696,0.000696,0.000696,0.0,0.0,0.0,0.0,0.0,0.0,0.0,0.0,0.004834,0.0,0.0,0.0,0.0,0.0,0.0,0.0,0.0,0.0,0.088209,5.607733,6.456368,0.0,0.0,0.0,0.012909,0.012909,0.012909,0.068053,0.068053,0.068053,0.239654,0.239654,0.239654,0.003967,0.003967,0.003967,0.003927,0.00401,0.00401,0.02244,0.023798,0.023798,0.106888,0.124829,0.12503,0.00053,0.000541,0.000541,0.054957,0.054957,0.054957,0.316038,0.316038,0.316038,2.545721,2.634526,2.638717,0.014159,0.014159,0.014159,0.000193,0.000193,0.000193,0.001017,0.001017,0.001809,0.009121,0.014181,0.026692,1.2e-05,1.2e-05,1.2e-05,0.0,0.0,0.0,0.0,0.0,0.0,0.0,0.0,0.0,0.0,0.0,0.0,0.516656,0.516656,0.516656,2.373761,2.404216,2.404216,11.941021,12.575512,13.023987,0.135021,0.135021,0.135021,0.0,0.0,0.0,0.0,0.0,0.0,0.0,0.0,1.4e-05,0.0,0.0,0.0,0.0,0.0,0.0,0.0,0.0,0.0,0.000459,74.403249,74.407704,0.0,0.0,0.0,2.5e-05,2.5e-05,2.5e-05,0.000134,0.000134,0.000134,0.000472,0.000472,0.000472,8e-06,8e-06,8e-06,27.525718,28.615201,28.615201,148.870598,169.663914,169.663914,1011.078316,1281.915676,1285.371307,4.388171,4.562447,4.562447,2e-05,2e-05,2e-05,0.000115,0.000115,0.000115,0.000928,0.000961,0.000962,5e-06,5e-06,5e-06,0.000888,0.000888,0.000888,0.00466,0.00466,0.006459,0.083686,0.129027,0.215564,6.9e-05,6.9e-05,6.9e-05
BBS_CA_021_HUGHSON_2019,2019-05-28,2019-06-10,0.0,0.0,0.0,0.0,0.0,0.0,0.0,0.0,0.0,0.0,0.0,0.0,2.4499,2.4499,2.4499,13.5956,13.5956,13.5956,70.9091,74.4036,74.4036,0.6451,0.6451,0.6451,0.0,0.0,0.0,0.0,0.0,0.0,0.0,0.0,0.0,0.0,0.0,0.0,0.0,0.0,0.0,0.0,0.0,0.0,19.48,28.5936,50.9978,0.0,0.0,0.0,0.0,0.0,0.0,0.0,0.0,0.0,4.6498,10.6178,10.6178,0.0,0.0,0.0,9.1381,9.1381,9.1381,46.8491,46.8491,46.8491,217.0911,224.5514,243.9264,1.6352,1.6352,1.6352,0.8398,0.8398,0.8398,7.6539,7.6539,7.6539,32.2307,64.7925,68.2917,0.1497,0.1497,0.1497,0.0,0.0,0.0,0.0,0.0,3.1191,0.8016,15.5666,39.2493,0.0,0.0,0.0,0.0,0.0,0.0,0.0,0.0,0.0,0.0,0.0,0.0,0.0,0.0,0.0,0.001089,0.001089,0.001089,0.006043,0.006043,0.006043,0.032332,0.033885,0.033885,0.000287,0.000287,0.000287,0.0,0.0,0.0,0.0,0.0,0.0,0.0,0.0,0.0,0.0,0.0,0.0,0.0,0.0,0.0,0.0,0.0,0.0,0.055657,0.158794,2.292526,0.0,0.0,0.0,0.0,0.0,0.0,0.0,0.0,0.0,0.047447,0.108345,0.108345,0.0,0.0,0.0,0.005555,0.005555,0.005555,0.029796,0.029796,0.029796,0.125855,0.129223,0.131395,0.000795,0.000795,0.000795,0.027091,0.027091,0.027091,0.246901,0.246901,0.246901,1.0397,1.996793,2.003464,0.00483,0.00483,0.00483,0.0,0.0,0.0,0.0,0.0,0.001556,0.000356,0.00698,0.018095,0.0,0.0,0.0,0.0,0.0,0.0,0.0,0.0,0.0,0.0,0.0,0.0,0.0,0.0,0.0,0.211199,0.211199,0.211199,1.128386,1.128386,1.128386,4.886175,5.187429,5.187429,0.055615,0.055615,0.055615,0.0,0.0,0.0,0.0,0.0,0.0,0.0,0.0,0.0,0.0,0.0,0.0,0.0,0.0,0.0,0.0,0.0,0.0,0.00029,0.00083,0.012032,0.0,0.0,0.0,0.0,0.0,0.0,0.0,0.0,0.0,9.3e-05,0.000213,0.000213,0.0,0.0,0.0,45.840051,45.840051,45.840051,223.348285,223.348285,223.348285,1193.787368,1248.928345,1284.679747,10.746963,10.746963,10.746963,1e-05,1e-05,1e-05,9e-05,9e-05,9e-05,0.000379,0.000731,0.000747,2e-06,2e-06,2e-06,0.0,0.0,0.0,0.0,0.0,0.003327,0.003516,0.064533,0.13247,0.0,0.0,0.0
BBS_CA_021_HUGHSON_2020,2020-05-28,2020-06-10,0.0,0.0,0.0,0.0,0.0,0.0,0.0,0.0,0.0,0.0,0.0,0.0,3.4269,3.4269,3.4269,23.7852,23.7852,23.7852,91.0145,95.1742,95.1742,0.779,0.779,0.779,0.0,0.0,0.0,0.0,0.0,0.0,0.0,0.0,0.0,0.0,0.0,0.0,0.0,0.0,0.0,0.0,0.0,0.163,5.82,53.546,58.7612,0.0,0.0,0.0,0.0,0.0,0.0,0.1696,0.1696,0.1696,13.5092,13.5092,13.5092,0.0,0.0,0.0,14.1706,16.0961,16.2232,58.8754,68.0192,68.3591,257.4649,283.1994,286.1482,2.9367,3.3996,3.4374,0.108,0.108,0.108,0.2626,0.2626,0.2626,14.1821,37.5622,57.889,0.0321,0.0321,0.0321,0.0,0.0,0.0,0.0,0.0186,0.0186,0.0,1.2535,29.9276,0.0,0.0,0.0,0.0,0.0,0.0,0.0,0.0,0.0,0.0,0.0,0.0,0.0,0.0,0.0,0.001523,0.001523,0.001523,0.010571,0.010571,0.010571,0.040451,0.0423,0.0423,0.000346,0.000346,0.000346,0.0,0.0,0.0,0.0,0.0,0.0,0.0,0.0,0.0,0.0,0.0,0.0,0.0,0.0,0.0,0.0,0.0,0.015528,0.016629,0.152989,0.649673,0.0,0.0,0.0,0.0,0.0,0.0,0.001731,0.001731,0.001731,0.137849,0.137849,0.137849,0.0,0.0,0.0,0.008568,0.009673,0.009705,0.035241,0.040483,0.040569,0.131736,0.146259,0.147624,0.001658,0.001918,0.001927,0.003483,0.003483,0.003483,0.008156,0.008156,0.008156,0.116571,0.245533,0.274012,0.001034,0.001034,0.001034,0.0,0.0,0.0,0.0,9e-06,9e-06,0.0,0.000627,0.013492,0.0,0.0,0.0,0.0,0.0,0.0,0.0,0.0,0.0,0.0,0.0,0.0,0.0,0.0,0.0,0.295427,0.295427,0.295427,2.037021,2.037021,2.037021,7.745737,7.966994,7.966994,0.067152,0.067152,0.067152,0.0,0.0,0.0,0.0,0.0,0.0,0.0,0.0,0.0,0.0,0.0,0.0,0.0,0.0,0.0,0.0,0.0,8.2e-05,8.7e-05,0.000797,0.003404,0.0,0.0,0.0,0.0,0.0,0.0,3e-06,3e-06,3e-06,0.000271,0.000271,0.000271,0.0,0.0,0.0,94.928823,109.738696,110.291478,339.158973,407.565826,409.043692,1602.43062,1791.69958,1812.479443,22.715686,26.791896,26.956062,1e-06,1e-06,1e-06,3e-06,3e-06,3e-06,0.000222,0.000286,0.000313,0.0,0.0,0.0,0.0,0.0,0.0,0.0,1.9e-05,1.9e-05,0.0,0.001253,0.119623,0.0,0.0,0.0
BBS_CA_021_HUGHSON_2021,2021-05-28,2021-06-10,0.0,0.0,0.0,0.0,0.0,0.0,0.0,0.0,0.0,0.0,0.0,0.0,1.9283,1.9283,1.9283,5.1781,5.1781,5.1781,23.3791,23.5092,23.5092,0.5854,0.5854,0.5854,0.0,0.0,0.7059,0.0,0.0,1.6496,0.0,0.0,2.301,0.0,0.0,0.2096,0.0,0.0,0.0,0.0,0.0,0.3261,16.558,17.532,41.4389,0.0,0.0,0.0,1.3838,1.3838,1.3838,6.6096,6.8326,6.8326,30.0099,33.2412,33.2412,0.3821,0.3821,0.3821,8.0997,8.5992,8.5992,33.8904,38.9954,39.0131,157.4319,230.2012,232.6068,1.6865,1.7357,1.7357,0.0441,0.1094,0.1094,0.2613,0.66,0.66,20.1928,29.3335,45.3535,0.0016,0.0041,0.0041,0.0,0.0,0.0,0.0,0.0,0.0,0.0791,14.0319,32.796,0.0,0.0,0.0,0.0,0.0,0.0,0.0,0.0,0.0,0.0,0.0,0.0,0.0,0.0,0.0,0.000857,0.000857,0.000857,0.002301,0.002301,0.002301,0.010391,0.010449,0.010449,0.00026,0.00026,0.00026,0.0,0.0,0.003043,0.0,0.0,0.00711,0.0,0.0,0.009918,0.0,0.0,0.000904,0.0,0.0,0.0,0.0,0.0,0.031057,0.047309,0.050091,2.002991,0.0,0.0,0.0,0.01412,0.01412,0.01412,0.067445,0.069721,0.069721,0.306224,0.339196,0.339196,0.003899,0.003899,0.003899,0.004861,0.004987,0.004987,0.021376,0.023486,0.023491,0.091977,0.130274,0.130883,0.000894,0.000907,0.000907,0.001422,0.003528,0.003528,0.008429,0.02129,0.02129,0.270274,0.434133,0.44278,5.3e-05,0.000131,0.000131,0.0,0.0,0.0,0.0,0.0,0.0,3.5e-05,0.006295,0.014775,0.0,0.0,0.0,0.0,0.0,0.0,0.0,0.0,0.0,0.0,0.0,0.0,0.0,0.0,0.0,0.166229,0.166229,0.166229,0.432961,0.432961,0.432961,1.919453,1.930675,1.930675,0.050463,0.050463,0.050463,0.0,0.0,9e-06,0.0,0.0,2.1e-05,0.0,0.0,3e-05,0.0,0.0,3e-06,0.0,0.0,0.0,0.0,0.0,0.000163,0.000246,0.000261,0.070315,0.0,0.0,0.0,2.8e-05,2.8e-05,2.8e-05,0.000133,0.000137,0.000137,0.000603,0.000667,0.000667,8e-06,8e-06,8e-06,46.145593,48.317232,48.317232,185.408202,216.438037,216.515027,921.64613,1491.824727,1502.283949,11.305582,11.519311,11.519311,1e-06,1e-06,1e-06,3e-06,8e-06,8e-06,0.000298,0.000361,0.000378,0.0,0.0,0.0,0.0,0.0,0.0,0.0,0.0,0.0,0.000347,0.057996,0.131725,0.0,0.0,0.0
BBS_CA_021_HUGHSON_2022,2022-05-28,2022-06-10,0.0,0.0,0.0,0.0,0.0,0.0,0.0,0.0,0.0,0.0,0.0,0.0,0.7105,0.7105,0.7105,4.1516,4.9057,4.9057,47.0205,61.2164,61.2164,0.211,0.211,0.211,0.0,0.0,0.0,0.0,0.0,0.0,0.0,0.0,0.0,0.0,0.0,0.0,0.0,0.0,0.0,0.0,0.0,0.0,15.3405,15.9675,15.9675,0.0,0.0,0.0,0.0,0.0,0.0,0.0141,0.0141,0.0141,9.4768,9.4768,9.4768,0.0,0.0,0.0,6.3527,7.2975,7.2975,21.1441,31.5487,31.5487,145.1402,222.4456,225.1532,1.8047,1.8496,1.8496,0.0,0.0,0.0,0.0,0.0,0.0,5.7318,46.5245,77.8724,0.0,0.0,0.0,0.0,0.0,0.0,0.0,0.0,0.0,4.0736,4.9301,14.4011,0.0,0.0,0.0,0.0,0.0,0.0,0.0,0.0,0.0,0.0,0.0,0.0,0.0,0.0,0.0,0.000316,0.000316,0.000316,0.001845,0.00218,0.00218,0.020898,0.027207,0.027207,9.4e-05,9.4e-05,9.4e-05,0.0,0.0,0.0,0.0,0.0,0.0,0.0,0.0,0.0,0.0,0.0,0.0,0.0,0.0,0.0,0.0,0.0,0.0,0.04383,0.045622,0.045622,0.0,0.0,0.0,0.0,0.0,0.0,0.000144,0.000144,0.000144,0.096702,0.096702,0.096702,0.0,0.0,0.0,0.003655,0.004278,0.004278,0.010932,0.016635,0.016635,0.073113,0.115139,0.115824,0.001065,0.001096,0.001096,0.0,0.0,0.0,0.0,0.0,0.0,0.09384,0.248183,0.346636,0.0,0.0,0.0,0.0,0.0,0.0,0.0,0.0,0.0,0.00181,0.002239,0.006787,0.0,0.0,0.0,0.0,0.0,0.0,0.0,0.0,0.0,0.0,0.0,0.0,0.0,0.0,0.0,0.061252,0.061252,0.061252,0.357898,0.422902,0.422902,3.973199,5.154724,5.154724,0.018191,0.018191,0.018191,0.0,0.0,0.0,0.0,0.0,0.0,0.0,0.0,0.0,0.0,0.0,0.0,0.0,0.0,0.0,0.0,0.0,0.0,0.000228,0.000238,0.000238,0.0,0.0,0.0,0.0,0.0,0.0,0.0,0.0,0.0,0.00019,0.00019,0.00019,0.0,0.0,0.0,48.300703,50.98999,50.98999,140.354439,189.840316,189.840316,863.18462,1368.896127,1380.668328,13.988179,14.108192,14.108192,0.0,0.0,0.0,0.0,0.0,0.0,4.7e-05,0.000311,0.000458,0.0,0.0,0.0,0.0,0.0,0.0,0.0,0.0,0.0,0.017867,0.018723,0.039616,0.0,0.0,0.0
BBS_CA_021_HUGHSON_2023,2023-05-28,2023-06-10,0.0,0.0,0.0,0.0,0.0,0.0,0.0,0.0,0.0,0.0,0.0,0.0,2.7561,3.39,3.39,9.1246,11.3451,11.3451,74.7088,84.8334,84.8334,0.7975,0.9857,0.9857,0.0,0.0,0.0,0.0,0.0,0.0,0.0,0.0,0.0,0.0,0.0,0.0,0.0,0.0,0.0,0.0,0.0,11.3879,18.993,18.993,96.3848,0.0,0.0,0.0,0.0,0.0,0.0,0.2271,0.2271,0.2271,6.1305,7.4805,8.7555,0.0,0.0,0.0,5.5762,5.8932,5.8932,27.8559,28.9661,28.9661,276.4517,311.9364,315.1679,0.9491,1.0432,1.0432,0.3801,0.3801,0.3801,1.9683,1.9683,1.9683,18.6138,23.111,45.9827,0.1226,0.1226,0.1226,0.0,0.0,0.6339,0.0,0.0,2.2985,1.2177,4.2324,14.5922,0.0,0.0,0.1883,0.0,0.0,0.0,0.0,0.0,0.0,0.0,0.0,0.0,0.0,0.0,0.0,0.001225,0.001507,0.001507,0.004055,0.005042,0.005042,0.033204,0.037704,0.037704,0.000354,0.000438,0.000438,0.0,0.0,0.0,0.0,0.0,0.0,0.0,0.0,0.0,0.0,0.0,0.0,0.0,0.0,0.0,0.0,0.0,7.908269,0.054266,0.054266,53.798599,0.0,0.0,0.0,0.0,0.0,0.0,0.002317,0.002317,0.002317,0.062556,0.076331,0.089341,0.0,0.0,0.0,0.003394,0.003474,0.003474,0.01804,0.018321,0.018321,0.145783,0.165701,0.167136,0.000436,0.00046,0.00046,0.012262,0.012262,0.012262,0.029203,0.029203,0.029203,0.200679,0.220704,0.25314,0.003954,0.003954,0.003954,0.0,0.0,0.000317,0.0,0.0,0.001149,0.000609,0.001963,0.007106,0.0,0.0,9.4e-05,0.0,0.0,0.0,0.0,0.0,0.0,0.0,0.0,0.0,0.0,0.0,0.0,0.237595,0.292239,0.292239,0.786606,0.978025,0.978025,6.440417,7.275193,7.275193,0.068747,0.084975,0.084975,0.0,0.0,0.0,0.0,0.0,0.0,0.0,0.0,0.0,0.0,0.0,0.0,0.0,0.0,0.0,0.0,0.0,11.387908,0.000283,0.000283,77.392123,0.0,0.0,0.0,0.0,0.0,0.0,5e-06,5e-06,5e-06,0.000123,0.00015,0.000176,0.0,0.0,0.0,25.585846,26.963825,26.963825,110.53363,115.360729,115.360729,1863.773481,2087.665719,2105.33767,5.977389,6.386623,6.386623,4e-06,4e-06,4e-06,3.8e-05,3.8e-05,3.8e-05,0.000266,0.000276,0.000421,1e-06,1e-06,1e-06,0.0,0.0,0.000634,0.0,0.0,0.002298,0.001218,0.013599,0.026196,0.0,0.0,0.000188
BBS_CA_024_CARUTHERS_2015,2015-05-28,2015-06-10,0.0,0.0,0.0,0.0,0.0,0.0,0.0,0.0,0.0,0.0,0.0,0.0,0.0,0.0,0.0,0.0,0.0097,0.0097,1.8745,9.3435,9.3435,0.0,0.0,0.0,0.0,0.0,0.0,0.0,0.0,0.0,0.0,0.0,0.0,0.0,0.0,0.0,0.4558,0.4558,0.4558,8.8211,9.2817,9.2817,41.1054,78.3291,104.9677,0.0,0.0,0.0,0.0,0.0,0.0,0.0,0.0,0.0,0.0,0.0,0.0,0.0,0.0,0.0,0.0,0.406,0.406,0.0,0.7573,0.7573,0.2883,4.3384,4.3384,0.0,0.1113,0.1113,2.0397,2.0723,2.0723,55.533,57.0428,57.0428,527.8331,571.8991,580.0457,0.0,0.0,0.0,0.0,0.0,0.0,0.0016,0.0016,0.0016,0.1147,1.8736,1.8736,0.0,0.0,0.0,0.0,0.0,0.0,0.0,0.0,0.0,0.0,0.0,0.0,0.0,0.0,0.0,0.0,0.0,0.0,0.0,4e-06,4e-06,0.000928,0.004327,0.004327,0.0,0.0,0.0,0.0,0.0,0.0,0.0,0.0,0.0,0.0,0.0,0.0,0.0,0.0,0.0,0.011629,0.011629,0.011629,0.225028,0.236779,0.236779,0.836984,1.581432,2.260989,0.0,0.0,0.0,0.0,0.0,0.0,0.0,0.0,0.0,0.0,0.0,0.0,0.0,0.0,0.0,0.0,0.000226,0.000226,0.0,0.000419,0.000419,0.000171,0.00199,0.00199,0.0,6.2e-05,6.2e-05,0.065796,0.066849,0.066849,1.776293,1.8099,1.8099,16.954168,18.302945,18.565739,0.0,0.0,0.0,0.0,0.0,0.0,1e-06,1e-06,1e-06,5.1e-05,0.000836,0.000836,0.0,0.0,0.0,0.0,0.0,0.0,0.0,0.0,0.0,0.0,0.0,0.0,0.0,0.0,0.0,0.0,0.0,0.0,0.0,0.000833,0.000833,0.042277,0.587127,0.587127,0.0,0.0,0.0,0.0,0.0,0.0,0.0,0.0,0.0,0.0,0.0,0.0,0.0,0.0,0.0,4.558379,4.558379,4.558379,88.211077,92.817468,92.817468,331.232898,626.095523,892.481659,0.0,0.0,0.0,0.0,0.0,0.0,0.0,0.0,0.0,0.0,0.0,0.0,0.0,0.0,0.0,0.0,3.691011,3.691011,0.0,6.863417,6.863417,2.148547,32.086579,32.086579,0.0,1.012247,1.012247,2.4e-05,2.4e-05,2.4e-05,0.00066,0.000684,0.000684,0.006242,0.006793,0.006888,0.0,0.0,0.0,0.0,0.0,0.0,7e-06,7e-06,7e-06,0.000503,0.008044,0.008044,0.0,0.0,0.0
BBS_CA_024_CARUTHERS_2016,2016-05-28,2016-06-10,0.0,0.0,0.0,0.0,0.0,0.0,0.0,0.0,0.0,0.0,0.0,0.0,0.0,0.0,0.0,0.0404,0.3452,0.3452,16.5392,28.4923,28.4923,0.0,0.0,0.0,0.0,0.0,0.0,0.0,0.0,0.0,0.0,0.0,0.0,0.0,0.0,0.0,0.0,0.0,0.0,0.0,0.0,0.0,0.4997,0.5178,0.5178,0.0,0.0,0.0,0.0,0.0,0.0,0.0,0.0,0.0,0.0,0.0,0.0,0.0,0.0,0.0,0.0,0.4012,0.4012,0.1713,2.5544,2.5544,3.5843,20.5043,20.5044,0.0,0.11,0.11,2.0933,2.0933,2.0933,50.0229,50.0229,50.129,649.381,651.6524,658.7017,0.0,0.0,0.0,0.0,0.0,0.0,0.0127,0.0127,0.0127,2.7044,2.7202,2.7202,0.0,0.0,0.0,0.0,0.0,0.0,0.0,0.0,0.0,0.0,0.0,0.0,0.0,0.0,0.0,0.0,0.0,0.0,1.9e-05,0.000155,0.000155,0.007583,0.012932,0.012932,0.0,0.0,0.0,0.0,0.0,0.0,0.0,0.0,0.0,0.0,0.0,0.0,0.0,0.0,0.0,0.0,0.0,0.0,0.0,0.0,0.0,0.001392,0.001442,0.001442,0.0,0.0,0.0,0.0,0.0,0.0,0.0,0.0,0.0,0.0,0.0,0.0,0.0,0.0,0.0,0.0,0.000223,0.000223,4.5e-05,0.001369,0.001369,0.002149,0.011444,0.011444,0.0,6.1e-05,6.1e-05,0.067526,0.067526,0.067526,1.613642,1.613642,1.617066,20.906194,20.97716,21.200394,0.0,0.0,0.0,0.0,0.0,0.0,6e-06,6e-06,6e-06,0.001202,0.001209,0.001209,0.0,0.0,0.0,0.0,0.0,0.0,0.0,0.0,0.0,0.0,0.0,0.0,0.0,0.0,0.0,0.0,0.0,0.0,0.001685,0.027954,0.027954,1.135441,2.120028,2.120028,0.0,0.0,0.0,0.0,0.0,0.0,0.0,0.0,0.0,0.0,0.0,0.0,0.0,0.0,0.0,0.0,0.0,0.0,0.0,0.0,0.0,0.713821,0.739754,0.739754,0.0,0.0,0.0,0.0,0.0,0.0,0.0,0.0,0.0,0.0,0.0,0.0,0.0,0.0,0.0,0.0,3.647519,3.647519,0.737816,22.402724,22.402724,10.998091,161.198433,161.198893,0.0,1.00032,1.00032,2.5e-05,2.5e-05,2.5e-05,0.000589,0.000589,0.00059,0.007637,0.007665,0.007748,0.0,0.0,0.0,0.0,0.0,0.0,5.6e-05,5.6e-05,5.6e-05,0.011861,0.011931,0.011931,0.0,0.0,0.0
BBS_CA_024_CARUTHERS_2017,2017-05-28,2017-06-10,0.0,0.0,0.0,0.0,0.0,0.0,0.0,0.0,0.0,0.0,0.0,0.0,0.0582,0.0582,0.0582,1.0779,1.0779,1.0779,14.0077,15.6224,15.6224,0.0,0.0,0.0,0.0,0.0,0.0,0.0,0.0,0.0,0.0,0.0,0.0,0.0,0.0,0.0,0.0,0.0,0.0,0.0,0.0,0.0,0.0,0.0,0.0,0.0,0.0,0.0,0.0,0.0,0.0,0.0,0.0,0.0,0.0,0.0,0.0,0.0,0.0,0.0,0.0235,0.2255,0.2255,1.452,6.3673,6.3673,14.2727,91.0866,91.0872,0.0,0.0,0.0,2.6075,2.6075,3.3619,43.4485,43.4485,44.8422,382.4951,383.4679,384.8616,0.1678,0.1678,0.3754,0.0,0.0,0.0,0.0,0.0,0.0,0.9503,0.9506,0.9506,0.0,0.0,0.0,0.0,0.0,0.0,0.0,0.0,0.0,0.0,0.0,0.0,0.0,0.0,0.0,2.9e-05,2.9e-05,2.9e-05,0.000538,0.000538,0.000538,0.006347,0.007064,0.007064,0.0,0.0,0.0,0.0,0.0,0.0,0.0,0.0,0.0,0.0,0.0,0.0,0.0,0.0,0.0,0.0,0.0,0.0,0.0,0.0,0.0,0.0,0.0,0.0,0.0,0.0,0.0,0.0,0.0,0.0,0.0,0.0,0.0,0.0,0.0,0.0,0.0,0.0,0.0,6e-06,0.000118,0.000118,0.000676,0.003406,0.003406,0.006955,0.049715,0.049716,0.0,0.0,0.0,0.084113,0.084113,0.108447,1.401566,1.401566,1.446523,12.338552,12.369934,12.414891,0.005414,0.005414,0.012109,0.0,0.0,0.0,0.0,0.0,0.0,0.000423,0.000423,0.000423,0.0,0.0,0.0,0.0,0.0,0.0,0.0,0.0,0.0,0.0,0.0,0.0,0.0,0.0,0.0,0.000969,0.000969,0.000969,0.018724,0.018724,0.018724,1.056237,1.195437,1.195437,0.0,0.0,0.0,0.0,0.0,0.0,0.0,0.0,0.0,0.0,0.0,0.0,0.0,0.0,0.0,0.0,0.0,0.0,0.0,0.0,0.0,0.0,0.0,0.0,0.0,0.0,0.0,0.0,0.0,0.0,0.0,0.0,0.0,0.0,0.0,0.0,0.0,0.0,0.0,0.102067,1.939064,1.939064,11.143838,55.82876,55.82876,112.283704,808.647082,808.649137,0.0,0.0,0.0,3.1e-05,3.1e-05,4e-05,0.000511,0.000511,0.000528,0.0045,0.004511,0.004528,2e-06,2e-06,4e-06,0.0,0.0,0.0,0.0,0.0,0.0,0.004153,0.004153,0.004153,0.0,0.0,0.0
BBS_CA_024_CARUTHERS_2018,2018-05-28,2018-06-10,0.0,0.0,0.0,0.0,0.0,0.0,0.0,0.0,0.0,0.0,0.0,0.0,0.0803,0.5058,0.5058,0.1471,0.9708,0.9708,6.8562,12.2162,12.2162,0.0224,0.1391,0.1391,0.0,0.0,0.0,0.0,0.0,0.0,0.0,0.0,0.0,0.0,0.0,0.0,0.0,0.0,0.0,0.0,0.0,0.0,0.0,0.0,46.2684,0.0,0.0,0.0,0.0,0.0,0.0,0.0,0.0,0.0,0.0,0.0,0.0,0.0,0.0,0.0,0.1807,0.3934,0.3934,2.8484,4.9963,4.9963,42.7336,66.3983,66.3983,0.0112,0.0696,0.0696,2.2043,2.9819,2.9819,6.353,15.1448,15.1448,120.0905,223.5142,223.5142,0.5937,0.7164,0.7164,0.0,0.0,0.0,0.0,0.0,0.0,1.7567,1.7567,1.7567,0.0,0.0,0.0,0.0,0.0,0.0,0.0,0.0,0.0,0.0,0.0,0.0,0.0,0.0,0.0,3.6e-05,0.000225,0.000225,6.5e-05,0.000431,0.000431,0.003047,0.005531,0.005531,1e-05,6.2e-05,6.2e-05,0.0,0.0,0.0,0.0,0.0,0.0,0.0,0.0,0.0,0.0,0.0,0.0,0.0,0.0,0.0,0.0,0.0,0.0,0.0,0.0,1.180317,0.0,0.0,0.0,0.0,0.0,0.0,0.0,0.0,0.0,0.0,0.0,0.0,0.0,0.0,0.0,8.8e-05,0.000142,0.000142,0.00156,0.002629,0.002629,0.029161,0.043023,0.043023,3e-06,1.8e-05,1.8e-05,0.071105,0.09619,0.09619,0.204934,0.465494,0.465494,3.873888,6.467943,6.467943,0.019152,0.023111,0.023111,0.0,0.0,0.0,0.0,0.0,0.0,0.000781,0.000781,0.000781,0.0,0.0,0.0,0.0,0.0,0.0,0.0,0.0,0.0,0.0,0.0,0.0,0.0,0.0,0.0,0.006921,0.043608,0.043608,0.012679,0.083693,0.083693,0.555672,0.890634,0.890634,0.001931,0.011992,0.011992,0.0,0.0,0.0,0.0,0.0,0.0,0.0,0.0,0.0,0.0,0.0,0.0,0.0,0.0,0.0,0.0,0.0,0.0,0.0,0.0,462.684381,0.0,0.0,0.0,0.0,0.0,0.0,0.0,0.0,0.0,0.0,0.0,0.0,0.0,0.0,0.0,1.451961,2.377098,2.377098,25.545932,43.118322,43.118322,277.894015,459.879171,459.879171,0.048685,0.3024,0.3024,2.6e-05,3.5e-05,3.5e-05,7.5e-05,0.000188,0.000188,0.001413,0.002958,0.002958,7e-06,8e-06,8e-06,0.0,0.0,0.0,0.0,0.0,0.0,0.007705,0.007705,0.007705,0.0,0.0,0.0
BBS_CA_024_CARUTHERS_2019,2019-05-28,2019-06-10,0.0,0.0,0.0,0.0,0.0,0.0,0.0,0.0,0.0,0.0,0.0,0.0,0.0,0.0,0.0,0.0074,0.0074,0.0074,6.4459,7.3188,7.3188,0.0,0.0,0.0,0.0,0.0,0.0,0.0,0.0,0.0,0.0,0.0,0.0,0.0,0.0,0.0,0.0,0.0,0.0,0.0,0.0,0.0,0.0,0.0,0.0,0.0,0.0,0.0,0.0,0.0,0.0,0.0,0.0,0.0,0.0,0.0,0.0,0.0,0.0,0.0,0.0,0.0,0.0,0.0037,0.0184,0.0184,10.2814,11.9548,11.9899,0.0,0.0,0.0,1.167,1.571,1.571,25.6461,34.1715,36.1502,319.458,439.2739,496.4335,0.0,0.0587,0.0587,0.0,0.0,0.0,0.0,0.0,0.0,7.037,8.6548,8.6548,0.0,0.0,0.0,0.0,0.0,0.0,0.0,0.0,0.0,0.0,0.0,0.0,0.0,0.0,0.0,0.0,0.0,0.0,3e-06,3e-06,3e-06,0.002865,0.003253,0.003253,0.0,0.0,0.0,0.0,0.0,0.0,0.0,0.0,0.0,0.0,0.0,0.0,0.0,0.0,0.0,0.0,0.0,0.0,0.0,0.0,0.0,0.0,0.0,0.0,0.0,0.0,0.0,0.0,0.0,0.0,0.0,0.0,0.0,0.0,0.0,0.0,0.0,0.0,0.0,0.0,0.0,0.0,1e-06,5e-06,5e-06,0.008613,0.009263,0.00929,0.0,0.0,0.0,0.037645,0.050676,0.050676,0.827108,1.102119,1.165949,10.259519,14.122854,15.96671,0.0,0.001895,0.001895,0.0,0.0,0.0,0.0,0.0,0.0,0.003129,0.003938,0.003938,0.0,0.0,0.0,0.0,0.0,0.0,0.0,0.0,0.0,0.0,0.0,0.0,0.0,0.0,0.0,0.0,0.0,0.0,0.000639,0.000639,0.000639,0.551214,0.626467,0.626467,0.0,0.0,0.0,0.0,0.0,0.0,0.0,0.0,0.0,0.0,0.0,0.0,0.0,0.0,0.0,0.0,0.0,0.0,0.0,0.0,0.0,0.0,0.0,0.0,0.0,0.0,0.0,0.0,0.0,0.0,0.0,0.0,0.0,0.0,0.0,0.0,0.0,0.0,0.0,0.0,0.0,0.0,0.016124,0.07987,0.07987,26.692627,33.130643,33.260648,0.0,0.0,0.0,1.4e-05,1.8e-05,1.8e-05,0.000302,0.000402,0.000425,0.003778,0.005188,0.00586,0.0,1e-06,1e-06,0.0,0.0,0.0,0.0,0.0,0.0,0.030779,0.032397,0.032397,0.0,0.0,0.0
BBS_CA_024_CARUTHERS_2020,2020-05-28,2020-06-10,0.0,0.0,0.0,0.0,0.0,0.0,0.0,0.0,0.0,0.0,0.0,0.0,0.0032,0.0032,0.0032,0.0843,0.0843,0.0843,1.426,1.426,1.426,0.0,0.0,0.0,0.0,0.0,0.0,0.0,0.0,0.0,0.0,0.0,0.0,0.0,0.0,0.0,0.0,0.0,0.0,0.0,0.0,0.0,0.0,0.0,0.0,0.0,0.0,0.0,0.0,0.0,0.0,0.0,0.0,0.0,6.5313,6.5313,6.5313,0.0,0.0,0.0,1.1658,1.6393,1.6393,2.2449,5.3537,5.3537,30.6245,50.4893,50.4893,0.3223,0.4369,0.4369,3.0305,3.1592,3.1592,35.9565,38.6478,38.6478,221.0858,303.5498,303.5498,0.4119,0.4119,0.4119,0.0,0.0,0.0,0.0,0.0,0.0,1.1317,1.1317,1.1317,0.0,0.0,0.0,0.0,0.0,0.0,0.0,0.0,0.0,0.0,0.0,0.0,0.0,0.0,0.0,1e-06,1e-06,1e-06,3.7e-05,3.7e-05,3.7e-05,0.000634,0.000634,0.000634,0.0,0.0,0.0,0.0,0.0,0.0,0.0,0.0,0.0,0.0,0.0,0.0,0.0,0.0,0.0,0.0,0.0,0.0,0.0,0.0,0.0,0.0,0.0,0.0,0.0,0.0,0.0,0.0,0.0,0.0,0.0,0.0,0.0,0.066646,0.066646,0.066646,0.0,0.0,0.0,0.000439,0.000577,0.000577,0.000851,0.002347,0.002347,0.016426,0.030789,0.030789,0.000122,0.000151,0.000151,0.09776,0.101911,0.101911,1.159886,1.246702,1.246702,7.1318,9.791929,9.791929,0.013286,0.013286,0.013286,0.0,0.0,0.0,0.0,0.0,0.0,0.000503,0.000503,0.000503,0.0,0.0,0.0,0.0,0.0,0.0,0.0,0.0,0.0,0.0,0.0,0.0,0.0,0.0,0.0,0.000274,0.000274,0.000274,0.007267,0.007267,0.007267,0.122932,0.122932,0.122932,0.0,0.0,0.0,0.0,0.0,0.0,0.0,0.0,0.0,0.0,0.0,0.0,0.0,0.0,0.0,0.0,0.0,0.0,0.0,0.0,0.0,0.0,0.0,0.0,0.0,0.0,0.0,0.0,0.0,0.0,0.0,0.0,0.0,0.000131,0.000131,0.000131,0.0,0.0,0.0,7.331079,9.669247,9.669247,14.191327,38.827492,38.827492,269.181907,365.233823,365.233823,2.032572,2.530524,2.530524,3.6e-05,3.7e-05,3.7e-05,0.000423,0.000455,0.000455,0.002601,0.003571,0.003571,5e-06,5e-06,5e-06,0.0,0.0,0.0,0.0,0.0,0.0,0.004963,0.004963,0.004963,0.0,0.0,0.0
BBS_CA_024_CARUTHERS_2021,2021-05-28,2021-06-10,0.0,0.0,0.0,0.0,0.0,0.0,0.0,0.0,0.0,0.0,0.0,0.0,0.0017,0.0017,0.0017,0.0509,0.0509,0.0509,2.7076,4.287,4.287,0.0,0.0,0.0,0.0,0.0,0.0,0.0,0.0,0.0,0.0,0.0,0.0,0.0,0.0,0.0,0.0,0.0,0.0,0.0,0.0,0.0,0.0,0.0,0.0,0.0,0.0,0.0,0.0,0.0,0.0,0.0,0.0,0.0,0.0,0.0,0.0,0.0,0.0,0.0,0.0891,4.1535,4.1535,2.9716,11.6359,11.6359,24.3756,51.5689,51.5689,0.0,1.1188,1.1188,12.5049,12.5081,12.7083,112.1337,112.5203,112.887,482.858,521.6408,563.5995,2.2194,2.2194,2.2752,0.0,0.0,0.0,0.0,0.0,0.0,0.9904,0.9905,0.9905,0.0,0.0,0.0,0.0,0.0,0.0,0.0,0.0,0.0,0.0,0.0,0.0,0.0,0.0,0.0,1e-06,1e-06,1e-06,2.3e-05,2.3e-05,2.3e-05,0.001203,0.001905,0.001905,0.0,0.0,0.0,0.0,0.0,0.0,0.0,0.0,0.0,0.0,0.0,0.0,0.0,0.0,0.0,0.0,0.0,0.0,0.0,0.0,0.0,0.0,0.0,0.0,0.0,0.0,0.0,0.0,0.0,0.0,0.0,0.0,0.0,0.0,0.0,0.0,0.0,0.0,0.0,4.9e-05,0.00225,0.00225,0.001643,0.006352,0.006352,0.016555,0.031219,0.031219,0.0,0.000606,0.000606,0.403385,0.403488,0.409945,3.617215,3.629687,3.641516,15.55246,16.803516,18.157022,0.071592,0.071592,0.073393,0.0,0.0,0.0,0.0,0.0,0.0,0.00044,0.00044,0.00044,0.0,0.0,0.0,0.0,0.0,0.0,0.0,0.0,0.0,0.0,0.0,0.0,0.0,0.0,0.0,0.000143,0.000143,0.000143,0.004392,0.004392,0.004392,0.231786,0.367942,0.367942,0.0,0.0,0.0,0.0,0.0,0.0,0.0,0.0,0.0,0.0,0.0,0.0,0.0,0.0,0.0,0.0,0.0,0.0,0.0,0.0,0.0,0.0,0.0,0.0,0.0,0.0,0.0,0.0,0.0,0.0,0.0,0.0,0.0,0.0,0.0,0.0,0.0,0.0,0.0,0.806387,36.85648,36.85648,26.893644,104.013108,104.013108,146.545613,386.501677,386.501677,0.0,9.920167,9.920167,0.000147,0.000147,0.00015,0.001319,0.001324,0.001328,0.005679,0.006136,0.006629,2.6e-05,2.6e-05,2.7e-05,0.0,0.0,0.0,0.0,0.0,0.0,0.004344,0.004344,0.004344,0.0,0.0,0.0
BBS_CA_024_CARUTHERS_2022,2022-05-28,2022-06-10,0.0,0.0,0.0,0.0,0.0,0.0,0.0,0.0,0.0,0.0,0.0,0.0,0.0,0.0,0.0,0.0,0.0,0.0,0.6433,0.6874,0.6874,0.0,0.0,0.0,0.3744,0.3744,0.3744,0.686,0.686,0.686,12.9019,12.9019,12.9019,0.1044,0.1044,0.1044,0.0,0.0,0.0,0.0,0.0,0.0,0.0,0.0,0.0,0.0,0.0,0.0,0.0,0.0,0.0,0.0,0.0,0.0,0.0,0.0,0.0,0.0,0.0,0.0,0.0049,0.4325,0.4325,0.5977,3.5145,3.5145,14.4899,29.2157,29.2204,0.0,0.0965,0.0965,11.509,11.509,11.509,106.6491,106.8504,106.8504,483.3808,504.7842,504.7842,1.9919,1.9919,1.9919,0.0,0.0,0.0,0.0,0.0,0.0,0.6688,1.278,1.278,0.0,0.0,0.0,0.0,0.0,0.0,0.0,0.0,0.0,0.0,0.0,0.0,0.0,0.0,0.0,0.0,0.0,0.0,0.0,0.0,0.0,0.000286,0.000305,0.000305,0.0,0.0,0.0,0.001614,0.001614,0.001614,0.002957,0.002957,0.002957,0.055612,0.055612,0.055612,0.00045,0.00045,0.00045,0.0,0.0,0.0,0.0,0.0,0.0,0.0,0.0,0.0,0.0,0.0,0.0,0.0,0.0,0.0,0.0,0.0,0.0,0.0,0.0,0.0,0.0,0.0,0.0,1e-06,0.000134,0.000134,0.000292,0.001721,0.001721,0.007306,0.015845,0.015847,0.0,2.4e-05,2.4e-05,0.371257,0.371257,0.371257,3.440294,3.446786,3.446786,15.592929,16.198141,16.198141,0.064254,0.064254,0.064254,0.0,0.0,0.0,0.0,0.0,0.0,0.000297,0.000568,0.000568,0.0,0.0,0.0,0.0,0.0,0.0,0.0,0.0,0.0,0.0,0.0,0.0,0.0,0.0,0.0,0.0,0.0,0.0,0.0,0.0,0.0,0.037835,0.040095,0.040095,0.0,0.0,0.0,5e-06,5e-06,5e-06,9e-06,9e-06,9e-06,0.000166,0.000166,0.000166,1e-06,1e-06,1e-06,0.0,0.0,0.0,0.0,0.0,0.0,0.0,0.0,0.0,0.0,0.0,0.0,0.0,0.0,0.0,0.0,0.0,0.0,0.0,0.0,0.0,0.0,0.0,0.0,0.035033,2.280827,2.280827,5.20429,28.713174,28.713174,120.652348,218.814706,218.834109,0.0,0.419733,0.419733,0.000135,0.000135,0.000135,0.001255,0.001257,0.001257,0.005687,0.005943,0.005943,2.3e-05,2.3e-05,2.3e-05,0.0,0.0,0.0,0.0,0.0,0.0,0.002933,0.005605,0.005605,0.0,0.0,0.0
BBS_CA_024_CARUTHERS_2023,2023-05-28,2023-06-10,0.0,0.0,0.0,0.0,0.0,0.0,0.0,0.0,0.0,0.0,0.0,0.0,0.0,0.0,0.0,0.0,0.0,0.0,0.0496,0.0496,0.0496,0.0,0.0,0.0,0.0,0.0,0.0,0.0,0.0,0.0,3.1062,3.1062,3.1062,0.0,0.0,0.0,0.0,0.0,0.0,0.0,0.0,0.0,0.0,0.0,0.0,0.0,0.0,0.0,0.0,0.0,0.0,0.0,0.0,0.0,1.2397,1.2834,1.2834,0.0,0.0,0.0,3.2638,3.5382,3.5382,10.4953,10.9979,10.9979,54.3549,58.3729,58.3729,0.8777,0.9542,0.9542,6.1433,12.5692,12.5692,14.9416,55.4185,55.4185,103.1545,209.0753,228.8965,1.6734,3.0505,3.0505,0.0,0.0,0.0,0.0,0.0,0.0,0.0,0.0,0.0,0.0,0.0,0.0,0.0,0.0,0.0,0.0,0.0,0.0,0.0,0.0,0.0,0.0,0.0,0.0,0.0,0.0,0.0,0.0,0.0,0.0,2.2e-05,2.2e-05,2.2e-05,0.0,0.0,0.0,0.0,0.0,0.0,0.0,0.0,0.0,0.013389,0.013389,0.013389,0.0,0.0,0.0,0.0,0.0,0.0,0.0,0.0,0.0,0.0,0.0,0.0,0.0,0.0,0.0,0.0,0.0,0.0,0.0,0.0,0.0,0.01265,0.013096,0.013096,0.0,0.0,0.0,0.001791,0.001861,0.001861,0.005701,0.005829,0.005829,0.029976,0.031584,0.031584,0.000482,0.000502,0.000502,0.187345,0.225168,0.225168,0.461946,0.582406,0.582406,3.295681,4.434673,5.074066,0.051011,0.060715,0.060715,0.0,0.0,0.0,0.0,0.0,0.0,0.0,0.0,0.0,0.0,0.0,0.0,0.0,0.0,0.0,0.0,0.0,0.0,0.0,0.0,0.0,0.0,0.0,0.0,0.0,0.0,0.0,0.0,0.0,0.0,0.002481,0.002481,0.002481,0.0,0.0,0.0,0.0,0.0,0.0,0.0,0.0,0.0,4e-05,4e-05,4e-05,0.0,0.0,0.0,0.0,0.0,0.0,0.0,0.0,0.0,0.0,0.0,0.0,0.0,0.0,0.0,0.0,0.0,0.0,0.0,0.0,0.0,2.5e-05,2.6e-05,2.6e-05,0.0,0.0,0.0,29.325481,30.518299,30.518299,93.384207,95.569371,95.569371,411.934341,438.671244,438.671244,7.895397,8.228128,8.228128,7.2e-05,0.000137,0.000137,0.000175,0.000582,0.000582,0.001218,0.002332,0.002565,2e-05,3.4e-05,3.4e-05,0.0,0.0,0.0,0.0,0.0,0.0,0.0,0.0,0.0,0.0,0.0,0.0
BBS_CA_026_OILFIELDS_2015,2015-05-28,2015-06-10,0.0,0.0,0.0,0.0,0.0,0.0,0.0,73.35,73.35,0.0,0.0,0.0,0.0,0.0,0.0,0.0,0.0,0.0,0.0,0.1052,0.1052,0.0,0.0,0.0,0.0,0.0,0.0,0.0,0.0,0.0,0.0,0.0,0.0,0.0,0.0,0.0,0.0,0.0,0.0,0.0,0.0,0.0,0.0,326.9094,326.9712,0.0,0.0,0.0,0.0,0.0,0.0,0.0,0.0,0.0,0.0,0.0,0.0,0.0,0.0,0.0,0.0,0.0,0.0,0.0,0.2294,0.2294,12.168,61.1866,61.1866,0.0,0.0,0.0,0.0,0.0,0.0,0.0,1.022,1.022,0.0,90.0028,90.0028,0.0,0.0,0.0,0.0,0.0,0.0,0.0,0.0,0.0,10.348,10.348,10.7433,0.0,0.0,0.0,0.0,0.0,0.0,0.0,0.0,0.0,0.0,3.030992,3.030992,0.0,0.0,0.0,0.0,0.0,0.0,0.0,0.0,0.0,0.0,4.7e-05,4.7e-05,0.0,0.0,0.0,0.0,0.0,0.0,0.0,0.0,0.0,0.0,0.0,0.0,0.0,0.0,0.0,0.0,0.0,0.0,0.0,0.0,0.0,0.0,8.339525,8.341103,0.0,0.0,0.0,0.0,0.0,0.0,0.0,0.0,0.0,0.0,0.0,0.0,0.0,0.0,0.0,0.0,0.0,0.0,0.0,5.8e-05,5.8e-05,0.006761,0.021601,0.021601,0.0,0.0,0.0,0.0,0.0,0.0,0.0,0.002377,0.002377,0.0,0.209309,0.209309,0.0,0.0,0.0,0.0,0.0,0.0,0.0,0.0,0.0,0.005174,0.005174,0.005372,0.0,0.0,0.0,0.0,0.0,0.0,0.0,0.0,0.0,0.0,9.651316,9.651316,0.0,0.0,0.0,0.0,0.0,0.0,0.0,0.0,0.0,0.0,0.009066,0.009066,0.0,0.0,0.0,0.0,0.0,0.0,0.0,0.0,0.0,0.0,0.0,0.0,0.0,0.0,0.0,0.0,0.0,0.0,0.0,0.0,0.0,0.0,3269.09361,3269.712497,0.0,0.0,0.0,0.0,0.0,0.0,0.0,0.0,0.0,0.0,0.0,0.0,0.0,0.0,0.0,0.0,0.0,0.0,0.0,0.997312,0.997312,110.602421,361.848902,361.848902,0.0,0.0,0.0,0.0,0.0,0.0,0.0,2.6e-05,2.6e-05,0.0,0.00225,0.00225,0.0,0.0,0.0,0.0,0.0,0.0,0.0,0.0,0.0,0.010348,0.010348,0.010743,0.0,0.0,0.0
BBS_CA_026_OILFIELDS_2016,2016-05-28,2016-06-10,0.0,0.0,0.0,0.0,0.0,0.0,0.0,0.0,0.0,0.0,0.0,0.0,0.0,0.0,0.0,0.0,0.0,0.0,6.9314,6.9314,6.9314,0.0,0.0,0.0,0.0,0.0,0.0,0.0,0.0,0.0,0.0,0.0,0.0,0.0,0.0,0.0,0.0,0.0,0.0,0.0,0.0,0.0,30.1472,68.1492,68.1492,0.0,0.0,0.0,0.0,0.0,0.0,0.0,0.0,0.0,0.0,0.0,0.0,0.0,0.0,0.0,0.0,0.0,0.0,0.0,0.0,0.0,3.8193,3.8193,15.9844,0.0,0.0,0.0,0.0,0.0,0.0,0.0,1.022,1.022,46.8845,136.8873,136.8873,0.0,0.0,0.0,0.0,0.0,0.0,0.0,0.0,0.0,7.3906,15.2218,15.717,0.0,0.0,0.0,0.0,0.0,0.0,0.0,0.0,0.0,0.0,0.0,0.0,0.0,0.0,0.0,0.0,0.0,0.0,0.0,0.0,0.0,0.003081,0.003081,0.003081,0.0,0.0,0.0,0.0,0.0,0.0,0.0,0.0,0.0,0.0,0.0,0.0,0.0,0.0,0.0,0.0,0.0,0.0,0.0,0.0,0.0,0.769061,1.7385,1.7385,0.0,0.0,0.0,0.0,0.0,0.0,0.0,0.0,0.0,0.0,0.0,0.0,0.0,0.0,0.0,0.0,0.0,0.0,0.0,0.0,0.0,0.00191,0.00191,0.008668,0.0,0.0,0.0,0.0,0.0,0.0,0.0,0.002377,0.002377,1.00123,1.210538,1.210538,0.0,0.0,0.0,0.0,0.0,0.0,0.0,0.0,0.0,0.003285,0.006787,0.007029,0.0,0.0,0.0,0.0,0.0,0.0,0.0,0.0,0.0,0.0,0.0,0.0,0.0,0.0,0.0,0.0,0.0,0.0,0.0,0.0,0.0,0.346572,0.346572,0.346572,0.0,0.0,0.0,0.0,0.0,0.0,0.0,0.0,0.0,0.0,0.0,0.0,0.0,0.0,0.0,0.0,0.0,0.0,0.0,0.0,0.0,301.471741,681.491965,681.491965,0.0,0.0,0.0,0.0,0.0,0.0,0.0,0.0,0.0,0.0,0.0,0.0,0.0,0.0,0.0,0.0,0.0,0.0,0.0,0.0,0.0,23.870627,23.870627,134.462296,0.0,0.0,0.0,0.0,0.0,0.0,0.0,2.6e-05,2.6e-05,0.000778,0.003028,0.003028,0.0,0.0,0.0,0.0,0.0,0.0,0.0,0.0,0.0,0.032415,0.065441,0.066277,0.0,0.0,0.0
BBS_CA_026_OILFIELDS_2017,2017-05-28,2017-06-10,0.0,0.0,0.0,0.0,0.0,0.0,0.0,0.0,0.0,0.0,0.0,0.0,0.0,0.0,0.0,0.0,0.0,0.0,0.0,0.0,0.0,0.0,0.0,0.0,0.0,0.0,0.0,0.0,0.0,0.0,0.0,0.0,0.0,0.0,0.0,0.0,0.0,0.0,0.0,0.0,0.0,0.0,291.1508,582.3015,582.3015,0.0,0.0,0.0,0.0,0.0,0.0,0.0,0.0,0.0,0.0,0.0,0.0,0.0,0.0,0.0,0.0,0.0,0.0,0.0,0.0,0.0,10.856,10.856,10.856,0.0,0.0,0.0,0.0,0.0,0.0,1.022,1.022,1.022,90.0028,90.0028,90.0028,0.0,0.0,0.0,0.0,0.0,0.0,0.0,0.0,0.0,0.198,0.3284,0.4588,0.0,0.0,0.0,0.0,0.0,0.0,0.0,0.0,0.0,0.0,0.0,0.0,0.0,0.0,0.0,0.0,0.0,0.0,0.0,0.0,0.0,0.0,0.0,0.0,0.0,0.0,0.0,0.0,0.0,0.0,0.0,0.0,0.0,0.0,0.0,0.0,0.0,0.0,0.0,0.0,0.0,0.0,0.0,0.0,0.0,7.427315,14.85463,14.85463,0.0,0.0,0.0,0.0,0.0,0.0,0.0,0.0,0.0,0.0,0.0,0.0,0.0,0.0,0.0,0.0,0.0,0.0,0.0,0.0,0.0,0.006004,0.006004,0.006004,0.0,0.0,0.0,0.0,0.0,0.0,0.002377,0.002377,0.002377,0.209309,0.209309,0.209309,0.0,0.0,0.0,0.0,0.0,0.0,0.0,0.0,0.0,9.9e-05,0.000164,0.000229,0.0,0.0,0.0,0.0,0.0,0.0,0.0,0.0,0.0,0.0,0.0,0.0,0.0,0.0,0.0,0.0,0.0,0.0,0.0,0.0,0.0,0.0,0.0,0.0,0.0,0.0,0.0,0.0,0.0,0.0,0.0,0.0,0.0,0.0,0.0,0.0,0.0,0.0,0.0,0.0,0.0,0.0,0.0,0.0,0.0,2911.50757,5823.015139,5823.015139,0.0,0.0,0.0,0.0,0.0,0.0,0.0,0.0,0.0,0.0,0.0,0.0,0.0,0.0,0.0,0.0,0.0,0.0,0.0,0.0,0.0,98.258347,98.258347,98.258347,0.0,0.0,0.0,0.0,0.0,0.0,2.6e-05,2.6e-05,2.6e-05,0.00225,0.00225,0.00225,0.0,0.0,0.0,0.0,0.0,0.0,0.0,0.0,0.0,0.000198,0.000328,0.000459,0.0,0.0,0.0
BBS_CA_026_OILFIELDS_2018,2018-05-28,2018-06-10,0.0,0.0,0.0,0.0,0.0,0.0,10.4749,10.4749,10.4749,0.0,0.0,0.0,0.0,0.0,0.0,0.8331,0.8331,0.8331,79.8008,79.8008,79.8008,0.0,0.0,0.0,0.0,0.0,0.0,0.0,0.0,0.0,0.0,0.0,0.0,0.0,0.0,0.0,0.0,0.0,0.0,0.0,0.0,0.0,51.8715,51.8715,51.8715,0.0,0.0,0.0,0.0,0.0,0.0,0.0,0.0,0.0,5.3221,5.463,5.463,0.0,0.0,0.0,0.0,0.0,0.0,0.4166,0.4166,0.4166,78.0993,78.441,78.441,0.0,0.0,0.0,0.0,0.0,0.0,0.0,0.0,0.0,34.3817,34.3817,34.8621,0.0,0.0,0.0,0.0,0.0,0.0,0.0,0.0,0.0,13.8838,25.4675,25.4675,0.0,0.0,0.0,0.0,0.0,0.0,0.0,0.0,0.0,0.432846,0.432846,0.432846,0.0,0.0,0.0,0.0,0.0,0.0,0.00037,0.00037,0.00037,0.035467,0.035467,0.035467,0.0,0.0,0.0,0.0,0.0,0.0,0.0,0.0,0.0,0.0,0.0,0.0,0.0,0.0,0.0,0.0,0.0,0.0,0.0,0.0,0.0,4.940142,4.940142,4.940142,0.0,0.0,0.0,0.0,0.0,0.0,0.0,0.0,0.0,0.054307,0.055745,0.055745,0.0,0.0,0.0,0.0,0.0,0.0,0.000105,0.000105,0.000105,0.014421,0.014508,0.014508,0.0,0.0,0.0,0.0,0.0,0.0,0.0,0.0,0.0,1.105777,1.105777,1.121274,0.0,0.0,0.0,0.0,0.0,0.0,0.0,0.0,0.0,0.006942,0.012102,0.012102,0.0,0.0,0.0,0.0,0.0,0.0,0.0,0.0,0.0,1.378273,1.378273,1.378273,0.0,0.0,0.0,0.0,0.0,0.0,0.071823,0.071823,0.071823,6.879383,6.879383,6.879383,0.0,0.0,0.0,0.0,0.0,0.0,0.0,0.0,0.0,0.0,0.0,0.0,0.0,0.0,0.0,0.0,0.0,0.0,0.0,0.0,0.0,0.025936,0.025936,0.025936,0.0,0.0,0.0,0.0,0.0,0.0,0.0,0.0,0.0,0.000107,0.00011,0.00011,0.0,0.0,0.0,0.0,0.0,0.0,1.811177,1.811177,1.811177,244.627981,246.113569,246.113569,0.0,0.0,0.0,0.0,0.0,0.0,0.0,0.0,0.0,0.000404,0.000404,0.00041,0.0,0.0,0.0,0.0,0.0,0.0,0.0,0.0,0.0,0.013884,0.063954,0.063954,0.0,0.0,0.0
BBS_CA_026_OILFIELDS_2019,2019-05-28,2019-06-10,0.0,0.0,0.0,0.0,0.0,0.0,22.5,43.0887,55.2846,0.0,0.0,0.0,0.0,0.0,0.0,0.0,0.0,0.0,27.4288,27.4288,27.4288,0.0,0.0,0.0,0.0,0.0,0.0,0.0,0.0,0.0,0.0,0.0,0.0,0.0,0.0,0.0,0.0,0.0,0.0,0.0,0.0,0.0,0.3827,0.3827,0.3827,0.0,0.0,0.0,0.0,0.0,0.0,0.0,0.0,0.0,0.0,0.0,0.0,0.0,0.0,0.0,0.0,0.0,0.0,0.0,0.0,0.0,0.5481,0.5481,0.5481,0.0,0.0,0.0,0.0,0.0,0.0,0.0,0.0,0.0,2.9445,3.0529,3.757,0.0,0.0,0.0,0.0,0.0,0.0,0.0,0.0,0.0,15.001,15.4834,16.1696,0.0,0.0,0.0,0.0,0.0,0.0,0.0,0.0,0.0,0.929752,4.349924,4.815273,0.0,0.0,0.0,0.0,0.0,0.0,0.0,0.0,0.0,0.012191,0.012191,0.012191,0.0,0.0,0.0,0.0,0.0,0.0,0.0,0.0,0.0,0.0,0.0,0.0,0.0,0.0,0.0,0.0,0.0,0.0,0.0,0.0,0.0,0.036444,0.036444,0.036444,0.0,0.0,0.0,0.0,0.0,0.0,0.0,0.0,0.0,0.0,0.0,0.0,0.0,0.0,0.0,0.0,0.0,0.0,0.0,0.0,0.0,0.000275,0.000275,0.000275,0.0,0.0,0.0,0.0,0.0,0.0,0.0,0.0,0.0,0.005112,0.0053,0.028013,0.0,0.0,0.0,0.0,0.0,0.0,0.0,0.0,0.0,0.006798,0.007039,0.007344,0.0,0.0,0.0,0.0,0.0,0.0,0.0,0.0,0.0,2.960526,4.470065,6.076943,0.0,0.0,0.0,0.0,0.0,0.0,0.0,0.0,0.0,2.364551,2.364551,2.364551,0.0,0.0,0.0,0.0,0.0,0.0,0.0,0.0,0.0,0.0,0.0,0.0,0.0,0.0,0.0,0.0,0.0,0.0,0.0,0.0,0.0,0.000191,0.000191,0.000191,0.0,0.0,0.0,0.0,0.0,0.0,0.0,0.0,0.0,0.0,0.0,0.0,0.0,0.0,0.0,0.0,0.0,0.0,0.0,0.0,0.0,4.524252,4.524252,4.524252,0.0,0.0,0.0,0.0,0.0,0.0,0.0,0.0,0.0,2.9e-05,3.1e-05,3.9e-05,0.0,0.0,0.0,0.0,0.0,0.0,0.0,0.0,0.0,0.057844,0.058326,0.061336,0.0,0.0,0.0
BBS_CA_026_OILFIELDS_2020,2020-05-28,2020-06-10,0.0,0.0,0.0,0.0,0.0,0.0,70.9256,108.263,108.263,0.0,0.0,0.0,0.0,0.0,0.0,0.0,0.0,0.0,3.0049,4.3521,4.3521,0.0,0.0,0.0,0.0,0.0,0.0,0.0,0.0,0.0,0.0,0.0,0.0,0.0,0.0,0.0,0.0,0.0,0.0,0.0,0.0,0.0,1.1545,1.1545,1.1545,0.0,0.0,0.0,0.0,0.0,0.0,0.0,0.0,0.0,8.6835,12.1284,12.1284,0.0,0.0,0.0,0.0,0.0,0.0,0.0,0.0,0.0,2.7997,15.073,15.073,0.0,0.0,0.0,0.0,0.0,0.0,0.0,0.0,0.0,79.777,80.4711,80.4711,0.0,0.0,0.0,0.0,0.0,0.0,0.0,0.0,0.0,20.2711,26.1185,27.0146,0.0,0.0,0.0,0.0,0.0,0.0,0.0,0.0,0.0,2.930812,4.473679,4.473679,0.0,0.0,0.0,0.0,0.0,0.0,0.0,0.0,0.0,0.001336,0.001934,0.001934,0.0,0.0,0.0,0.0,0.0,0.0,0.0,0.0,0.0,0.0,0.0,0.0,0.0,0.0,0.0,0.0,0.0,0.0,0.0,0.0,0.0,0.109951,0.109951,0.109951,0.0,0.0,0.0,0.0,0.0,0.0,0.0,0.0,0.0,0.088607,0.123759,0.123759,0.0,0.0,0.0,0.0,0.0,0.0,0.0,0.0,0.0,0.000774,0.007483,0.007483,0.0,0.0,0.0,0.0,0.0,0.0,0.0,0.0,0.0,2.573451,2.595843,2.595843,0.0,0.0,0.0,0.0,0.0,0.0,0.0,0.0,0.0,0.010053,0.012899,0.013297,0.0,0.0,0.0,0.0,0.0,0.0,0.0,0.0,0.0,9.332321,14.245136,14.245136,0.0,0.0,0.0,0.0,0.0,0.0,0.0,0.0,0.0,0.150247,0.217606,0.217606,0.0,0.0,0.0,0.0,0.0,0.0,0.0,0.0,0.0,0.0,0.0,0.0,0.0,0.0,0.0,0.0,0.0,0.0,0.0,0.0,0.0,0.000577,0.000577,0.000577,0.0,0.0,0.0,0.0,0.0,0.0,0.0,0.0,0.0,0.000174,0.000244,0.000244,0.0,0.0,0.0,0.0,0.0,0.0,0.0,0.0,0.0,13.196228,123.056908,123.056908,0.0,0.0,0.0,0.0,0.0,0.0,0.0,0.0,0.0,0.000939,0.000947,0.000947,0.0,0.0,0.0,0.0,0.0,0.0,0.0,0.0,0.0,0.02528,0.035898,0.039828,0.0,0.0,0.0
BBS_CA_026_OILFIELDS_2021,2021-05-28,2021-06-10,0.0,0.0,0.0,0.0,0.0,0.0,0.0,0.0,0.0,0.0,0.0,0.0,0.0,0.0,0.0,0.0,0.0,0.0,0.0,0.0,0.0,0.0,0.0,0.0,0.0,0.0,0.0,0.0,0.0,0.0,0.0,0.0,0.0,0.0,0.0,0.0,0.0,0.0,0.0,0.0,0.0,0.0,0.0,0.0,0.0,0.0,0.0,0.0,0.0,0.0,0.0,0.0,0.0,0.0,0.0,0.0,0.0,0.0,0.0,0.0,0.0,0.0,0.0,0.0,0.0,0.0,65.5289,65.8168,65.8168,0.0,0.0,0.0,0.0,0.0,0.0,0.0,0.0,0.0,0.0,0.0,0.0,0.0,0.0,0.0,0.0,0.0,0.0,0.0,0.0,0.0,4.2616,4.5223,4.5223,0.0,0.0,0.0,0.0,0.0,0.0,0.0,0.0,0.0,0.0,0.0,0.0,0.0,0.0,0.0,0.0,0.0,0.0,0.0,0.0,0.0,0.0,0.0,0.0,0.0,0.0,0.0,0.0,0.0,0.0,0.0,0.0,0.0,0.0,0.0,0.0,0.0,0.0,0.0,0.0,0.0,0.0,0.0,0.0,0.0,0.0,0.0,0.0,0.0,0.0,0.0,0.0,0.0,0.0,0.0,0.0,0.0,0.0,0.0,0.0,0.0,0.0,0.0,0.0,0.0,0.0,0.0,0.0,0.0,0.036402,0.036562,0.036562,0.0,0.0,0.0,0.0,0.0,0.0,0.0,0.0,0.0,0.0,0.0,0.0,0.0,0.0,0.0,0.0,0.0,0.0,0.0,0.0,0.0,0.001894,0.002024,0.002024,0.0,0.0,0.0,0.0,0.0,0.0,0.0,0.0,0.0,0.0,0.0,0.0,0.0,0.0,0.0,0.0,0.0,0.0,0.0,0.0,0.0,0.0,0.0,0.0,0.0,0.0,0.0,0.0,0.0,0.0,0.0,0.0,0.0,0.0,0.0,0.0,0.0,0.0,0.0,0.0,0.0,0.0,0.0,0.0,0.0,0.0,0.0,0.0,0.0,0.0,0.0,0.0,0.0,0.0,0.0,0.0,0.0,0.0,0.0,0.0,0.0,0.0,0.0,0.0,0.0,0.0,0.0,0.0,0.0,595.64507,598.262901,598.262901,0.0,0.0,0.0,0.0,0.0,0.0,0.0,0.0,0.0,0.0,0.0,0.0,0.0,0.0,0.0,0.0,0.0,0.0,0.0,0.0,0.0,0.018691,0.018952,0.018952,0.0,0.0,0.0
BBS_CA_026_OILFIELDS_2022,2022-05-28,2022-06-10,0.0,0.0,0.0,0.0,0.0,0.0,0.0,0.0,0.0,0.0,0.0,0.0,0.0,0.0,0.0,0.0,0.0,0.0,0.0,0.0,0.0,0.0,0.0,0.0,0.0,0.0,0.0,0.0,0.0,0.0,0.0,0.0,0.0,0.0,0.0,0.0,0.0,0.0,0.0,0.0,0.0,0.0,0.0,0.0,0.0,0.0,0.0,0.0,0.0,0.0,0.0,0.0,0.0,0.0,0.0,0.0,0.0,0.0,0.0,0.0,0.0,0.0,0.0,0.0,0.0,0.0,102.8053,102.9109,102.9109,0.0,0.0,0.0,0.0,0.0,0.0,0.0,0.0,0.0,0.0,54.8913,54.8913,0.0,0.0,0.0,0.0,0.0,0.0,0.0,0.0,0.0,0.0,0.0,0.0,0.0,0.0,0.0,0.0,0.0,0.0,0.0,0.0,0.0,0.0,0.0,0.0,0.0,0.0,0.0,0.0,0.0,0.0,0.0,0.0,0.0,0.0,0.0,0.0,0.0,0.0,0.0,0.0,0.0,0.0,0.0,0.0,0.0,0.0,0.0,0.0,0.0,0.0,0.0,0.0,0.0,0.0,0.0,0.0,0.0,0.0,0.0,0.0,0.0,0.0,0.0,0.0,0.0,0.0,0.0,0.0,0.0,0.0,0.0,0.0,0.0,0.0,0.0,0.0,0.0,0.0,0.0,0.0,0.0,0.057114,0.057141,0.057141,0.0,0.0,0.0,0.0,0.0,0.0,0.0,0.0,0.0,0.0,1.770688,1.770688,0.0,0.0,0.0,0.0,0.0,0.0,0.0,0.0,0.0,0.0,0.0,0.0,0.0,0.0,0.0,0.0,0.0,0.0,0.0,0.0,0.0,0.0,0.0,0.0,0.0,0.0,0.0,0.0,0.0,0.0,0.0,0.0,0.0,0.0,0.0,0.0,0.0,0.0,0.0,0.0,0.0,0.0,0.0,0.0,0.0,0.0,0.0,0.0,0.0,0.0,0.0,0.0,0.0,0.0,0.0,0.0,0.0,0.0,0.0,0.0,0.0,0.0,0.0,0.0,0.0,0.0,0.0,0.0,0.0,0.0,0.0,0.0,0.0,0.0,0.0,0.0,0.0,0.0,0.0,0.0,0.0,934.593939,935.052882,935.052882,0.0,0.0,0.0,0.0,0.0,0.0,0.0,0.0,0.0,0.0,0.000646,0.000646,0.0,0.0,0.0,0.0,0.0,0.0,0.0,0.0,0.0,0.0,0.0,0.0,0.0,0.0,0.0
BBS_CA_026_OILFIELDS_2023,2023-05-28,2023-06-10,0.0,0.0,0.0,0.0,0.0,0.0,3.1425,3.1425,3.1425,0.0,0.0,0.0,0.0,0.0,0.0,0.0,0.0,0.0,0.0,0.0,0.0,0.0,0.0,0.0,0.0,0.0,0.0,0.0,0.0,0.0,0.0,0.0,0.0,0.0,0.0,0.0,0.0,0.0,0.0,0.0,0.0,0.0,0.0,0.0,23.096,0.0,0.0,0.0,0.0,0.0,0.0,0.0,0.0,0.0,1.7313,1.7313,1.7313,0.0,0.0,0.0,0.0,0.0,0.0,0.0,0.0,0.0,7.2437,7.2437,7.2437,0.0,0.0,0.0,0.0,0.0,0.0,0.0,0.0,0.0,2.8177,2.8177,2.8177,0.0,0.0,0.0,0.0,0.0,0.0,0.0,0.0,0.0,0.2738,0.2738,0.2738,0.0,0.0,0.0,0.0,0.0,0.0,0.0,0.0,0.0,0.129854,0.129854,0.129854,0.0,0.0,0.0,0.0,0.0,0.0,0.0,0.0,0.0,0.0,0.0,0.0,0.0,0.0,0.0,0.0,0.0,0.0,0.0,0.0,0.0,0.0,0.0,0.0,0.0,0.0,0.0,0.0,0.0,0.0,0.0,0.0,0.0,0.0,0.0,16.038895,0.0,0.0,0.0,0.0,0.0,0.0,0.0,0.0,0.0,0.017666,0.017666,0.017666,0.0,0.0,0.0,0.0,0.0,0.0,0.0,0.0,0.0,0.001913,0.001913,0.001913,0.0,0.0,0.0,0.0,0.0,0.0,0.0,0.0,0.0,0.090892,0.090892,0.090892,0.0,0.0,0.0,0.0,0.0,0.0,0.0,0.0,0.0,0.000122,0.000122,0.000122,0.0,0.0,0.0,0.0,0.0,0.0,0.0,0.0,0.0,0.413482,0.413482,0.413482,0.0,0.0,0.0,0.0,0.0,0.0,0.0,0.0,0.0,0.0,0.0,0.0,0.0,0.0,0.0,0.0,0.0,0.0,0.0,0.0,0.0,0.0,0.0,0.0,0.0,0.0,0.0,0.0,0.0,0.0,0.0,0.0,0.0,0.0,0.0,23.096009,0.0,0.0,0.0,0.0,0.0,0.0,0.0,0.0,0.0,3.5e-05,3.5e-05,3.5e-05,0.0,0.0,0.0,0.0,0.0,0.0,0.0,0.0,0.0,33.265787,33.265787,33.265787,0.0,0.0,0.0,0.0,0.0,0.0,0.0,0.0,0.0,3.3e-05,3.3e-05,3.3e-05,0.0,0.0,0.0,0.0,0.0,0.0,0.0,0.0,0.0,0.001201,0.001201,0.001201,0.0,0.0,0.0
BBS_CA_033_BAKERSFIELD_2015,2015-05-28,2015-06-10,0.0,0.0,0.0,0.0,0.0,0.0,23.2715,167.9815,175.3209,0.0,0.0,0.0,0.0,0.0,0.0,2.8546,2.8546,2.8546,27.2555,27.2555,27.2555,0.0,0.0,0.0,0.0,0.0,0.0,0.0,0.0,0.0,0.0,0.0,0.0,0.0,0.0,0.0,0.0,0.0,0.0,0.0,0.0,32.1975,17.1186,17.1186,436.4538,0.0,0.0,0.0,0.0,0.0,0.0,0.0,0.0,0.0,0.0,0.0,0.0,0.0,0.0,0.0,0.0,0.0,0.0,0.0,0.0,0.0514,3.6379,3.9561,4.7385,0.0,0.0,0.0,0.0,0.0,0.0,0.0,0.0,0.0,0.0,0.1324,0.1324,0.0,0.0,0.0,0.0,0.0,0.0,0.0,0.0,0.0,1.7561,1.7561,1.7561,0.0,0.0,0.0,0.0,0.0,0.0,0.0,0.0,0.0,0.011636,0.083991,0.38727,0.0,0.0,0.0,0.0,0.0,0.0,0.001427,0.001427,0.001427,0.013628,0.013628,0.013628,0.0,0.0,0.0,0.0,0.0,0.0,0.0,0.0,0.0,0.0,0.0,0.0,0.0,0.0,0.0,0.0,0.0,0.0,0.0,0.0,0.821364,0.329203,0.329203,11.312378,0.0,0.0,0.0,0.0,0.0,0.0,0.0,0.0,0.0,0.0,0.0,0.0,0.0,0.0,0.0,0.0,0.0,0.0,0.0,0.0,1.3e-05,0.001969,0.002146,0.00244,0.0,0.0,0.0,0.0,0.0,0.0,0.0,0.0,0.0,0.0,0.004272,0.004272,0.0,0.0,0.0,0.0,0.0,0.0,0.0,0.0,0.0,0.00078,0.00078,0.00078,0.0,0.0,0.0,0.0,0.0,0.0,0.0,0.0,0.0,3.115324,22.487486,23.453192,0.0,0.0,0.0,0.0,0.0,0.0,0.047577,0.047577,0.047577,0.454258,0.454258,0.454258,0.0,0.0,0.0,0.0,0.0,0.0,0.0,0.0,0.0,0.0,0.0,0.0,0.0,0.0,0.0,0.0,0.0,0.0,0.0,0.0,321.974556,48.910224,48.910224,4201.269209,0.0,0.0,0.0,0.0,0.0,0.0,0.0,0.0,0.0,0.0,0.0,0.0,0.0,0.0,0.0,0.0,0.0,0.0,0.0,0.0,0.223547,30.14331,33.036579,37.947749,0.0,0.0,0.0,0.0,0.0,0.0,0.0,0.0,0.0,0.0,2e-06,2e-06,0.0,0.0,0.0,0.0,0.0,0.0,0.0,0.0,0.0,0.007702,0.007702,0.007702,0.0,0.0,0.0
BBS_CA_033_BAKERSFIELD_2016,2016-05-28,2016-06-10,0.0,0.0,0.0,0.0,0.0,0.0,0.0,14.1033,17.6053,0.0,0.0,0.0,0.0,0.0,0.0,0.0,0.0,0.0,0.0,0.0,0.0,0.0,0.0,0.0,0.0,0.0,0.0,0.0,0.0,0.0,0.0,0.0,0.0,0.0,0.0,0.0,0.0,0.0,0.3284,15.6293,15.6293,46.7711,142.6284,142.6284,725.2529,0.0,0.0,0.0859,0.0,0.0,0.0,0.0,0.0,0.0,0.0,0.0,0.0,0.0,0.0,0.0,0.0,0.0,0.0,0.0,0.2131,0.3384,0.6244,2.6091,5.4115,0.0,0.0,0.0,0.0,0.0,0.0,0.0,0.0,0.0,0.0,0.0,0.2222,0.0,0.0,0.0,0.0,0.0,0.0,0.0,0.0,0.0,0.0,0.0,0.0,0.0,0.0,0.0,0.0,0.0,0.0,0.0,0.0,0.0,0.0,0.007052,0.151762,0.0,0.0,0.0,0.0,0.0,0.0,0.0,0.0,0.0,0.0,0.0,0.0,0.0,0.0,0.0,0.0,0.0,0.0,0.0,0.0,0.0,0.0,0.0,0.0,0.0,0.0,0.0,0.0,0.0,0.008377,0.398705,0.398705,1.183247,3.638478,3.638478,18.424714,0.0,0.0,0.002192,0.0,0.0,0.0,0.0,0.0,0.0,0.0,0.0,0.0,0.0,0.0,0.0,0.0,0.0,0.0,0.0,0.000106,0.000167,0.000347,0.001347,0.002386,0.0,0.0,0.0,0.0,0.0,0.0,0.0,0.0,0.0,0.0,0.0,0.000386,0.0,0.0,0.0,0.0,0.0,0.0,0.0,0.0,0.0,0.0,0.0,0.0,0.0,0.0,0.0,0.0,0.0,0.0,0.0,0.0,0.0,0.0,1.887998,2.348788,0.0,0.0,0.0,0.0,0.0,0.0,0.0,0.0,0.0,0.0,0.0,0.0,0.0,0.0,0.0,0.0,0.0,0.0,0.0,0.0,0.0,0.0,0.0,0.0,0.0,0.0,0.0,0.0,0.0,3.283677,156.292543,156.292543,463.97946,1426.2835,1426.2835,7223.623266,0.0,0.0,0.859417,0.0,0.0,0.0,0.0,0.0,0.0,0.0,0.0,0.0,0.0,0.0,0.0,0.0,0.0,0.0,0.0,0.735999,1.173601,5.676485,13.960119,26.228696,0.0,0.0,0.0,0.0,0.0,0.0,0.0,0.0,0.0,0.0,0.0,2e-06,0.0,0.0,0.0,0.0,0.0,0.0,0.0,0.0,0.0,0.0,0.0,0.0,0.0,0.0,0.0
BBS_CA_033_BAKERSFIELD_2017,2017-05-28,2017-06-10,0.0,0.0,0.0,0.0,0.0,0.0,0.0,0.7098,1.4018,0.0,0.0,0.0,0.0,0.0,0.0,0.0,0.0,0.0,1.5205,1.5205,1.5205,0.0,0.0,0.0,0.0,0.0,0.0,0.0,0.0,0.0,0.0,0.0,0.0,0.0,0.0,0.0,0.0,0.0,0.0,0.0,28.2736,28.2736,22.4045,249.3965,271.362,0.0,0.0,0.0,0.0,0.0,0.0,0.0,0.0,0.0,0.0,0.0,0.0,0.0,0.0,0.0,0.0,0.0,0.0,1.9435,2.0431,2.4534,43.8084,68.9859,76.4672,0.0,0.0,0.0,0.0,0.0,0.0,0.0,0.0,0.0,0.008,0.0092,0.0092,0.0,0.0,0.0,0.0,0.0,0.0,0.0,0.001,0.001,0.002,0.0112,0.0112,0.0,0.0,0.0,0.0,0.0,0.0,0.0,0.0,0.0,0.0,0.000355,0.000701,0.0,0.0,0.0,0.0,0.0,0.0,0.0,0.0,0.0,0.000676,0.000676,0.000676,0.0,0.0,0.0,0.0,0.0,0.0,0.0,0.0,0.0,0.0,0.0,0.0,0.0,0.0,0.0,0.0,0.0,0.0,0.0,0.721266,0.721266,2.133274,7.923885,8.493884,0.0,0.0,0.0,0.0,0.0,0.0,0.0,0.0,0.0,0.0,0.0,0.0,0.0,0.0,0.0,0.0,0.0,0.0,0.00108,0.00113,0.001233,0.024337,0.038193,0.040341,0.0,0.0,0.0,0.0,0.0,0.0,0.0,0.0,0.0,0.000258,0.00026,0.00026,0.0,0.0,0.0,0.0,0.0,0.0,0.0,1e-06,1e-06,1e-06,6e-06,6e-06,0.0,0.0,0.0,0.0,0.0,0.0,0.0,0.0,0.0,0.0,0.095024,0.187652,0.0,0.0,0.0,0.0,0.0,0.0,0.0,0.0,0.0,0.131077,0.131077,0.131077,0.0,0.0,0.0,0.0,0.0,0.0,0.0,0.0,0.0,0.0,0.0,0.0,0.0,0.0,0.0,0.0,0.0,0.0,0.0,282.736175,282.736175,0.0112,2269.930784,2488.201841,0.0,0.0,0.0,0.0,0.0,0.0,0.0,0.0,0.0,0.0,0.0,0.0,0.0,0.0,0.0,0.0,0.0,0.0,17.66799,18.011391,19.795327,398.240587,613.805462,645.40943,0.0,0.0,0.0,0.0,0.0,0.0,0.0,0.0,0.0,0.0,0.0,0.0,0.0,0.0,0.0,0.0,0.0,0.0,0.0,1e-06,1e-06,2e-06,1.1e-05,1.1e-05,0.0,0.0,0.0
BBS_CA_033_BAKERSFIELD_2018,2018-05-28,2018-06-10,0.0,0.0,0.0,0.0,0.0,0.0,0.0,0.0,0.0,0.0,0.0,0.0,0.0,0.0,0.0,0.0,0.0,0.0,0.0,0.0,0.0,0.0,0.0,0.0,0.0,0.0,0.0,0.0,0.0,0.0,0.0,0.0,0.0,0.0,0.0,0.0,0.0,0.0,0.0,0.0,0.0,0.0,0.0,57.0495,81.5523,0.0,0.0,0.0,0.0,0.0,0.0,0.0,0.0,0.0,0.0,0.0,0.0,0.0,0.0,0.0,0.0,0.0,0.0,0.0,0.5445,0.5445,1.9492,16.1074,17.1864,0.0,0.0,0.0,0.0,0.0,0.0,0.0,0.0,0.0,1.7291,1.7291,1.7291,0.0,0.0,0.0,0.0,0.0,0.0,0.0,0.0,0.0,0.0,0.0,0.0,0.0,0.0,0.0,0.0,0.0,0.0,0.0,0.0,0.0,0.0,0.0,0.0,0.0,0.0,0.0,0.0,0.0,0.0,0.0,0.0,0.0,0.0,0.0,0.0,0.0,0.0,0.0,0.0,0.0,0.0,0.0,0.0,0.0,0.0,0.0,0.0,0.0,0.0,0.0,0.0,0.0,0.0,0.0,0.0,0.0,0.0,0.754361,1.428014,0.0,0.0,0.0,0.0,0.0,0.0,0.0,0.0,0.0,0.0,0.0,0.0,0.0,0.0,0.0,0.0,0.0,0.0,0.0,0.000138,0.000138,0.000493,0.004121,0.004394,0.0,0.0,0.0,0.0,0.0,0.0,0.0,0.0,0.0,0.003002,0.003002,0.003002,0.0,0.0,0.0,0.0,0.0,0.0,0.0,0.0,0.0,0.0,0.0,0.0,0.0,0.0,0.0,0.0,0.0,0.0,0.0,0.0,0.0,0.0,0.0,0.0,0.0,0.0,0.0,0.0,0.0,0.0,0.0,0.0,0.0,0.0,0.0,0.0,0.0,0.0,0.0,0.0,0.0,0.0,0.0,0.0,0.0,0.0,0.0,0.0,0.0,0.0,0.0,0.0,0.0,0.0,0.0,0.0,0.0,0.0,306.093982,544.155609,0.0,0.0,0.0,0.0,0.0,0.0,0.0,0.0,0.0,0.0,0.0,0.0,0.0,0.0,0.0,0.0,0.0,0.0,0.0,2.367279,2.367279,8.47458,70.702712,75.393892,0.0,0.0,0.0,0.0,0.0,0.0,0.0,0.0,0.0,1.7e-05,1.7e-05,1.7e-05,0.0,0.0,0.0,0.0,0.0,0.0,0.0,0.0,0.0,0.0,0.0,0.0,0.0,0.0,0.0
BBS_CA_033_BAKERSFIELD_2019,2019-05-28,2019-06-10,0.0,0.0,0.0,0.0,0.0,0.0,0.0,0.0,0.0,0.0,0.0,0.0,0.0,0.0,0.0,0.0,0.0,0.0,0.0305,0.0611,0.0611,0.0,0.0,0.0,0.0,0.0,0.3629,0.0,0.0,1.1147,0.0,0.0,9.6206,0.0,0.0,0.095,0.0,0.0,0.0,0.0,0.0,0.0128,0.0,0.0,59.0723,0.0,0.0,0.0,0.0,0.0,0.0,0.0,0.0,0.0,0.0,0.0,0.0,0.0,0.0,0.0,0.0,0.0,0.1041,0.0,2.4749,2.8956,16.8063,47.0208,65.5495,0.0,0.0,0.0272,0.0,0.0,0.0,0.0,0.0,0.0,0.0,0.0,0.0,0.0,0.0,0.0,0.0,0.0,0.0,0.0,0.0273,0.0273,0.0,0.2117,0.2117,0.0,0.0,0.0,0.0,0.0,0.0,0.0,0.0,0.0,0.0,0.0,0.0,0.0,0.0,0.0,0.0,0.0,0.0,0.0,0.0,0.0,1.4e-05,2.7e-05,2.7e-05,0.0,0.0,0.0,0.0,0.0,0.001564,0.0,0.0,0.004805,0.0,0.0,0.041468,0.0,0.0,0.000409,0.0,0.0,0.0,0.0,0.0,3.6e-05,0.0,0.0,0.165932,0.0,0.0,0.0,0.0,0.0,0.0,0.0,0.0,0.0,0.0,0.0,0.0,0.0,0.0,0.0,0.0,0.0,2.6e-05,0.0,0.001375,0.001481,0.009336,0.026122,0.031565,0.0,0.0,7e-06,0.0,0.0,0.0,0.0,0.0,0.0,0.0,0.0,0.0,0.0,0.0,0.0,0.0,0.0,0.0,0.0,1.2e-05,1.2e-05,0.0,9.4e-05,9.4e-05,0.0,0.0,0.0,0.0,0.0,0.0,0.0,0.0,0.0,0.0,0.0,0.0,0.0,0.0,0.0,0.0,0.0,0.0,0.0,0.0,0.0,0.002633,0.005265,0.005265,0.0,0.0,0.0,0.0,0.0,5e-06,0.0,0.0,1.4e-05,0.0,0.0,0.000124,0.0,0.0,1e-06,0.0,0.0,0.0,0.0,0.0,0.018319,0.0,0.0,84.367603,0.0,0.0,0.0,0.0,0.0,0.0,0.0,0.0,0.0,0.0,0.0,0.0,0.0,0.0,0.0,0.0,0.0,0.452438,0.0,22.497339,24.326121,152.778557,427.436127,505.25316,0.0,0.0,0.118414,0.0,0.0,0.0,0.0,0.0,0.0,0.0,0.0,0.0,0.0,0.0,0.0,0.0,0.0,0.0,0.0,0.00012,0.00012,0.0,0.000929,0.000929,0.0,0.0,0.0
BBS_CA_033_BAKERSFIELD_2020,2020-05-28,2020-06-10,0.0,0.0,0.0,0.0,0.0,0.0,0.0,0.0,0.0,0.0,0.0,0.0,0.0,0.0,0.0,0.0,0.0,0.0,0.0,0.8074,0.8074,0.0,0.0,0.0,0.0,0.0,0.0,0.0,0.0,0.0,0.0,0.0,0.0,0.0,0.0,0.0,0.0,0.0,0.0,0.0,0.0,0.0382,0.6449,11.3209,17.0138,0.0,0.0,0.0,0.0,0.0,0.0,0.0,0.0,0.0,0.0,0.0,0.0,0.0,0.0,0.0,7.4525,7.4525,7.4525,27.1028,30.0822,30.0987,138.2281,200.2464,206.6955,1.8076,1.8076,1.8076,0.0,0.0,0.0,0.0,0.0,0.0,0.0,0.0,0.0,0.0,0.0,0.0,0.0,0.0,0.0,0.0,0.0,0.0,0.0,0.0,0.0,0.0,0.0,0.0,0.0,0.0,0.0,0.0,0.0,0.0,0.0,0.0,0.0,0.0,0.0,0.0,0.0,0.0,0.0,0.0,0.0,0.0,0.0,0.000359,0.000359,0.0,0.0,0.0,0.0,0.0,0.0,0.0,0.0,0.0,0.0,0.0,0.0,0.0,0.0,0.0,0.0,0.0,0.0,0.0,0.0,0.000106,0.001796,0.169391,0.185249,0.0,0.0,0.0,0.0,0.0,0.0,0.0,0.0,0.0,0.0,0.0,0.0,0.0,0.0,0.0,0.001887,0.001887,0.001887,0.007762,0.009418,0.009422,0.049844,0.079842,0.081984,0.000458,0.000458,0.000458,0.0,0.0,0.0,0.0,0.0,0.0,0.0,0.0,0.0,0.0,0.0,0.0,0.0,0.0,0.0,0.0,0.0,0.0,0.0,0.0,0.0,0.0,0.0,0.0,0.0,0.0,0.0,0.0,0.0,0.0,0.0,0.0,0.0,0.0,0.0,0.0,0.0,0.0,0.0,0.0,0.0,0.0,0.0,0.069607,0.069607,0.0,0.0,0.0,0.0,0.0,0.0,0.0,0.0,0.0,0.0,0.0,0.0,0.0,0.0,0.0,0.0,0.0,0.0,0.0,0.0,0.054553,0.921337,14.043317,22.176081,0.0,0.0,0.0,0.0,0.0,0.0,0.0,0.0,0.0,0.0,0.0,0.0,0.0,0.0,0.0,32.402277,32.402277,32.402277,131.969633,159.054856,159.126799,833.906948,1327.815719,1363.842844,7.859046,7.859046,7.859046,0.0,0.0,0.0,0.0,0.0,0.0,0.0,0.0,0.0,0.0,0.0,0.0,0.0,0.0,0.0,0.0,0.0,0.0,0.0,0.0,0.0,0.0,0.0,0.0
BBS_CA_033_BAKERSFIELD_2021,2021-05-28,2021-06-10,0.0,0.0,0.0,0.0,0.0,0.0,0.0,0.0,0.0,0.0,0.0,0.0,31.2726,31.2726,31.2726,100.2469,100.2469,100.2469,118.452,118.452,118.452,7.5844,7.5844,7.5844,0.0,0.0,0.0,0.0,0.0,0.0,0.0,1.3631,11.0208,0.0,0.0,0.0,0.0,0.0,0.0,0.0,0.0,0.0,0.0,0.0,0.0,0.0,0.0,0.0,0.0,0.0,0.0,0.0,0.0,0.0,0.0,0.0,0.0,0.0,0.0,0.0,0.0,0.0,0.0023,2.2127,8.2223,8.2366,63.0675,282.6847,286.8026,0.0,0.0,0.0006,0.0,0.0,0.0,0.0,0.0,0.0,0.0,0.0,0.0,0.0,0.0,0.0,0.0,0.0,0.0,0.0,0.0,0.0,0.0,0.0,0.0,0.0,0.0,0.0,0.0,0.0,0.0,0.0,0.0,0.0,0.0,0.0,0.0,0.0,0.0,0.0,0.013899,0.013899,0.013899,0.044554,0.044554,0.044554,0.052645,0.052645,0.052645,0.003371,0.003371,0.003371,0.0,0.0,0.0,0.0,0.0,0.0,0.0,0.005875,0.047503,0.0,0.0,0.0,0.0,0.0,0.0,0.0,0.0,0.0,0.0,0.0,0.0,0.0,0.0,0.0,0.0,0.0,0.0,0.0,0.0,0.0,0.0,0.0,0.0,0.0,0.0,0.0,0.0,0.0,1e-06,0.00056,0.003898,0.003901,0.015966,0.137958,0.139001,0.0,0.0,0.0,0.0,0.0,0.0,0.0,0.0,0.0,0.0,0.0,0.0,0.0,0.0,0.0,0.0,0.0,0.0,0.0,0.0,0.0,0.0,0.0,0.0,0.0,0.0,0.0,0.0,0.0,0.0,0.0,0.0,0.0,0.0,0.0,0.0,0.0,0.0,0.0,1.563628,1.563628,1.563628,5.012346,5.012346,5.012346,5.922601,5.922601,5.922601,0.37922,0.37922,0.37922,0.0,0.0,0.0,0.0,0.0,0.0,0.0,1.8e-05,0.000142,0.0,0.0,0.0,0.0,0.0,0.0,0.0,0.0,0.0,0.0,0.0,0.0,0.0,0.0,0.0,0.0,0.0,0.0,0.0,0.0,0.0,0.0,0.0,0.0,0.0,0.0,0.0,0.0,0.0,0.010063,9.620552,64.236471,64.298757,274.206335,2270.447167,2288.35112,0.0,0.0,0.002634,0.0,0.0,0.0,0.0,0.0,0.0,0.0,0.0,0.0,0.0,0.0,0.0,0.0,0.0,0.0,0.0,0.0,0.0,0.0,0.0,0.0,0.0,0.0,0.0
BBS_CA_033_BAKERSFIELD_2022,2022-05-28,2022-06-10,0.0,0.0,0.0,0.0,0.0,0.0,0.0,0.0,0.0,0.0,0.0,0.0,5.8555,5.8555,5.8555,18.469,18.469,18.469,19.0548,19.0548,19.0548,1.4945,1.4945,1.4945,0.0,0.0,0.0,0.0,0.0,0.0,0.0,0.0,0.0,0.0,0.0,0.0,0.0,0.0,0.0,0.0,0.0,0.0,0.0,0.0,0.0,0.0,0.0,0.0,0.0,0.0,0.0,0.0,0.0,0.0,0.0,0.0,0.0,0.0,0.0,0.0,14.9804,14.9804,14.9804,50.5142,56.5023,56.5037,140.592,242.9474,248.3143,3.6703,3.6703,3.6703,0.0,0.0,0.0,0.0,0.0,0.0,0.0,0.0,0.0,0.0,0.0,0.0,0.0,0.0,0.0,0.0,0.0,0.0,0.0,0.0,0.0,0.0,0.0,0.0,0.0,0.0,0.0,0.0,0.0,0.0,0.0,0.0,0.0,0.0,0.0,0.0,0.002602,0.002602,0.002602,0.008208,0.008208,0.008208,0.008469,0.008469,0.008469,0.000664,0.000664,0.000664,0.0,0.0,0.0,0.0,0.0,0.0,0.0,0.0,0.0,0.0,0.0,0.0,0.0,0.0,0.0,0.0,0.0,0.0,0.0,0.0,0.0,0.0,0.0,0.0,0.0,0.0,0.0,0.0,0.0,0.0,0.0,0.0,0.0,0.0,0.0,0.0,0.003793,0.003793,0.003793,0.012788,0.016115,0.016115,0.039842,0.096594,0.097953,0.000929,0.000929,0.000929,0.0,0.0,0.0,0.0,0.0,0.0,0.0,0.0,0.0,0.0,0.0,0.0,0.0,0.0,0.0,0.0,0.0,0.0,0.0,0.0,0.0,0.0,0.0,0.0,0.0,0.0,0.0,0.0,0.0,0.0,0.0,0.0,0.0,0.0,0.0,0.0,0.504782,0.504782,0.504782,1.592154,1.592154,1.592154,1.642657,1.642657,1.642657,0.128833,0.128833,0.128833,0.0,0.0,0.0,0.0,0.0,0.0,0.0,0.0,0.0,0.0,0.0,0.0,0.0,0.0,0.0,0.0,0.0,0.0,0.0,0.0,0.0,0.0,0.0,0.0,0.0,0.0,0.0,0.0,0.0,0.0,0.0,0.0,0.0,0.0,0.0,0.0,65.132264,65.132264,65.132264,219.626858,274.055946,274.062362,677.909902,1606.667581,1630.001835,15.957771,15.957771,15.957771,0.0,0.0,0.0,0.0,0.0,0.0,0.0,0.0,0.0,0.0,0.0,0.0,0.0,0.0,0.0,0.0,0.0,0.0,0.0,0.0,0.0,0.0,0.0,0.0
BBS_CA_033_BAKERSFIELD_2023,2023-05-28,2023-06-10,0.0,0.0,0.0,0.0,0.0,0.0,0.0,0.0,0.0,0.0,0.0,0.0,0.0,0.0,0.0,0.0,0.0,0.0,0.0,0.0,0.0,0.0,0.0,0.0,0.0,0.0,0.0,0.0,0.0,0.0,0.0,0.0,0.0,0.0,0.0,0.0,0.0,0.0,0.0,0.0,0.0,0.0,0.0,0.0,0.0,0.0,0.0,0.0,0.0,0.0,0.0,0.0,0.0,0.0,0.0,0.0,0.0,0.0,0.0,0.0,12.4468,12.4468,12.4468,49.0124,49.5311,49.8464,205.0353,217.164,225.3057,3.0186,3.0186,3.0186,0.0,0.0,0.0,0.0,0.0,0.0,0.0,0.0,0.0,0.0,0.0,0.0,0.0,0.0,0.0,0.0,0.0,0.0,0.0,0.0,0.0,0.0,0.0,0.0,0.0,0.0,0.0,0.0,0.0,0.0,0.0,0.0,0.0,0.0,0.0,0.0,0.0,0.0,0.0,0.0,0.0,0.0,0.0,0.0,0.0,0.0,0.0,0.0,0.0,0.0,0.0,0.0,0.0,0.0,0.0,0.0,0.0,0.0,0.0,0.0,0.0,0.0,0.0,0.0,0.0,0.0,0.0,0.0,0.0,0.0,0.0,0.0,0.0,0.0,0.0,0.0,0.0,0.0,0.0,0.0,0.0,0.0,0.0,0.0,0.003151,0.003151,0.003151,0.014229,0.01436,0.01444,0.086516,0.091873,0.093934,0.000764,0.000764,0.000764,0.0,0.0,0.0,0.0,0.0,0.0,0.0,0.0,0.0,0.0,0.0,0.0,0.0,0.0,0.0,0.0,0.0,0.0,0.0,0.0,0.0,0.0,0.0,0.0,0.0,0.0,0.0,0.0,0.0,0.0,0.0,0.0,0.0,0.0,0.0,0.0,0.0,0.0,0.0,0.0,0.0,0.0,0.0,0.0,0.0,0.0,0.0,0.0,0.0,0.0,0.0,0.0,0.0,0.0,0.0,0.0,0.0,0.0,0.0,0.0,0.0,0.0,0.0,0.0,0.0,0.0,0.0,0.0,0.0,0.0,0.0,0.0,0.0,0.0,0.0,0.0,0.0,0.0,0.0,0.0,0.0,0.0,0.0,0.0,54.116607,54.116607,54.116607,241.656796,243.911879,245.282961,1434.30033,1522.895327,1558.293772,13.124429,13.124429,13.124429,0.0,0.0,0.0,0.0,0.0,0.0,0.0,0.0,0.0,0.0,0.0,0.0,0.0,0.0,0.0,0.0,0.0,0.0,0.0,0.0,0.0,0.0,0.0,0.0
BBS_CA_043_CADIZ_2016,2016-05-28,2016-06-10,0.0,0.0,0.0,0.0,0.0,0.0,0.0,0.0,0.0,0.0,0.0,0.0,0.0,0.0,0.0,0.0,0.0,0.0,0.0,0.0,0.0,0.0,0.0,0.0,0.0,0.0,0.0,0.0,0.0,0.0,0.0,0.0,0.0,0.0,0.0,0.0,0.0,0.0,0.0,0.0,0.0,0.0,0.0,0.0,0.0,0.0,0.0,0.0,0.0,0.0,0.0,0.0,0.0,0.0,0.0,0.0,0.0,0.0,0.0,0.0,0.0,0.0,0.0,0.0,0.0,0.0,0.0,0.0,0.0,0.0,0.0,0.0,0.0,0.0,0.0,0.0,0.0,0.0,0.0,0.0,0.0,0.0,0.0,0.0,0.0,0.0,0.0,0.0,0.8511,0.8511,0.0,12.5,12.5,0.0,0.0,0.0,0.0,0.0,0.0,0.0,0.0,0.0,0.0,0.0,0.0,0.0,0.0,0.0,0.0,0.0,0.0,0.0,0.0,0.0,0.0,0.0,0.0,0.0,0.0,0.0,0.0,0.0,0.0,0.0,0.0,0.0,0.0,0.0,0.0,0.0,0.0,0.0,0.0,0.0,0.0,0.0,0.0,0.0,0.0,0.0,0.0,0.0,0.0,0.0,0.0,0.0,0.0,0.0,0.0,0.0,0.0,0.0,0.0,0.0,0.0,0.0,0.0,0.0,0.0,0.0,0.0,0.0,0.0,0.0,0.0,0.0,0.0,0.0,0.0,0.0,0.0,0.0,0.0,0.0,0.0,0.0,0.0,0.0,0.0,0.0,0.0,0.0,0.0,0.0,0.000378,0.000378,0.0,0.005556,0.005556,0.0,0.0,0.0,0.0,0.0,0.0,0.0,0.0,0.0,0.0,0.0,0.0,0.0,0.0,0.0,0.0,0.0,0.0,0.0,0.0,0.0,0.0,0.0,0.0,0.0,0.0,0.0,0.0,0.0,0.0,0.0,0.0,0.0,0.0,0.0,0.0,0.0,0.0,0.0,0.0,0.0,0.0,0.0,0.0,0.0,0.0,0.0,0.0,0.0,0.0,0.0,0.0,0.0,0.0,0.0,0.0,0.0,0.0,0.0,0.0,0.0,0.0,0.0,0.0,0.0,0.0,0.0,0.0,0.0,0.0,0.0,0.0,0.0,0.0,0.0,0.0,0.0,0.0,0.0,0.0,0.0,0.0,0.0,0.0,0.0,0.0,0.0,0.0,0.0,0.0,0.0,0.003733,0.003733,0.0,0.054825,0.054825,0.0,0.0,0.0
BBS_CA_043_CADIZ_2017,2017-05-28,2017-06-10,0.0,0.0,0.0,0.0,0.0,0.0,0.0,0.0,0.0,0.0,0.0,0.0,0.0,0.0,0.0,0.0,0.0,0.0,0.0,0.0,0.0,0.0,0.0,0.0,0.0,0.0,0.0,0.0,0.0,0.0,0.0,0.0,0.0,0.0,0.0,0.0,0.0,0.0,0.0,0.0,0.0,0.0,0.0,0.0,0.0,0.0,0.0,0.0,0.0,0.0,0.0,0.0,0.0,0.0,0.0,0.0,0.0,0.0,0.0,0.0,0.0,0.0,0.0,0.0,0.0,0.0,0.0,0.0,0.0,0.0,0.0,0.0,0.0,0.0,0.0,0.0,0.0,0.0,0.0,0.0,0.0,0.0,0.0,0.0,0.0,0.0,0.0,0.0,4.2452,4.2452,0.0,28.7031,28.7031,0.0,0.0,0.0,0.0,0.0,0.0,0.0,0.0,0.0,0.0,0.0,0.0,0.0,0.0,0.0,0.0,0.0,0.0,0.0,0.0,0.0,0.0,0.0,0.0,0.0,0.0,0.0,0.0,0.0,0.0,0.0,0.0,0.0,0.0,0.0,0.0,0.0,0.0,0.0,0.0,0.0,0.0,0.0,0.0,0.0,0.0,0.0,0.0,0.0,0.0,0.0,0.0,0.0,0.0,0.0,0.0,0.0,0.0,0.0,0.0,0.0,0.0,0.0,0.0,0.0,0.0,0.0,0.0,0.0,0.0,0.0,0.0,0.0,0.0,0.0,0.0,0.0,0.0,0.0,0.0,0.0,0.0,0.0,0.0,0.0,0.0,0.0,0.0,0.0,0.0,0.0,0.001887,0.001887,0.0,0.012757,0.012757,0.0,0.0,0.0,0.0,0.0,0.0,0.0,0.0,0.0,0.0,0.0,0.0,0.0,0.0,0.0,0.0,0.0,0.0,0.0,0.0,0.0,0.0,0.0,0.0,0.0,0.0,0.0,0.0,0.0,0.0,0.0,0.0,0.0,0.0,0.0,0.0,0.0,0.0,0.0,0.0,0.0,0.0,0.0,0.0,0.0,0.0,0.0,0.0,0.0,0.0,0.0,0.0,0.0,0.0,0.0,0.0,0.0,0.0,0.0,0.0,0.0,0.0,0.0,0.0,0.0,0.0,0.0,0.0,0.0,0.0,0.0,0.0,0.0,0.0,0.0,0.0,0.0,0.0,0.0,0.0,0.0,0.0,0.0,0.0,0.0,0.0,0.0,0.0,0.0,0.0,0.0,0.018619,0.018619,0.0,0.125891,0.125891,0.0,0.0,0.0
BBS_CA_043_CADIZ_2018,2018-05-28,2018-06-10,0.0,0.0,0.0,0.0,0.0,0.0,0.0,0.0,0.0,0.0,0.0,0.0,0.0,0.0,0.0,0.0,0.0,0.0,0.0,0.0,0.0,0.0,0.0,0.0,0.0,0.0,0.0,0.0,0.0,0.0,0.0,0.0,0.0,0.0,0.0,0.0,0.0,0.0,0.0,0.0,0.0,0.0,0.0,0.0,0.0,0.0,0.0,0.0,0.0,0.0,0.0,0.0,0.0,0.0,0.0,0.0,0.0,0.0,0.0,0.0,0.0,0.0,0.0,0.0,0.0,0.0,0.0,0.0,0.0,0.0,0.0,0.0,0.0,0.0,0.0,0.0,0.0,0.0,0.0,0.0,0.0,0.0,0.0,0.0,0.0,0.0,0.0,3.8688,4.8113,4.8113,29.0625,32.8125,32.8125,0.0,0.0,0.0,0.0,0.0,0.0,0.0,0.0,0.0,0.0,0.0,0.0,0.0,0.0,0.0,0.0,0.0,0.0,0.0,0.0,0.0,0.0,0.0,0.0,0.0,0.0,0.0,0.0,0.0,0.0,0.0,0.0,0.0,0.0,0.0,0.0,0.0,0.0,0.0,0.0,0.0,0.0,0.0,0.0,0.0,0.0,0.0,0.0,0.0,0.0,0.0,0.0,0.0,0.0,0.0,0.0,0.0,0.0,0.0,0.0,0.0,0.0,0.0,0.0,0.0,0.0,0.0,0.0,0.0,0.0,0.0,0.0,0.0,0.0,0.0,0.0,0.0,0.0,0.0,0.0,0.0,0.0,0.0,0.0,0.0,0.0,0.0,0.0,0.0,0.0,0.001719,0.002138,0.002138,0.012917,0.014583,0.014583,0.0,0.0,0.0,0.0,0.0,0.0,0.0,0.0,0.0,0.0,0.0,0.0,0.0,0.0,0.0,0.0,0.0,0.0,0.0,0.0,0.0,0.0,0.0,0.0,0.0,0.0,0.0,0.0,0.0,0.0,0.0,0.0,0.0,0.0,0.0,0.0,0.0,0.0,0.0,0.0,0.0,0.0,0.0,0.0,0.0,0.0,0.0,0.0,0.0,0.0,0.0,0.0,0.0,0.0,0.0,0.0,0.0,0.0,0.0,0.0,0.0,0.0,0.0,0.0,0.0,0.0,0.0,0.0,0.0,0.0,0.0,0.0,0.0,0.0,0.0,0.0,0.0,0.0,0.0,0.0,0.0,0.0,0.0,0.0,0.0,0.0,0.0,0.0,0.0,0.0,0.016968,0.021102,0.021102,0.127467,0.143914,0.143914,0.0,0.0,0.0
BBS_CA_043_CADIZ_2019,2019-05-28,2019-06-10,0.0,0.0,0.0,0.0,0.0,0.0,0.0,0.0,0.0,0.0,0.0,0.0,0.0,0.0,0.0,0.0,0.0,0.0,0.0,0.0,0.0,0.0,0.0,0.0,0.0,0.0,0.0,0.0,0.0,0.0,0.0,0.0,0.0,0.0,0.0,0.0,0.0,0.0,0.0,0.0,0.0,0.0,0.0,0.0,0.0,0.0,0.0,0.0,0.0,0.0,0.0,0.0,0.0,0.0,0.0,0.0,0.0,0.0,0.0,0.0,0.0,0.0,0.0,0.0,0.0,0.0,0.0,0.0,0.0,0.0,0.0,0.0,0.0,0.0,0.0,0.0,0.0,0.0,0.0,0.0,0.0,0.0,0.0,0.0,0.0,0.0,0.0,0.0,9.5481,9.5481,0.0,51.7031,51.7031,0.0,0.0,0.0,0.0,0.0,0.0,0.0,0.0,0.0,0.0,0.0,0.0,0.0,0.0,0.0,0.0,0.0,0.0,0.0,0.0,0.0,0.0,0.0,0.0,0.0,0.0,0.0,0.0,0.0,0.0,0.0,0.0,0.0,0.0,0.0,0.0,0.0,0.0,0.0,0.0,0.0,0.0,0.0,0.0,0.0,0.0,0.0,0.0,0.0,0.0,0.0,0.0,0.0,0.0,0.0,0.0,0.0,0.0,0.0,0.0,0.0,0.0,0.0,0.0,0.0,0.0,0.0,0.0,0.0,0.0,0.0,0.0,0.0,0.0,0.0,0.0,0.0,0.0,0.0,0.0,0.0,0.0,0.0,0.0,0.0,0.0,0.0,0.0,0.0,0.0,0.0,0.004244,0.004244,0.0,0.022979,0.022979,0.0,0.0,0.0,0.0,0.0,0.0,0.0,0.0,0.0,0.0,0.0,0.0,0.0,0.0,0.0,0.0,0.0,0.0,0.0,0.0,0.0,0.0,0.0,0.0,0.0,0.0,0.0,0.0,0.0,0.0,0.0,0.0,0.0,0.0,0.0,0.0,0.0,0.0,0.0,0.0,0.0,0.0,0.0,0.0,0.0,0.0,0.0,0.0,0.0,0.0,0.0,0.0,0.0,0.0,0.0,0.0,0.0,0.0,0.0,0.0,0.0,0.0,0.0,0.0,0.0,0.0,0.0,0.0,0.0,0.0,0.0,0.0,0.0,0.0,0.0,0.0,0.0,0.0,0.0,0.0,0.0,0.0,0.0,0.0,0.0,0.0,0.0,0.0,0.0,0.0,0.0,0.041878,0.041878,0.0,0.226768,0.226768,0.0,0.0,0.0
BBS_CA_043_CADIZ_2020,2020-05-28,2020-06-10,0.0,0.0,0.0,0.0,0.0,0.0,0.0,0.0,0.0,0.0,0.0,0.0,0.0,0.0,0.0,0.0,0.0,0.0,0.0,0.0,0.0,0.0,0.0,0.0,0.0,0.0,0.0,0.0,0.0,0.0,0.0,0.0,0.0,0.0,0.0,0.0,0.0,0.0,0.0,0.0,0.0,0.0,0.0,0.0,0.0,0.0,0.0,0.0,0.0,0.0,0.0,0.0,0.0,0.0,0.0,0.0,0.0,0.0,0.0,0.0,0.0,0.0,0.0,0.0,0.0,0.0,0.0,0.0,0.0,0.0,0.0,0.0,0.0,0.0,0.0,0.0,0.0,0.0,0.0,0.0,0.0,0.0,0.0,0.0,0.0,0.0,0.0,8.3133,8.3133,8.3133,46.5953,46.5953,46.5953,0.0,0.0,0.0,0.0,0.0,0.0,0.0,0.0,0.0,0.0,0.0,0.0,0.0,0.0,0.0,0.0,0.0,0.0,0.0,0.0,0.0,0.0,0.0,0.0,0.0,0.0,0.0,0.0,0.0,0.0,0.0,0.0,0.0,0.0,0.0,0.0,0.0,0.0,0.0,0.0,0.0,0.0,0.0,0.0,0.0,0.0,0.0,0.0,0.0,0.0,0.0,0.0,0.0,0.0,0.0,0.0,0.0,0.0,0.0,0.0,0.0,0.0,0.0,0.0,0.0,0.0,0.0,0.0,0.0,0.0,0.0,0.0,0.0,0.0,0.0,0.0,0.0,0.0,0.0,0.0,0.0,0.0,0.0,0.0,0.0,0.0,0.0,0.0,0.0,0.0,0.003695,0.003695,0.003695,0.020709,0.020709,0.020709,0.0,0.0,0.0,0.0,0.0,0.0,0.0,0.0,0.0,0.0,0.0,0.0,0.0,0.0,0.0,0.0,0.0,0.0,0.0,0.0,0.0,0.0,0.0,0.0,0.0,0.0,0.0,0.0,0.0,0.0,0.0,0.0,0.0,0.0,0.0,0.0,0.0,0.0,0.0,0.0,0.0,0.0,0.0,0.0,0.0,0.0,0.0,0.0,0.0,0.0,0.0,0.0,0.0,0.0,0.0,0.0,0.0,0.0,0.0,0.0,0.0,0.0,0.0,0.0,0.0,0.0,0.0,0.0,0.0,0.0,0.0,0.0,0.0,0.0,0.0,0.0,0.0,0.0,0.0,0.0,0.0,0.0,0.0,0.0,0.0,0.0,0.0,0.0,0.0,0.0,0.036462,0.036462,0.036462,0.204365,0.204365,0.204365,0.0,0.0,0.0
BBS_CA_043_CADIZ_2022,2022-05-28,2022-06-10,0.0,0.0,0.0,0.0,0.0,0.0,0.0,0.0,0.0,0.0,0.0,0.0,0.0,0.0,0.0,0.0,0.0,0.0,0.0,0.0,0.0,0.0,0.0,0.0,0.0,0.0,0.0,0.0,0.0,0.0,0.0,0.0,0.0,0.0,0.0,0.0,0.0,0.0,0.0,0.0,0.0,0.0,0.0,0.0,0.0,0.0,0.0,0.0,0.0,0.0,0.0,0.0,0.0,0.0,0.0,0.0,0.0,0.0,0.0,0.0,0.0,0.0,0.0,0.0,0.2032,1.5264,0.0,0.8085,8.0009,0.0,0.0,0.0,0.0,0.0,0.0,0.0,3.7069,16.2587,0.0,14.7478,99.8553,0.0,0.0,0.0,0.0,0.0,0.0,0.0,0.0,0.0,0.0,0.0,0.0,0.0,0.0,0.0,0.0,0.0,0.0,0.0,0.0,0.0,0.0,0.0,0.0,0.0,0.0,0.0,0.0,0.0,0.0,0.0,0.0,0.0,0.0,0.0,0.0,0.0,0.0,0.0,0.0,0.0,0.0,0.0,0.0,0.0,0.0,0.0,0.0,0.0,0.0,0.0,0.0,0.0,0.0,0.0,0.0,0.0,0.0,0.0,0.0,0.0,0.0,0.0,0.0,0.0,0.0,0.0,0.0,0.0,0.0,0.0,0.0,0.0,0.0,0.0,0.0,0.0,0.0,0.0,0.000102,0.000763,0.0,0.000404,0.004,0.0,0.0,0.0,0.0,0.0,0.0,0.0,0.119578,0.524474,0.0,0.475737,3.221138,0.0,0.0,0.0,0.0,0.0,0.0,0.0,0.0,0.0,0.0,0.0,0.0,0.0,0.0,0.0,0.0,0.0,0.0,0.0,0.0,0.0,0.0,0.0,0.0,0.0,0.0,0.0,0.0,0.0,0.0,0.0,0.0,0.0,0.0,0.0,0.0,0.0,0.0,0.0,0.0,0.0,0.0,0.0,0.0,0.0,0.0,0.0,0.0,0.0,0.0,0.0,0.0,0.0,0.0,0.0,0.0,0.0,0.0,0.0,0.0,0.0,0.0,0.0,0.0,0.0,0.0,0.0,0.0,0.0,0.0,0.0,0.0,0.0,0.0,0.0,0.0,0.0,0.0,0.0,0.700773,5.263473,0.0,2.788,27.589261,0.0,0.0,0.0,0.0,0.0,0.0,0.0,4.4e-05,0.000191,0.0,0.000174,0.001175,0.0,0.0,0.0,0.0,0.0,0.0,0.0,0.0,0.0,0.0,0.0,0.0,0.0,0.0,0.0
BBS_CA_043_CADIZ_2023,2023-05-28,2023-06-10,0.0,0.0,0.0,0.0,0.0,0.0,0.0,0.0,0.0,0.0,0.0,0.0,0.0,0.0,0.0,0.0,0.0,0.0,0.0,0.0,0.0,0.0,0.0,0.0,0.0,0.0,0.0,0.0,13.5115,22.3082,0.0,59.1339,228.5823,0.0,0.0,0.0,0.0,0.0,0.0,0.0,0.0,0.0,0.0,0.0,0.0,0.0,0.0,0.0,0.0,0.0,0.0,0.0,0.0,0.0,0.0,0.0,0.0,0.0,0.0,0.0,0.0,0.0,0.0,0.0,0.0,0.0,0.0,0.0,0.0,0.0,0.0,0.0,0.0,0.0,0.0,0.0,0.0,0.0,0.0,0.0,0.0,0.0,0.0,0.0,0.0,0.0,0.0,0.0,0.0,0.0,0.0,0.0,0.0,0.0,0.0,0.0,0.0,0.0,0.0,0.0,0.0,0.0,0.0,0.0,0.0,0.0,0.0,0.0,0.0,0.0,0.0,0.0,0.0,0.0,0.0,0.0,0.0,0.0,0.0,0.0,0.0,0.0,0.0,0.0,0.058239,0.096156,0.0,0.254887,0.985269,0.0,0.0,0.0,0.0,0.0,0.0,0.0,0.0,0.0,0.0,0.0,0.0,0.0,0.0,0.0,0.0,0.0,0.0,0.0,0.0,0.0,0.0,0.0,0.0,0.0,0.0,0.0,0.0,0.0,0.0,0.0,0.0,0.0,0.0,0.0,0.0,0.0,0.0,0.0,0.0,0.0,0.0,0.0,0.0,0.0,0.0,0.0,0.0,0.0,0.0,0.0,0.0,0.0,0.0,0.0,0.0,0.0,0.0,0.0,0.0,0.0,0.0,0.0,0.0,0.0,0.0,0.0,0.0,0.0,0.0,0.0,0.0,0.0,0.0,0.0,0.0,0.0,0.0,0.0,0.0,0.0,0.0,0.0,0.0,0.0,0.0,0.0,0.0,0.0,0.0,0.0,0.000174,0.000287,0.0,0.000762,0.002946,0.0,0.0,0.0,0.0,0.0,0.0,0.0,0.0,0.0,0.0,0.0,0.0,0.0,0.0,0.0,0.0,0.0,0.0,0.0,0.0,0.0,0.0,0.0,0.0,0.0,0.0,0.0,0.0,0.0,0.0,0.0,0.0,0.0,0.0,0.0,0.0,0.0,0.0,0.0,0.0,0.0,0.0,0.0,0.0,0.0,0.0,0.0,0.0,0.0,0.0,0.0,0.0,0.0,0.0,0.0,0.0,0.0,0.0,0.0,0.0,0.0,0.0,0.0
BBS_CA_049_PALO_VERDE_2015,2015-05-28,2015-06-10,0.0,0.0,0.0,0.0,0.0,0.0,0.0,0.0,0.0,0.0,0.0,0.0,0.0,0.0,0.0,0.0,0.0,0.0,0.0,0.0,0.0,0.0,0.0,0.0,0.0,0.0,0.0,0.0,0.0,0.0,0.0,0.0,0.0,0.0,0.0,0.0,0.0,0.0,53.8329,0.0,0.0,365.7758,0.0,0.0,1165.6538,0.0,0.0,14.625,0.0,0.0,0.0,0.0,0.0,0.0,0.0,0.0,0.0,0.0,0.0,0.0,0.0,0.0,1.1511,0.0,0.0,19.2742,0.0,0.0,73.8816,0.0,0.0,0.2076,0.0,0.0,0.0,0.0,0.0,0.0,0.0,0.0,0.0,0.0,0.0,0.0,0.0,0.0,0.0,0.0,0.0,0.0,0.0,0.0,0.0,0.0,0.0,0.0,0.0,0.0,0.0,0.0,0.0,0.0,0.0,0.0,0.0,0.0,0.0,0.0,0.0,0.0,0.0,0.0,0.0,0.0,0.0,0.0,0.0,0.0,0.0,0.0,0.0,0.0,0.0,0.0,0.0,0.0,0.0,0.0,0.0,0.0,0.0,0.0,0.0,0.0,16.907444,0.0,0.0,89.567208,0.0,0.0,270.338545,0.0,0.0,4.972278,0.0,0.0,0.0,0.0,0.0,0.0,0.0,0.0,0.0,0.0,0.0,0.0,0.0,0.0,0.000527,0.0,0.0,0.007307,0.0,0.0,0.026618,0.0,0.0,0.000104,0.0,0.0,0.0,0.0,0.0,0.0,0.0,0.0,0.0,0.0,0.0,0.0,0.0,0.0,0.0,0.0,0.0,0.0,0.0,0.0,0.0,0.0,0.0,0.0,0.0,0.0,0.0,0.0,0.0,0.0,0.0,0.0,0.0,0.0,0.0,0.0,0.0,0.0,0.0,0.0,0.0,0.0,0.0,0.0,0.0,0.0,0.0,0.0,0.0,0.0,0.0,0.0,0.0,0.0,0.0,0.0,0.0,0.0,0.0,0.0,0.0,0.0,8.443814,0.0,0.0,39.28724,0.0,0.0,114.416129,0.0,0.0,2.564729,0.0,0.0,0.0,0.0,0.0,0.0,0.0,0.0,0.0,0.0,0.0,0.0,0.0,0.0,4.146205,0.0,0.0,74.953066,0.0,0.0,292.383354,0.0,0.0,0.715756,0.0,0.0,0.0,0.0,0.0,0.0,0.0,0.0,0.0,0.0,0.0,0.0,0.0,0.0,0.0,0.0,0.0,0.0,0.0,0.0,0.0,0.0,0.0,0.0
BBS_CA_049_PALO_VERDE_2016,2016-05-28,2016-06-10,0.0,0.0,0.0,0.0,0.0,0.0,0.0,0.0,0.0,0.0,0.0,0.0,0.0,0.0,0.0,0.0,0.0,0.0,0.0,0.1219,0.1219,0.0,0.0,0.0,0.0,0.0,0.0,0.0,3.6726,3.6726,0.0,10.1267,14.8608,0.0,0.0,0.0,0.0,36.424,36.424,0.0,154.1045,154.1045,0.0,597.6644,597.6644,0.0,10.3283,10.3283,0.0,0.0,0.0,0.0,0.0,0.0,0.0,0.0,0.0,0.0,0.0,0.0,0.0,2.2645,2.2645,0.0,9.3814,9.3814,0.0,33.7541,33.7541,0.0,0.6436,0.6436,0.0,0.0,0.0,0.0,0.0,0.0,0.0,0.0,0.0,0.0,0.0,0.0,0.0,0.0,0.0,0.0,0.0,0.0,0.0,0.0,0.0,0.0,0.0,0.0,0.0,0.0,0.0,0.0,0.0,0.0,0.0,0.0,0.0,0.0,0.0,0.0,0.0,0.0,0.0,0.0,0.0,0.0,0.0,6.1e-05,6.1e-05,0.0,0.0,0.0,0.0,0.0,0.0,0.0,0.01583,0.01583,0.0,0.043649,0.064055,0.0,0.0,0.0,0.0,3.468955,3.468955,0.0,14.564845,14.564845,0.0,52.444927,52.444927,0.0,0.983652,0.983652,0.0,0.0,0.0,0.0,0.0,0.0,0.0,0.0,0.0,0.0,0.0,0.0,0.0,0.000573,0.000573,0.0,0.002375,0.002375,0.0,0.008545,0.008545,0.0,0.000163,0.000163,0.0,0.0,0.0,0.0,0.0,0.0,0.0,0.0,0.0,0.0,0.0,0.0,0.0,0.0,0.0,0.0,0.0,0.0,0.0,0.0,0.0,0.0,0.0,0.0,0.0,0.0,0.0,0.0,0.0,0.0,0.0,0.0,0.0,0.0,0.0,0.0,0.0,0.0,0.0,0.0,0.0,0.0,0.0,0.002032,0.002032,0.0,0.0,0.0,0.0,0.0,0.0,0.0,4.7e-05,4.7e-05,0.0,0.00013,0.000192,0.0,0.0,0.0,0.0,0.018212,0.018212,0.0,0.076465,0.076465,0.0,0.27533,0.27533,0.0,0.005164,0.005164,0.0,0.0,0.0,0.0,0.0,0.0,0.0,0.0,0.0,0.0,0.0,0.0,0.0,9.845656,9.845656,0.0,40.788632,40.788632,0.0,146.75688,146.75688,0.0,2.798164,2.798164,0.0,0.0,0.0,0.0,0.0,0.0,0.0,0.0,0.0,0.0,0.0,0.0,0.0,0.0,0.0,0.0,0.0,0.0,0.0,0.0,0.0,0.0,0.0,0.0
BBS_CA_049_PALO_VERDE_2017,2017-05-28,2017-06-10,0.0,0.0,0.0,0.0,0.0,0.0,0.0,0.0,0.0,0.0,0.0,0.0,0.0,0.0,0.0,0.0,0.0,0.0,0.0,0.0,0.0,0.0,0.0,0.0,1.6233,2.1284,7.0879,6.876,20.0654,40.9597,26.1091,57.2774,133.2222,0.4763,0.4763,1.9867,0.0,0.0,122.4477,0.0,0.0,500.6437,0.0,4.0595,1997.6086,0.0,0.0,37.089,0.0,0.0,0.0,0.0,0.0,0.0,0.0,0.0,0.0,0.0,0.0,0.0,0.0,0.0,0.0,0.0,0.0,0.0,0.0,0.0,0.141,0.0,0.0,0.0,0.0,0.0,0.0,0.0,0.0,0.0,0.0,0.0,0.0,0.0,0.0,0.0,0.0,0.3545,2.7915,0.0,0.7947,9.0918,0.0,4.1947,32.9119,0.0,0.0922,0.7259,0.0,0.0,0.0,0.0,0.0,0.0,0.0,0.0,0.0,0.0,0.0,0.0,0.0,0.0,0.0,0.0,0.0,0.0,0.0,0.0,0.0,0.0,0.0,0.0,0.006997,0.009174,0.030551,0.029638,0.086489,0.17655,0.112539,0.246886,0.574233,0.002053,0.002053,0.008563,0.0,0.0,54.421208,0.0,0.0,222.508296,0.0,0.38662,841.035951,0.0,0.0,16.48402,0.0,0.0,0.0,0.0,0.0,0.0,0.0,0.0,0.0,0.0,0.0,0.0,0.0,0.0,0.0,0.0,0.0,0.0,0.0,0.0,3.6e-05,0.0,0.0,0.0,0.0,0.0,0.0,0.0,0.0,0.0,0.0,0.0,0.0,0.0,0.0,0.0,0.0,0.000177,0.001396,0.0,0.000397,0.004546,0.0,0.002097,0.016456,0.0,4.6e-05,0.000363,0.0,0.0,0.0,0.0,0.0,0.0,0.0,0.0,0.0,0.0,0.0,0.0,0.0,0.0,0.0,0.0,0.0,0.0,0.0,0.0,0.0,0.0,0.0,0.0,2.1e-05,2.7e-05,9.1e-05,8.9e-05,0.000259,0.000528,0.000336,0.000738,0.001717,6e-06,6e-06,2.6e-05,0.0,0.0,30.61193,0.0,0.0,125.160916,0.0,0.00203,613.805647,0.0,0.0,9.272261,0.0,0.0,0.0,0.0,0.0,0.0,0.0,0.0,0.0,0.0,0.0,0.0,0.0,0.0,0.0,0.0,0.0,0.0,0.0,0.0,0.61295,0.0,0.0,0.0,0.0,0.0,0.0,0.0,0.0,0.0,0.0,0.0,0.0,0.0,0.0,0.0,0.0,0.000354,0.002792,0.0,0.000795,0.009092,0.0,0.004195,0.032912,0.0,9.2e-05,0.000726
BBS_CA_049_PALO_VERDE_2018,2018-05-28,2018-06-10,0.0,0.0,0.0,0.0,0.0,0.0,0.0,0.0,0.0,0.0,0.0,0.0,0.6639,0.6639,0.6639,2.7648,2.7648,2.7648,22.6564,22.6564,22.6564,0.1948,0.1948,0.1948,0.0,2.3162,2.3162,0.0,9.65,9.65,0.0,93.1421,94.3094,0.0,0.6797,0.6797,0.0,0.0,140.1966,0.0,0.0,802.0295,0.0,28.9433,2559.3847,0.0,0.0,40.0059,0.0,0.0,0.0,0.0,0.0,0.0,0.0,0.0,0.0,0.0,0.0,0.0,0.0,0.0,0.4754,0.0,0.0,5.3124,0.0,0.0869,33.0501,0.0,0.0,0.122,0.0,0.0,0.0,0.0,0.0,0.0,0.0,0.0,20.7507,0.0,0.0,0.0,0.0,0.0,3.5271,0.0,0.0,11.3536,0.0,0.0,32.6018,0.0,0.0,0.9172,0.0,0.0,0.0,0.0,0.0,0.0,0.0,0.0,0.0,0.0,0.0,0.0,0.000332,0.000332,0.000332,0.001382,0.001382,0.001382,0.011328,0.011328,0.011328,9.7e-05,9.7e-05,9.7e-05,0.0,0.009983,0.009983,0.0,0.041595,0.041595,0.0,0.401474,0.406506,0.0,0.00293,0.00293,0.0,0.0,58.395302,0.0,0.0,322.705765,0.0,2.756506,901.116827,0.0,0.0,16.761814,0.0,0.0,0.0,0.0,0.0,0.0,0.0,0.0,0.0,0.0,0.0,0.0,0.0,0.0,0.000238,0.0,0.0,0.002362,0.0,2.2e-05,0.012816,0.0,0.0,6.1e-05,0.0,0.0,0.0,0.0,0.0,0.0,0.0,0.0,0.669376,0.0,0.0,0.0,0.0,0.0,0.001764,0.0,0.0,0.005677,0.0,0.0,0.016301,0.0,0.0,0.000459,0.0,0.0,0.0,0.0,0.0,0.0,0.0,0.0,0.0,0.0,0.0,0.0,0.011065,0.011065,0.011065,0.04608,0.04608,0.04608,0.377607,0.377607,0.377607,0.003247,0.003247,0.003247,0.0,3e-05,3e-05,0.0,0.000124,0.000124,0.0,0.0012,0.001215,0.0,9e-06,9e-06,0.0,0.0,32.252474,0.0,0.0,176.392489,0.0,0.014472,470.952691,0.0,0.0,9.27372,0.0,0.0,0.0,0.0,0.0,0.0,0.0,0.0,0.0,0.0,0.0,0.0,0.0,0.0,1.639176,0.0,0.0,19.391372,0.0,0.377865,127.482576,0.0,0.0,0.420662,0.0,0.0,0.0,0.0,0.0,0.0,0.0,0.0,0.000244,0.0,0.0,0.0,0.0,0.0,0.003527,0.0,0.0,0.011354,0.0,0.0,0.032602,0.0,0.0,0.000917
BBS_CA_049_PALO_VERDE_2019,2019-05-28,2019-06-10,0.0,0.0,0.0,0.0,0.0,0.0,0.0,0.0,0.0,0.0,0.0,0.0,0.0,0.0,0.0,0.0,0.0,0.0,0.0,0.0,0.0,0.0,0.0,0.0,0.0,9.0031,20.8736,0.0,26.7956,55.6794,0.0,134.0027,331.519,0.0,2.736,6.3666,0.0,0.0,131.5385,0.0,0.0,722.8433,0.0,59.7797,2018.8052,0.0,0.0,37.089,0.0,0.0,0.0,0.0,0.0,0.0,0.0,0.0,0.0,0.0,0.0,0.0,0.0,0.0,0.0,0.0,0.0,0.0304,0.0,8.6443,10.768,0.0,0.0,0.0,0.0,0.0,0.0,0.0,0.0,0.0,0.0,0.0,0.0,0.0,0.0,0.0,0.0,3.0308,10.8737,0.0,9.7586,29.1071,0.0,28.0324,58.27,0.0,0.7881,2.8275,0.0,0.0,0.0,0.0,0.0,0.0,0.0,0.0,0.0,0.0,0.0,0.0,0.0,0.0,0.0,0.0,0.0,0.0,0.0,0.0,0.0,0.0,0.0,0.0,0.0,0.038806,0.089972,0.0,0.115498,0.239997,0.0,0.577598,1.428961,0.0,0.011793,0.027442,0.0,0.0,58.461559,0.0,0.0,320.312858,0.0,5.693305,821.138829,0.0,0.0,16.48402,0.0,0.0,0.0,0.0,0.0,0.0,0.0,0.0,0.0,0.0,0.0,0.0,0.0,0.0,0.0,0.0,0.0,1.5e-05,0.0,0.004322,0.005384,0.0,0.0,0.0,0.0,0.0,0.0,0.0,0.0,0.0,0.0,0.0,0.0,0.0,0.0,0.0,0.0,0.001515,0.005437,0.0,0.004879,0.014554,0.0,0.014016,0.029135,0.0,0.000394,0.001414,0.0,0.0,0.0,0.0,0.0,0.0,0.0,0.0,0.0,0.0,0.0,0.0,0.0,0.0,0.0,0.0,0.0,0.0,0.0,0.0,0.0,0.0,0.0,0.0,0.0,0.000116,0.000269,0.0,0.000345,0.000718,0.0,0.001727,0.004272,0.0,3.5e-05,8.2e-05,0.0,0.0,32.884627,0.0,0.0,180.031477,0.0,0.02989,616.841867,0.0,0.0,9.272261,0.0,0.0,0.0,0.0,0.0,0.0,0.0,0.0,0.0,0.0,0.0,0.0,0.0,0.0,0.0,0.0,0.0,0.104906,0.0,29.807856,37.130895,0.0,0.0,0.0,0.0,0.0,0.0,0.0,0.0,0.0,0.0,0.0,0.0,0.0,0.0,0.0,0.0,0.003031,0.010874,0.0,0.009759,0.029107,0.0,0.028032,0.05827,0.0,0.000788,0.002828
BBS_CA_049_PALO_VERDE_2020,2020-05-28,2020-06-10,0.0,0.0,0.0,0.0,0.0,0.0,0.0,0.0,0.0,0.0,0.0,0.0,0.0,0.0,1.3898,0.0,0.0,2.4747,0.0,0.0399,2.5146,0.0,0.0,0.4308,0.0,0.309,13.832,0.0,15.7667,64.4946,0.0,72.9949,209.5359,0.0,0.0,3.9879,0.0,0.0,128.6152,0.0,0.0,660.382,0.0,1.22,1552.6292,0.0,0.0,37.089,0.0,0.0,0.0,0.0,0.0,0.0,0.0,0.0,0.0,0.0,0.0,0.0,0.0,0.0,0.6949,0.0,0.0,1.2373,0.2428,0.526,1.7653,0.0,0.0,0.2154,0.0,0.0,0.0,0.0,0.0,0.0,0.0299,31.135,31.142,0.0,0.0,0.0,0.0,0.0,0.833,0.0,0.0,1.8675,0.0,0.0,1.8675,0.0,0.0,0.2166,0.0,0.0,0.0,0.0,0.0,0.0,0.0,0.0,0.0,0.0,0.0,0.0,0.0,0.0,0.000618,0.0,0.0,0.0011,0.0,1.8e-05,0.001118,0.0,0.0,0.000191,0.0,0.001332,0.059621,0.0,0.06796,0.277994,0.0,0.314633,0.903172,0.0,0.0,0.017189,0.0,0.0,57.162333,0.0,0.0,293.503117,0.0,0.116188,689.631394,0.0,0.0,16.48402,0.0,0.0,0.0,0.0,0.0,0.0,0.0,0.0,0.0,0.0,0.0,0.0,0.0,0.0,0.000176,0.0,0.0,0.000313,2.8e-05,0.000179,0.000493,0.0,0.0,5.5e-05,0.0,0.0,0.0,0.0,0.0,0.0,0.000964,1.004356,1.004582,0.0,0.0,0.0,0.0,0.0,0.000417,0.0,0.0,0.000934,0.0,0.0,0.000934,0.0,0.0,0.000108,0.0,0.0,0.0,0.0,0.0,0.0,0.0,0.0,0.0,0.0,0.0,0.0,0.0,0.0,0.119811,0.0,0.0,0.213334,0.0,0.003442,0.216775,0.0,0.0,0.037141,0.0,4e-06,0.000178,0.0,0.000203,0.000831,0.0,0.000941,0.0027,0.0,0.0,5.1e-05,0.0,0.0,32.153812,0.0,0.0,165.095503,0.0,0.00061,387.852914,0.0,0.0,9.272261,0.0,0.0,0.0,0.0,0.0,0.0,0.0,0.0,0.0,0.0,0.0,0.0,0.0,0.0,3.021311,0.0,0.0,5.379718,0.45175,2.932399,8.329242,0.0,0.0,0.936596,0.0,0.0,0.0,0.0,0.0,0.0,0.0,0.000366,0.000366,0.0,0.0,0.0,0.0,0.0,0.000833,0.0,0.0,0.001868,0.0,0.0,0.001868,0.0,0.0,0.000217
BBS_CA_049_PALO_VERDE_2021,2021-05-28,2021-06-10,0.0,0.0,0.0,0.0,0.0,0.0,0.0,0.0,0.0,0.0,0.0,0.0,0.0,0.0,0.0,0.0,0.0,0.0,1.786,1.786,1.786,0.0,0.0,0.0,0.0,2.3151,4.7512,0.0,13.2193,17.5569,0.0,100.5818,143.2109,0.0,0.668,1.4232,0.0,0.0,131.4803,0.0,0.0,714.1385,0.0,0.0198,1690.8991,0.0,0.0,37.089,0.0,0.0,0.0,0.0,0.0,0.0,0.0,0.0,0.0,0.0,0.0,0.0,0.0,0.0,0.0,0.0,0.0,0.0,6.7379,6.7981,6.7981,0.0,0.0,0.0,0.0,0.0,0.0,0.0,0.0,0.0,0.0,0.0,29.7426,0.0,0.0,0.0,0.0,0.0,2.0649,0.0,0.0771,6.245,0.0,10.7506,26.4059,0.0,0.0,0.5369,0.0,0.0,0.0,0.0,0.0,0.0,0.0,0.0,0.0,0.0,0.0,0.0,0.0,0.0,0.0,0.0,0.0,0.0,0.000794,0.000794,0.000794,0.0,0.0,0.0,0.0,0.009979,0.020479,0.0,0.05698,0.075676,0.0,0.433542,0.617289,0.0,0.002879,0.006134,0.0,0.0,58.435669,0.0,0.0,317.394895,0.0,0.001886,751.503778,0.0,0.0,16.48402,0.0,0.0,0.0,0.0,0.0,0.0,0.0,0.0,0.0,0.0,0.0,0.0,0.0,0.0,0.0,0.0,0.0,0.0,0.003477,0.003492,0.003492,0.0,0.0,0.0,0.0,0.0,0.0,0.0,0.0,0.0,0.0,0.0,0.95944,0.0,0.0,0.0,0.0,0.0,0.001032,0.0,3.4e-05,0.003118,0.0,0.004778,0.012606,0.0,0.0,0.000268,0.0,0.0,0.0,0.0,0.0,0.0,0.0,0.0,0.0,0.0,0.0,0.0,0.0,0.0,0.0,0.0,0.0,0.0,0.153963,0.153963,0.153963,0.0,0.0,0.0,0.0,3e-05,6.1e-05,0.0,0.00017,0.000226,0.0,0.001296,0.001846,0.0,9e-06,1.8e-05,0.0,0.0,32.870064,0.0,0.0,178.534629,0.0,1e-05,422.719824,0.0,0.0,9.272261,0.0,0.0,0.0,0.0,0.0,0.0,0.0,0.0,0.0,0.0,0.0,0.0,0.0,0.0,0.0,0.0,0.0,0.0,34.232568,34.494624,34.494624,0.0,0.0,0.0,0.0,0.0,0.0,0.0,0.0,0.0,0.0,0.0,0.00035,0.0,0.0,0.0,0.0,0.0,0.002065,0.0,0.000338,0.006506,0.0,0.047152,0.062807,0.0,0.0,0.000537
BBS_CA_049_PALO_VERDE_2022,2022-05-28,2022-06-10,0.0,0.0,0.0,0.0,0.0,0.0,0.0,0.0,0.0,0.0,0.0,0.0,0.0,0.0,0.0,0.0,0.0,0.0,1.1035,3.2061,3.2061,0.0,0.0,0.0,0.0,0.0,0.0,0.0,0.0,0.0,0.0,0.0,43.6393,0.0,0.0,0.0,0.0,0.0,128.0029,0.0,0.0,594.0941,0.0,0.0,1362.7116,0.0,0.0,37.089,0.0,0.0,0.0,0.0,0.0,0.0,0.0,0.0,0.0,0.0,0.0,0.0,0.0,0.0,2.1167,0.0662,0.0662,5.1367,5.1688,9.745,30.7246,0.0,0.0,0.6474,0.0,0.0,0.0,0.0,0.0,0.0,0.0,4.7833,4.7833,0.0,0.0,0.0,0.0,0.0,0.0,0.0,0.0,0.0,0.0,0.0,0.0,0.0,0.0,0.0,0.0,0.0,0.0,0.0,0.0,0.0,0.0,0.0,0.0,0.0,0.0,0.0,0.0,0.0,0.0,0.0,0.0,0.0,0.00049,0.001425,0.001425,0.0,0.0,0.0,0.0,0.0,0.0,0.0,0.0,0.0,0.0,0.0,0.1881,0.0,0.0,0.0,0.0,0.0,56.890166,0.0,0.0,264.041829,0.0,0.0,605.649586,0.0,0.0,16.48402,0.0,0.0,0.0,0.0,0.0,0.0,0.0,0.0,0.0,0.0,0.0,0.0,0.0,0.0,0.000536,3.3e-05,3.3e-05,0.001317,0.002184,0.004726,0.010038,0.0,0.0,0.000164,0.0,0.0,0.0,0.0,0.0,0.0,0.0,0.1543,0.1543,0.0,0.0,0.0,0.0,0.0,0.0,0.0,0.0,0.0,0.0,0.0,0.0,0.0,0.0,0.0,0.0,0.0,0.0,0.0,0.0,0.0,0.0,0.0,0.0,0.0,0.0,0.0,0.0,0.0,0.0,0.0,0.0,0.0,0.095131,0.276389,0.276389,0.0,0.0,0.0,0.0,0.0,0.0,0.0,0.0,0.0,0.0,0.0,0.000562,0.0,0.0,0.0,0.0,0.0,32.000718,0.0,0.0,148.523529,0.0,0.0,340.677892,0.0,0.0,9.272261,0.0,0.0,0.0,0.0,0.0,0.0,0.0,0.0,0.0,0.0,0.0,0.0,0.0,0.0,9.202939,0.228114,0.228114,22.273913,19.282641,60.884407,152.100103,0.0,0.0,2.814684,0.0,0.0,0.0,0.0,0.0,0.0,0.0,5.6e-05,5.6e-05,0.0,0.0,0.0,0.0,0.0,0.0,0.0,0.0,0.0,0.0,0.0,0.0,0.0,0.0,0.0
BBS_CA_049_PALO_VERDE_2023,2023-05-28,2023-06-10,0.0,0.0,0.0,0.0,0.0,0.0,0.0,0.0,0.0,0.0,0.0,0.0,0.0,0.0,0.0,0.0554,0.0554,0.0554,6.6497,6.6497,6.6497,0.0,0.0,0.0,0.0,2.3175,4.3154,0.0,15.5455,40.9297,0.0,67.4679,258.3638,0.0,0.6622,1.1908,0.0,0.0,0.0,1.0543,1.0543,1.0543,131.7492,132.8982,132.8982,0.0,0.0,0.0,0.0,0.0,0.0,0.0,0.0,0.0,0.0,0.0,0.0,0.0,0.0,0.0,3.7678,4.3715,4.3715,8.9846,14.3652,14.3652,23.7862,47.1932,47.1932,1.1524,1.3143,1.3143,0.0,0.0,0.0,0.0,0.0,0.0,0.0,0.0,0.0,0.0,0.0,0.0,0.0,0.0,0.0,0.0,0.0,0.0,0.0,0.0,0.0,0.0,0.0,0.0,0.0,0.0,0.0,0.0,0.0,0.0,0.0,0.0,0.0,0.0,0.0,0.0,0.0,0.0,0.0,2.5e-05,2.5e-05,2.5e-05,0.002955,0.002955,0.002955,0.0,0.0,0.0,0.0,0.009989,0.018601,0.0,0.067006,0.176421,0.0,0.29081,1.113637,0.0,0.002854,0.005133,0.0,0.0,0.0,0.002937,0.002937,0.002937,0.366989,0.476419,0.476419,0.0,0.0,0.0,0.0,0.0,0.0,0.0,0.0,0.0,0.0,0.0,0.0,0.0,0.0,0.0,0.001363,0.001516,0.001516,0.003249,0.004611,0.004611,0.008604,0.014873,0.014873,0.000417,0.000458,0.000458,0.0,0.0,0.0,0.0,0.0,0.0,0.0,0.0,0.0,0.0,0.0,0.0,0.0,0.0,0.0,0.0,0.0,0.0,0.0,0.0,0.0,0.0,0.0,0.0,0.0,0.0,0.0,0.0,0.0,0.0,0.0,0.0,0.0,0.0,0.0,0.0,0.0,0.0,0.0,0.004776,0.004776,0.004776,0.57325,0.57325,0.57325,0.0,0.0,0.0,0.0,3e-05,5.6e-05,0.0,0.0002,0.000527,0.0,0.000869,0.003329,0.0,9e-06,1.5e-05,0.0,0.0,0.0,1.506153,1.506153,1.506153,188.213111,188.213686,188.213686,0.0,0.0,0.0,0.0,0.0,0.0,0.0,0.0,0.0,0.0,0.0,0.0,0.0,0.0,0.0,14.891447,17.516046,17.516046,35.513508,58.907356,58.907356,94.006825,201.161371,201.161371,4.554538,5.258375,5.258375,0.0,0.0,0.0,0.0,0.0,0.0,0.0,0.0,0.0,0.0,0.0,0.0,0.0,0.0,0.0,0.0,0.0,0.0,0.0,0.0,0.0,0.0,0.0,0.0
BBS_CA_054_ORANGE_COVE_2015,2015-05-28,2015-06-10,0.0,0.0,0.0,0.0,0.0,0.0,0.0,0.0,0.0,0.0,0.0,0.0,0.0,0.0298,0.2896,0.0,0.187,1.0902,0.2572,12.2988,14.6229,0.0,0.0073,0.0699,0.0,0.0,0.0,0.0,0.0,0.0,0.0,0.0,0.0,0.0,0.0,0.0,0.0783,0.0783,0.0963,0.6422,1.4859,2.1159,88.0615,97.1746,102.0604,0.0205,0.0205,0.0252,0.0,0.0,0.0,0.0,0.0,0.0,0.043,0.0432,0.0432,0.0,0.0,0.0,0.0657,1.5677,1.6534,0.2364,5.8089,6.0956,1.1639,21.1363,22.0158,0.0163,0.3827,0.4035,0.0,0.0,0.0,0.3265,0.4219,0.4219,3.4183,7.8167,7.8167,0.0,0.0,0.0,0.1672,0.9287,0.9287,0.7321,3.7358,3.7358,4.6966,21.1625,21.2948,0.0412,0.2291,0.2291,0.0,0.0,0.0,0.0,0.0,0.0,0.0,0.0,0.0,0.0,0.0,0.0,0.0,1.3e-05,0.000129,0.0,8.3e-05,0.000485,0.000118,0.00547,0.006503,0.0,3e-06,3.1e-05,0.0,0.0,0.0,0.0,0.0,0.0,0.0,0.0,0.0,0.0,0.0,0.0,0.001998,0.001998,0.002457,0.016383,0.037905,0.053977,2.295142,2.536434,2.66107,0.000523,0.000523,0.000644,0.0,0.0,0.0,0.0,0.0,0.0,0.000439,0.000441,0.000441,0.0,0.0,0.0,3.3e-05,0.001363,0.001429,0.000118,0.005036,0.005254,0.000703,0.0176,0.018118,8e-06,0.000332,0.000348,0.0,0.0,0.0,0.010507,0.013584,0.013584,0.110075,0.25196,0.25196,0.0,0.0,0.0,7.4e-05,0.000413,0.000413,0.000325,0.00166,0.00166,0.002089,0.009407,0.009466,1.8e-05,0.000102,0.000102,0.0,0.0,0.0,0.0,0.0,0.0,0.0,0.0,0.0,0.0,0.0,0.0,0.0,0.00182,0.024221,0.0,0.011605,0.089463,0.01702,0.903634,1.103987,0.0,0.000452,0.005847,0.0,0.0,0.0,0.0,0.0,0.0,0.0,0.0,0.0,0.0,0.0,0.0,0.783285,0.783285,0.963229,6.422167,14.85863,21.158906,873.634966,963.5018,1012.359306,0.205184,0.205184,0.25232,0.0,0.0,0.0,0.0,0.0,0.0,1e-06,1e-06,1e-06,0.0,0.0,0.0,0.284828,3.326426,3.592627,0.99442,12.368011,13.285834,4.070679,50.271981,54.862314,0.071566,0.814434,0.878502,0.0,0.0,0.0,4e-06,5e-06,5e-06,4e-05,9.2e-05,9.2e-05,0.0,0.0,0.0,0.000733,0.004073,0.004073,0.003211,0.016385,0.016385,0.020508,0.092727,0.093307,0.000181,0.001005,0.001005
BBS_CA_054_ORANGE_COVE_2016,2016-05-28,2016-06-10,0.0,0.0,0.0,0.0,0.0,0.0,0.0,0.1115,0.1115,0.0,0.0,0.0,0.0201,0.0269,0.0269,0.1406,0.3097,0.3097,3.929,7.3413,7.4861,0.0052,0.0069,0.0069,0.0,0.0,0.0,0.1536,0.1536,0.1536,1.6086,1.6086,1.6086,0.0,0.0,0.0,0.0,0.0,0.0,3.3211,3.5473,3.5473,75.8521,77.8109,77.8109,0.0,0.0,0.0,0.0,0.0,0.0,0.0,0.0,0.0,0.0,0.0,0.0,0.0,0.0,0.0,0.1163,0.1387,0.1387,0.672,0.844,0.8442,9.2245,12.1491,12.6033,0.0298,0.0351,0.0351,0.0,0.0,0.0,0.1947,0.2754,0.2754,6.2171,10.6579,10.715,0.0,0.0,0.0,0.1259,0.1583,0.1583,0.9928,1.2111,1.3246,10.0036,13.6072,14.5574,0.0328,0.0405,0.0405,0.0,0.0,0.0,0.0,0.0,0.0,0.0,0.004606,0.004606,0.0,0.0,0.0,9e-06,1.2e-05,1.2e-05,6.2e-05,0.000138,0.000138,0.001746,0.003263,0.003327,2e-06,3e-06,3e-06,0.0,0.0,0.0,0.000662,0.000662,0.000662,0.006934,0.006934,0.006934,0.0,0.0,0.0,0.0,0.0,0.0,0.084721,0.085351,0.085351,1.976392,1.984089,1.984089,0.0,0.0,0.0,0.0,0.0,0.0,0.0,0.0,0.0,0.0,0.0,0.0,0.0,0.0,0.0,8.3e-05,9.6e-05,9.6e-05,0.000517,0.000637,0.000637,0.007244,0.009449,0.009676,2.1e-05,2.4e-05,2.4e-05,0.0,0.0,0.0,0.00628,0.008702,0.008702,0.199293,0.337173,0.337272,0.0,0.0,0.0,5.6e-05,7e-05,7e-05,0.000441,0.00054,0.00059,0.004449,0.006063,0.006485,1.5e-05,1.8e-05,1.8e-05,0.0,0.0,0.0,0.0,0.0,0.0,0.0,0.014666,0.014666,0.0,0.0,0.0,0.001005,0.001451,0.001451,0.007028,0.020264,0.020264,0.214774,0.437483,0.449961,0.000259,0.000375,0.000375,0.0,0.0,0.0,2e-06,2e-06,2e-06,2.1e-05,2.1e-05,2.1e-05,0.0,0.0,0.0,0.0,0.0,0.0,33.210518,33.533744,33.533744,752.585739,756.229151,756.229151,0.0,0.0,0.0,0.0,0.0,0.0,0.0,0.0,0.0,0.0,0.0,0.0,0.0,0.0,0.0,0.327609,0.447782,0.447782,1.696266,2.359701,2.360437,23.942215,31.978922,34.325659,0.083958,0.112515,0.112515,0.0,0.0,0.0,2e-06,3e-06,3e-06,7.3e-05,0.000125,0.000126,0.0,0.0,0.0,0.000552,0.000694,0.000694,0.004354,0.005226,0.005724,0.043705,0.058773,0.06294,0.000144,0.000178,0.000178
BBS_CA_054_ORANGE_COVE_2017,2017-05-28,2017-06-10,0.0,0.0,0.0,0.0,0.0,0.0,0.0,0.1491,0.1491,0.0,0.0,0.0,0.0,0.2486,0.2486,0.0,1.1138,1.1209,0.1799,5.9289,6.2271,0.0,0.0614,0.0614,0.0,0.0,0.0,0.247,0.247,0.247,2.3832,2.4058,2.4058,0.0,0.0,0.0,0.0,0.0,0.0,5.5698,5.6024,5.6024,81.8657,82.9006,82.9006,0.0,0.0,0.0,0.0,0.0,0.0,0.0717,0.0717,0.0717,0.611,0.611,0.611,0.0,0.0,0.0,0.1687,0.1884,0.1884,1.1681,1.2471,1.2539,29.1024,29.9788,31.0089,0.0428,0.0478,0.0478,0.1824,0.1824,0.1824,1.9557,1.9845,1.9845,29.5773,30.3291,30.6102,0.0433,0.0433,0.0433,0.4378,0.4505,0.4505,2.2149,2.2732,2.2751,22.6778,23.431,23.4487,0.1116,0.1149,0.1149,0.0,0.0,0.0,0.0,0.0,0.0,0.0,0.006162,0.006162,0.0,0.0,0.0,0.0,0.000111,0.000111,0.0,0.000495,0.000498,8e-05,0.002635,0.002768,0.0,2.7e-05,2.7e-05,0.0,0.0,0.0,0.001065,0.001065,0.001065,0.010272,0.01037,0.01037,0.0,0.0,0.0,0.0,0.0,0.0,0.142086,0.142918,0.142918,2.09667,2.12307,2.12307,0.0,0.0,0.0,0.0,0.0,0.0,0.000731,0.000731,0.000731,0.006234,0.006234,0.006234,0.0,0.0,0.0,8.4e-05,9.4e-05,9.4e-05,0.000769,0.000808,0.000812,0.022631,0.023046,0.023561,2.1e-05,2.4e-05,2.4e-05,0.005884,0.005884,0.005884,0.063086,0.064017,0.064017,0.954105,0.978358,0.986616,0.001398,0.001398,0.001398,0.000195,0.0002,0.0002,0.000984,0.00101,0.001011,0.010081,0.010416,0.010424,5e-05,5.1e-05,5.1e-05,0.0,0.0,0.0,0.0,0.0,0.0,0.0,0.019621,0.019621,0.0,0.0,0.0,0.0,0.021435,0.021435,0.0,0.09602,0.096631,0.010678,0.506039,0.531746,0.0,0.005292,0.005292,0.0,0.0,0.0,3e-06,3e-06,3e-06,3.1e-05,3.1e-05,3.1e-05,0.0,0.0,0.0,0.0,0.0,0.0,55.697577,56.023898,56.023898,817.293643,827.642493,827.642493,0.0,0.0,0.0,0.0,0.0,0.0,1e-06,1e-06,1e-06,1.2e-05,1.2e-05,1.2e-05,0.0,0.0,0.0,0.68864,0.811873,0.811873,3.790006,4.27959,4.302861,77.127786,81.862705,85.532184,0.174925,0.206221,0.206221,2e-06,2e-06,2e-06,2.3e-05,2.3e-05,2.3e-05,0.000348,0.000357,0.00036,1e-06,1e-06,1e-06,0.00192,0.001976,0.001976,0.009714,0.00997,0.009972,0.099351,0.102655,0.102681,0.000489,0.000504,0.000504
BBS_CA_054_ORANGE_COVE_2018,2018-05-28,2018-06-10,0.0,0.0,0.0,0.0,0.0,0.0,0.097,0.097,0.097,0.0,0.0,0.0,4.0502,5.1078,5.1078,18.0566,22.1141,22.1339,101.143,122.224,122.3869,1.0201,1.2714,1.2714,0.0,0.0,0.0,0.0578,2.086,2.086,5.6418,34.1669,34.1669,0.0,0.0,0.0,1.6945,1.9489,2.1595,5.2265,6.0109,6.8837,6.1306,6.9378,9.5263,0.4439,0.5105,0.5657,0.0,0.0,0.0,0.0,0.0,0.0,0.0,0.0,0.0,0.0,0.0,0.0,11.4406,11.4406,11.4406,52.2777,52.2777,52.2777,310.9361,318.4778,318.4781,2.8305,2.8305,2.8305,0.2405,0.2405,0.2405,0.7989,0.799,0.799,36.4328,36.7238,37.5676,0.0571,0.0571,0.0571,7.3863,7.3863,7.3863,33.041,33.041,33.041,191.8143,191.8346,191.8348,1.817,1.817,1.817,0.0,0.0,0.0,0.0,0.0,0.0,0.004008,0.004008,0.004008,0.0,0.0,0.0,0.0018,0.00227,0.00227,0.008025,0.009829,0.009837,0.044952,0.054322,0.054394,0.000453,0.000565,0.000565,0.0,0.0,0.0,0.000249,0.008991,0.008991,0.024318,0.147271,0.147271,0.0,0.0,0.0,0.043227,0.049716,0.05509,0.133328,0.15334,0.175604,0.164268,0.18486,0.250893,0.011323,0.013023,0.014431,0.0,0.0,0.0,0.0,0.0,0.0,0.0,0.0,0.0,0.0,0.0,0.0,0.009441,0.009441,0.009441,0.043881,0.043881,0.043881,0.259414,0.266267,0.266267,0.002339,0.002339,0.002339,0.007758,0.007758,0.007758,0.025771,0.025774,0.025774,1.174825,1.184211,1.211433,0.001843,0.001843,0.001843,0.003299,0.003299,0.003299,0.014763,0.014763,0.014763,0.08579,0.085799,0.0858,0.000811,0.000811,0.000811,0.0,0.0,0.0,0.0,0.0,0.0,0.012761,0.012761,0.012761,0.0,0.0,0.0,0.202512,0.293681,0.293681,0.904068,1.253853,1.254844,5.067618,6.79515,6.803298,0.051004,0.072666,0.072666,0.0,0.0,0.0,1e-06,2.7e-05,2.7e-05,7.3e-05,0.00044,0.00044,0.0,0.0,0.0,16.945088,19.488518,21.595318,52.264634,60.109471,68.836845,60.17627,68.248578,94.133389,4.438811,5.105069,5.656951,0.0,0.0,0.0,0.0,0.0,0.0,0.0,0.0,0.0,0.0,0.0,0.0,27.193707,27.193707,27.193707,119.47658,119.47658,119.476698,745.070756,759.570563,759.571678,6.708172,6.708172,6.708172,3e-06,3e-06,3e-06,9e-06,9e-06,9e-06,0.000429,0.000432,0.000442,1e-06,1e-06,1e-06,0.031438,0.031438,0.031438,0.140152,0.140152,0.140152,0.808402,0.808491,0.808492,0.007741,0.007741,0.007741
BBS_CA_054_ORANGE_COVE_2019,2019-05-28,2019-06-10,0.0,0.0,0.0,0.0,0.0,0.0,934.6599,934.6599,934.6599,0.0,0.0,0.0,2.2971,3.6504,3.6504,8.3825,12.9223,12.9223,82.0941,103.3288,103.331,0.5859,0.9179,0.9179,3.3267,3.3267,3.3267,11.206,11.206,11.206,15.9065,15.9936,15.9936,0.8356,0.8356,0.8356,0.0,0.0,0.0,4.9058,4.9058,4.9058,57.4231,66.1328,67.0714,0.0,0.0,0.0,0.9246,0.9246,0.9246,2.9892,2.9892,2.9892,3.0791,3.0791,3.0791,0.2269,0.2269,0.2269,17.8453,17.8453,17.8453,79.5821,79.5821,79.5821,494.8896,496.3942,496.3942,4.5172,4.5172,4.5172,0.0,0.0,0.0,1.1288,1.1288,1.1288,17.3733,17.3733,17.3733,0.0,0.0,0.0,12.6413,12.6413,12.6418,53.0347,53.0376,53.0391,256.7594,257.7833,257.785,3.139,3.139,3.1391,0.0,0.0,0.0,0.0,0.0,0.0,0.46733,0.46733,0.46733,0.0,0.0,0.0,0.001021,0.001622,0.001622,0.003726,0.005743,0.005743,0.036486,0.045924,0.045925,0.00026,0.000408,0.000408,0.014339,0.014339,0.014339,0.048302,0.048302,0.048302,0.068563,0.068938,0.068938,0.003602,0.003602,0.003602,0.0,0.0,0.0,0.458838,0.458838,0.458838,4.36387,4.388493,4.391108,0.0,0.0,0.0,0.009435,0.009435,0.009435,0.030502,0.030502,0.030502,0.03142,0.03142,0.03142,0.002315,0.002315,0.002315,0.015214,0.015214,0.015214,0.068654,0.068654,0.068654,0.427016,0.427842,0.427842,0.00385,0.00385,0.00385,0.0,0.0,0.0,0.036412,0.036412,0.036412,0.560429,0.560429,0.560429,0.0,0.0,0.0,0.005618,0.005618,0.005619,0.023572,0.023573,0.023574,0.114655,0.115111,0.115112,0.001395,0.001395,0.001395,0.0,0.0,0.0,0.0,0.0,0.0,125.121811,125.121811,125.121811,0.0,0.0,0.0,0.114855,0.231517,0.231517,0.419946,0.811307,0.811307,4.116779,5.914151,5.914262,0.029293,0.057919,0.057919,4.3e-05,4.3e-05,4.3e-05,0.000144,0.000144,0.000144,0.000205,0.000206,0.000206,1.1e-05,1.1e-05,1.1e-05,0.0,0.0,0.0,0.002409,0.002409,0.002409,16.032558,21.247456,22.588412,0.0,0.0,0.0,1.9e-05,1.9e-05,1.9e-05,6e-05,6e-05,6e-05,6.2e-05,6.2e-05,6.2e-05,5e-06,5e-06,5e-06,40.87504,40.87504,40.87504,175.506629,175.506629,175.506629,1082.106205,1095.152281,1095.152281,10.362038,10.362038,10.362038,0.0,0.0,0.0,1.3e-05,1.3e-05,1.3e-05,0.000204,0.000204,0.000204,0.0,0.0,0.0,0.055444,0.055444,0.055445,0.232556,0.232559,0.23256,1.093241,1.097658,1.09766,0.013768,0.013768,0.013768
BBS_CA_054_ORANGE_COVE_2020,2020-05-28,2020-06-10,0.0,0.0,0.0,0.0,0.0,0.0,0.0,0.0,0.0,0.0,0.0,0.0,9.3896,9.4097,9.4097,40.3146,40.6923,40.6923,263.0988,275.2102,275.2244,2.3478,2.3531,2.3531,0.0,0.9828,0.9828,2.5449,8.3825,8.3825,22.8061,82.8821,82.8821,0.0,0.2513,0.2513,0.0,0.0,0.0,0.0,0.0,0.0,50.2372,50.2372,50.2372,0.0,0.0,0.0,0.0,0.0,0.0,0.0001,0.0001,0.0001,15.489,15.4964,15.4964,0.0,0.0,0.0,18.4612,18.4612,18.4612,88.8532,88.8532,88.8533,561.2006,561.2033,561.2046,4.6257,4.6257,4.6257,6.4833,6.4833,6.4833,23.209,23.218,25.5298,126.6923,138.6635,157.4481,1.6188,1.6188,1.6188,2.6582,2.6582,2.6582,13.4681,13.4681,13.4681,77.516,77.516,77.5343,0.666,0.666,0.666,0.0,0.0,0.0,0.0,0.0,0.0,0.0,0.0,0.0,0.0,0.0,0.0,0.004173,0.004182,0.004182,0.017918,0.018085,0.018085,0.116933,0.122316,0.122322,0.001043,0.001046,0.001046,0.0,0.004236,0.004236,0.01097,0.036131,0.036131,0.098302,0.35725,0.35725,0.0,0.001083,0.001083,0.0,0.0,0.0,0.0,0.0,0.0,0.180297,0.180297,0.180297,0.0,0.0,0.0,0.0,0.0,0.0,1e-06,1e-06,1e-06,0.158051,0.158126,0.158126,0.0,0.0,0.0,0.015086,0.015086,0.015086,0.073573,0.073573,0.073573,0.465503,0.465504,0.465505,0.003782,0.003782,0.003782,0.20914,0.20914,0.20914,0.748676,0.748966,0.823541,4.08685,4.473016,5.078971,0.05222,0.05222,0.05222,0.001181,0.001181,0.001181,0.005987,0.005987,0.005987,0.034464,0.034464,0.034472,0.000296,0.000296,0.000296,0.0,0.0,0.0,0.0,0.0,0.0,0.0,0.0,0.0,0.0,0.0,0.0,0.469479,0.471216,0.471216,2.016818,2.049378,2.049378,13.168676,14.212769,14.213987,0.117391,0.117846,0.117846,0.0,1.3e-05,1.3e-05,3.3e-05,0.000108,0.000108,0.000294,0.001068,0.001068,0.0,3e-06,3e-06,0.0,0.0,0.0,0.0,0.0,0.0,68.624175,68.624175,68.624175,0.0,0.0,0.0,0.0,0.0,0.0,0.0,0.0,0.0,0.000311,0.000311,0.000311,0.0,0.0,0.0,45.329152,45.329152,45.329152,209.672594,209.672594,209.67306,1312.735343,1312.747064,1312.751463,11.349853,11.349853,11.349853,7.6e-05,7.6e-05,7.6e-05,0.000273,0.000273,0.0003,0.00149,0.001631,0.001852,1.9e-05,1.9e-05,1.9e-05,0.011659,0.011659,0.011659,0.058973,0.058973,0.058973,0.339253,0.339253,0.339333,0.002921,0.002921,0.002921
BBS_CA_054_ORANGE_COVE_2021,2021-05-28,2021-06-10,0.0,0.0,0.0,0.0,0.0,0.0,0.0,0.0,0.0,0.0,0.0,0.0,11.6512,11.6688,11.6688,132.5659,132.9377,132.9377,1140.203,1163.1751,1163.1751,2.9161,2.9207,2.9207,0.0,0.3555,0.3555,1.1924,4.5738,4.5738,17.1527,66.739,66.739,0.0,0.0931,0.0931,0.0,0.0,0.0,0.0024,0.0024,0.0024,169.5886,169.5886,169.5886,0.0,0.0,0.0,0.0,0.0,0.0,0.0,0.0,0.0,8.4262,8.4262,8.4262,0.0,0.0,0.0,19.6244,19.6244,19.6244,89.4271,89.4271,89.4271,527.029,532.7097,532.7099,4.8983,4.8983,4.8983,0.0,0.0,0.0,0.0051,0.0234,0.0286,1.5462,1.7048,1.7534,0.0,0.0,0.0,0.1601,0.1601,0.1601,4.8458,4.8539,4.8539,57.756,58.5016,58.5016,0.0406,0.0406,0.0406,0.0,0.0,0.0,0.0,0.0,0.0,0.0,0.0,0.0,0.0,0.0,0.0,0.005178,0.005186,0.005186,0.058918,0.059083,0.059083,0.506757,0.516967,0.516967,0.001296,0.001298,0.001298,0.0,0.001532,0.001532,0.00514,0.019715,0.019715,0.073934,0.287668,0.287668,0.0,0.000401,0.000401,0.0,0.0,0.0,7e-06,7e-06,7e-06,0.499216,0.499216,0.499216,0.0,0.0,0.0,0.0,0.0,0.0,0.0,0.0,0.0,0.085981,0.085981,0.085981,0.0,0.0,0.0,0.015346,0.015346,0.015346,0.071049,0.071049,0.071049,0.430272,0.433112,0.433112,0.00384,0.00384,0.00384,0.0,0.0,0.0,0.000166,0.000756,0.000922,0.049877,0.054994,0.05656,0.0,0.0,0.0,7.1e-05,7.1e-05,7.1e-05,0.002154,0.002158,0.002158,0.02567,0.026006,0.026006,1.8e-05,1.8e-05,1.8e-05,0.0,0.0,0.0,0.0,0.0,0.0,0.0,0.0,0.0,0.0,0.0,0.0,0.582561,0.584079,0.584079,6.630813,6.662864,6.662864,57.05298,58.68088,58.68088,0.145803,0.1462,0.1462,0.0,5e-06,5e-06,1.5e-05,5.9e-05,5.9e-05,0.000221,0.00086,0.00086,0.0,1e-06,1e-06,0.0,0.0,0.0,0.0,0.0,0.0,241.745598,241.745598,241.745598,0.0,0.0,0.0,0.0,0.0,0.0,0.0,0.0,0.0,0.000169,0.000169,0.000169,0.0,0.0,0.0,50.360853,50.360853,50.360853,222.819075,222.819075,222.819149,1271.593974,1297.117931,1297.118636,12.527541,12.527541,12.527541,0.0,0.0,0.0,0.0,0.0,0.0,1.8e-05,2e-05,2.1e-05,0.0,0.0,0.0,0.000702,0.000702,0.000702,0.021254,0.021262,0.021262,0.253253,0.256289,0.256289,0.000178,0.000178,0.000178
BBS_CA_054_ORANGE_COVE_2022,2022-05-28,2022-06-10,0.0,0.0,0.0,0.0,0.0,0.0,0.0,0.0,0.0,0.0,0.0,0.0,10.4974,11.5598,12.2511,44.813,49.9857,52.2205,311.0329,345.7538,348.9185,2.6139,2.888,3.0576,0.0,0.0,0.0,2.0993,2.1095,2.1095,86.9678,109.3923,109.3923,0.0,0.0,0.0,3.7524,3.7524,3.7524,11.5737,11.5737,11.5737,64.4855,64.4855,64.4855,0.9829,0.9829,0.9829,0.0,0.0,0.0,0.5066,0.5066,0.5066,34.9339,34.9339,34.9339,0.0,0.0,0.0,20.3726,24.6647,24.6647,91.0118,112.0665,112.0665,618.2445,702.3497,702.3497,5.0597,6.1673,6.1673,0.0,0.0,0.0,0.0001,0.0001,0.0001,0.3865,26.292,26.292,0.0,0.0,0.0,4.0558,4.0558,4.0558,15.9451,15.9511,15.9511,68.1148,69.0986,69.1076,0.9958,0.9958,0.9958,0.0,0.0,0.0,0.0,0.0,0.0,0.0,0.0,0.0,0.0,0.0,0.0,0.004666,0.005138,0.005445,0.019917,0.022216,0.023209,0.138237,0.153668,0.155075,0.001162,0.001284,0.001359,0.0,0.0,0.0,0.009049,0.009093,0.009093,0.374861,0.471519,0.471519,0.0,0.0,0.0,0.35737,0.35737,0.35737,1.102254,1.102254,1.102254,6.141476,6.141476,6.141476,0.093614,0.093614,0.093614,0.0,0.0,0.0,0.005169,0.005169,0.005169,0.356468,0.356468,0.356468,0.0,0.0,0.0,0.016098,0.019457,0.019457,0.072429,0.089721,0.089721,0.51564,0.586912,0.586912,0.004002,0.004874,0.004874,0.0,0.0,0.0,3e-06,3e-06,3e-06,0.012467,0.848127,0.848127,0.0,0.0,0.0,0.001803,0.001803,0.001803,0.007087,0.00709,0.00709,0.030381,0.030873,0.030877,0.000443,0.000443,0.000443,0.0,0.0,0.0,0.0,0.0,0.0,0.0,0.0,0.0,0.0,0.0,0.0,0.524872,0.577989,0.637585,2.240657,2.505174,2.697835,15.559941,17.571221,17.844037,0.130695,0.144399,0.159023,0.0,0.0,0.0,2.7e-05,2.7e-05,2.7e-05,0.001121,0.00141,0.00141,0.0,0.0,0.0,0.001876,0.001876,0.001876,0.005787,0.005787,0.005787,0.032243,0.032243,0.032243,0.000491,0.000491,0.000491,0.0,0.0,0.0,1e-05,1e-05,1e-05,0.000701,0.000701,0.000701,0.0,0.0,0.0,52.656047,63.765603,63.765603,231.50301,281.442938,281.442938,1428.555196,1611.369553,1611.369553,13.030788,15.88311,15.88311,0.0,0.0,0.0,0.0,0.0,0.0,5e-06,0.000309,0.000309,0.0,0.0,0.0,0.017789,0.017789,0.017789,0.069935,0.069941,0.069941,0.292181,0.293165,0.293174,0.004367,0.004367,0.004367
BBS_CA_054_ORANGE_COVE_2023,2023-05-28,2023-06-10,0.0,0.0,0.0,0.0,0.0,0.0,0.0,0.0,0.0,0.0,0.0,0.0,13.9496,13.9496,13.9496,62.4347,63.0908,63.0908,441.7875,446.8636,446.8636,3.4834,3.4834,3.4834,0.0,0.0,0.0,5.127,6.5946,6.5946,100.381,117.7775,117.7775,0.0,0.0,0.0,0.0,0.0,0.0,0.0,0.0,0.0,0.4529,0.4529,0.4529,0.0,0.0,0.0,0.0,0.0,0.0,1.0948,1.0948,1.0948,10.7073,10.7073,10.7073,0.0,0.0,0.0,16.7282,16.7282,16.7282,82.5269,84.1007,84.1025,589.0497,601.8448,601.8618,4.1775,4.1775,4.1775,0.0,0.0,0.0,0.0015,0.0015,0.003,0.2893,0.2893,21.0278,0.0,0.0,0.0,4.7229,4.7229,4.7229,19.8203,19.8203,19.8203,81.07,81.07,81.07,1.1778,1.1778,1.1778,0.0,0.0,0.0,0.0,0.0,0.0,0.0,0.0,0.0,0.0,0.0,0.0,0.0062,0.0062,0.0062,0.027749,0.02804,0.02804,0.19635,0.198606,0.198606,0.001548,0.001548,0.001548,0.0,0.0,0.0,0.022099,0.028425,0.028425,0.432677,0.507661,0.507661,0.0,0.0,0.0,0.0,0.0,0.0,0.0,0.0,0.0,0.001294,0.001294,0.001294,0.0,0.0,0.0,0.0,0.0,0.0,0.011171,0.011171,0.011171,0.109258,0.109258,0.109258,0.0,0.0,0.0,0.011082,0.011082,0.011082,0.058451,0.059307,0.059308,0.4759,0.482861,0.482876,0.002767,0.002767,0.002767,0.0,0.0,0.0,4.8e-05,4.8e-05,9.6e-05,0.009332,0.009332,0.678316,0.0,0.0,0.0,0.002099,0.002099,0.002099,0.008809,0.008809,0.008809,0.036147,0.036147,0.036147,0.000523,0.000523,0.000523,0.0,0.0,0.0,0.0,0.0,0.0,0.0,0.0,0.0,0.0,0.0,0.0,0.697481,0.697481,0.697481,3.169442,3.20225,3.20225,23.56497,23.818777,23.818777,0.174169,0.174169,0.174169,0.0,0.0,0.0,6.6e-05,8.5e-05,8.5e-05,0.001294,0.001518,0.001518,0.0,0.0,0.0,0.0,0.0,0.0,0.0,0.0,0.0,7e-06,7e-06,7e-06,0.0,0.0,0.0,0.0,0.0,0.0,2.2e-05,2.2e-05,2.2e-05,0.000215,0.000215,0.000215,0.0,0.0,0.0,56.703078,56.703078,56.703078,260.827191,273.239717,273.243441,1531.002708,1632.613946,1632.649111,14.181097,14.181097,14.181097,0.0,0.0,0.0,0.0,0.0,0.0,3e-06,3e-06,0.000247,0.0,0.0,0.0,0.020714,0.020714,0.020714,0.086931,0.086931,0.086931,0.348496,0.348496,0.348496,0.005166,0.005166,0.005166
BBS_CA_055_LAKE_SUCCESS_2015,2015-05-28,2015-06-10,0.0,0.0,0.0,0.0,0.0,0.0,0.0,0.0,0.0,0.0,0.0,0.0,0.0,0.0,0.0,0.0,0.0,0.0,0.0656,0.119,0.119,0.0,0.0,0.0,0.0,0.0,0.0,0.0,0.0,0.0,0.0,0.0,0.0,0.0,0.0,0.0,0.0,0.0,0.0,0.0,0.0,0.0,0.1791,1.2193,1.2193,0.0,0.0,0.0,0.0,0.0,0.0,0.0,0.0,0.0,0.0,0.0,0.0,0.0,0.0,0.0,0.0,0.0002,0.0002,0.0,0.0015,0.0015,0.0048,0.1356,0.136,0.0,0.0,0.0,0.0,0.0,0.0,0.0,0.0,0.0,0.0329,0.0329,0.0329,0.0,0.0,0.0,0.0,0.0,0.0,0.0,0.0,0.0,0.0279,0.1056,0.1056,0.0,0.0,0.0,0.0,0.0,0.0,0.0,0.0,0.0,0.0,0.0,0.0,0.0,0.0,0.0,0.0,0.0,0.0,0.0,0.0,0.0,2.9e-05,5.3e-05,5.3e-05,0.0,0.0,0.0,0.0,0.0,0.0,0.0,0.0,0.0,0.0,0.0,0.0,0.0,0.0,0.0,0.0,0.0,0.0,0.0,0.0,0.0,0.004568,0.031106,0.031106,0.0,0.0,0.0,0.0,0.0,0.0,0.0,0.0,0.0,0.0,0.0,0.0,0.0,0.0,0.0,0.0,0.0,0.0,0.0,1e-06,1e-06,2e-06,0.000121,0.000121,0.0,0.0,0.0,0.0,0.0,0.0,0.0,0.0,0.0,0.001061,0.001061,0.001061,0.0,0.0,0.0,0.0,0.0,0.0,0.0,0.0,0.0,1.2e-05,4.7e-05,4.7e-05,0.0,0.0,0.0,0.0,0.0,0.0,0.0,0.0,0.0,0.0,0.0,0.0,0.0,0.0,0.0,0.0,0.0,0.0,0.0,0.0,0.0,0.003278,0.006168,0.006168,0.0,0.0,0.0,0.0,0.0,0.0,0.0,0.0,0.0,0.0,0.0,0.0,0.0,0.0,0.0,0.0,0.0,0.0,0.0,0.0,0.0,1.790745,12.193419,12.193419,0.0,0.0,0.0,0.0,0.0,0.0,0.0,0.0,0.0,0.0,0.0,0.0,0.0,0.0,0.0,0.0,0.00084,0.00084,0.0,0.005179,0.005179,0.017667,0.271837,0.27454,0.0,3e-06,3e-06,0.0,0.0,0.0,0.0,0.0,0.0,0.0,0.0,0.0,0.0,0.0,0.0,0.0,0.0,0.0,0.0,0.0,0.0,0.000122,0.000463,0.000463,0.0,0.0,0.0
BBS_CA_055_LAKE_SUCCESS_2016,2016-05-28,2016-06-10,0.0,0.0,0.0,0.0,0.0,0.0,0.0,0.0,0.0,0.0,0.0,0.0,0.0,0.0,0.0,0.0,0.0,0.0,0.1314,0.2479,0.3524,0.0,0.0,0.0,0.0,0.0,0.0,0.0,0.0,0.0,0.0,0.0,0.0,0.0,0.0,0.0,0.0,0.0,0.0,0.0,0.0,0.0,0.602,1.0464,1.0464,0.0,0.0,0.0,0.0,0.0,0.0,0.0,0.0,0.0,0.0,0.0,0.0,0.0,0.0,0.0,0.0012,0.0015,0.0015,0.0074,0.0092,0.0092,0.0247,0.6758,0.6758,0.0,0.0,0.0,0.0,0.0,0.0,0.0,0.0,0.0,0.0153,0.0153,0.0153,0.0,0.0,0.0,0.0674,0.0674,0.0674,0.1497,0.1497,0.1497,0.1678,0.3203,0.3203,0.0193,0.0193,0.0193,0.0,0.0,0.0,0.0,0.0,0.0,0.0,0.0,0.0,0.0,0.0,0.0,0.0,0.0,0.0,0.0,0.0,0.0,5.8e-05,0.00011,0.000157,0.0,0.0,0.0,0.0,0.0,0.0,0.0,0.0,0.0,0.0,0.0,0.0,0.0,0.0,0.0,0.0,0.0,0.0,0.0,0.0,0.0,0.017394,0.028731,0.028731,0.0,0.0,0.0,0.0,0.0,0.0,0.0,0.0,0.0,0.0,0.0,0.0,0.0,0.0,0.0,1e-06,1e-06,1e-06,4e-06,5e-06,5e-06,1.2e-05,0.00057,0.00057,0.0,0.0,0.0,0.0,0.0,0.0,0.0,0.0,0.0,0.000494,0.000494,0.000494,0.0,0.0,0.0,3e-05,3e-05,3e-05,6.7e-05,6.7e-05,6.7e-05,7.5e-05,0.000142,0.000142,9e-06,9e-06,9e-06,0.0,0.0,0.0,0.0,0.0,0.0,0.0,0.0,0.0,0.0,0.0,0.0,0.0,0.0,0.0,0.0,0.0,0.0,0.006568,0.012396,0.021405,0.0,0.0,0.0,0.0,0.0,0.0,0.0,0.0,0.0,0.0,0.0,0.0,0.0,0.0,0.0,0.0,0.0,0.0,0.0,0.0,0.0,5.727668,10.171551,10.171551,0.0,0.0,0.0,0.0,0.0,0.0,0.0,0.0,0.0,0.0,0.0,0.0,0.0,0.0,0.0,0.004125,0.005991,0.005991,0.025452,0.036954,0.036954,0.128986,1.775487,1.775487,1.6e-05,2.4e-05,2.4e-05,0.0,0.0,0.0,0.0,0.0,0.0,0.0,0.0,0.0,0.0,0.0,0.0,0.000296,0.000296,0.000296,0.000657,0.000657,0.000657,0.000736,0.001405,0.001405,8.5e-05,8.5e-05,8.5e-05
BBS_CA_055_LAKE_SUCCESS_2017,2017-05-28,2017-06-10,0.0,0.0,0.0,0.0,0.0,0.0,0.0,0.0,0.0,0.0,0.0,0.0,0.0,0.0,0.0,0.0,0.0,0.0,0.0005,0.016,0.016,0.0,0.0,0.0,0.0,0.0,0.0,0.0,0.0,0.0,0.0,0.049,0.049,0.0,0.0,0.0,0.0,0.0,0.0,0.0,0.0,0.0,0.0,0.1981,0.648,0.0,0.0,0.0,0.0,0.0,0.0,0.0,0.0,0.0,0.0,0.0,0.0,0.0,0.0,0.0,0.0,0.0,0.0,0.0001,0.0001,0.0001,0.0184,0.1155,0.1155,0.0,0.0,0.0,0.0,0.0,0.0,0.0,0.0,0.0,0.0,0.0,0.0,0.0,0.0,0.0,0.0122,0.0124,0.0124,0.0257,0.0269,0.0269,0.0328,0.0792,0.0798,0.0036,0.0036,0.0036,0.0,0.0,0.0,0.0,0.0,0.0,0.0,0.0,0.0,0.0,0.0,0.0,0.0,0.0,0.0,0.0,0.0,0.0,0.0,7e-06,7e-06,0.0,0.0,0.0,0.0,0.0,0.0,0.0,0.0,0.0,0.0,0.000211,0.000211,0.0,0.0,0.0,0.0,0.0,0.0,0.0,0.0,0.0,0.0,0.005054,0.016529,0.0,0.0,0.0,0.0,0.0,0.0,0.0,0.0,0.0,0.0,0.0,0.0,0.0,0.0,0.0,0.0,0.0,0.0,0.0,0.0,0.0,9e-06,9.5e-05,9.5e-05,0.0,0.0,0.0,0.0,0.0,0.0,0.0,0.0,0.0,0.0,0.0,0.0,0.0,0.0,0.0,5e-06,6e-06,6e-06,1.1e-05,1.2e-05,1.2e-05,1.5e-05,3.5e-05,3.5e-05,2e-06,2e-06,2e-06,0.0,0.0,0.0,0.0,0.0,0.0,0.0,0.0,0.0,0.0,0.0,0.0,0.0,0.0,0.0,0.0,0.0,0.0,2.4e-05,0.001229,0.001229,0.0,0.0,0.0,0.0,0.0,0.0,0.0,0.0,0.0,0.0,1e-06,1e-06,0.0,0.0,0.0,0.0,0.0,0.0,0.0,0.0,0.0,0.0,1.981298,6.479545,0.0,0.0,0.0,0.0,0.0,0.0,0.0,0.0,0.0,0.0,0.0,0.0,0.0,0.0,0.0,7.2e-05,7.2e-05,7.2e-05,0.000471,0.000471,0.000471,0.094769,0.29068,0.29068,0.0,0.0,0.0,0.0,0.0,0.0,0.0,0.0,0.0,0.0,0.0,0.0,0.0,0.0,0.0,5.4e-05,5.4e-05,5.4e-05,0.000113,0.000118,0.000118,0.000144,0.000348,0.000348,1.6e-05,1.6e-05,1.6e-05
BBS_CA_055_LAKE_SUCCESS_2018,2018-05-28,2018-06-10,0.0,0.0,0.0,0.0,0.0,0.0,0.5026,0.5026,0.5026,0.0,0.0,0.0,0.3922,0.3922,0.3922,0.8427,0.8427,0.8427,1.1524,2.3841,2.3841,0.1143,0.1143,0.1143,0.0,0.0,0.0,0.0,0.0,0.0,0.0,0.0,0.0,0.0,0.0,0.0,0.0,0.0,0.0,0.0,0.0,0.0,0.0,0.0995,0.0995,0.0,0.0,0.0,0.0,0.0,0.0,0.0,0.0,0.0,0.0,0.0,0.0,0.0,0.0,0.0,0.2045,0.2045,0.2045,0.5059,0.5059,0.5059,4.3203,4.9384,4.9384,0.0549,0.0549,0.0549,0.0,0.0,0.0,0.0,0.0,0.0,0.0285,0.0285,0.0285,0.0,0.0,0.0,0.0214,0.0214,0.0214,0.1316,0.1316,0.1316,1.7268,1.9006,1.9006,0.0001,0.0001,0.0001,0.0,0.0,0.0,0.0,0.0,0.0,0.000251,0.000251,0.000251,0.0,0.0,0.0,0.000174,0.000174,0.000174,0.000375,0.000375,0.000375,0.000512,0.00106,0.00106,5.1e-05,5.1e-05,5.1e-05,0.0,0.0,0.0,0.0,0.0,0.0,0.0,0.0,0.0,0.0,0.0,0.0,0.0,0.0,0.0,0.0,0.0,0.0,0.0,0.002539,0.002539,0.0,0.0,0.0,0.0,0.0,0.0,0.0,0.0,0.0,0.0,0.0,0.0,0.0,0.0,0.0,0.000102,0.000102,0.000102,0.000253,0.000253,0.000253,0.003497,0.003867,0.003867,2.7e-05,2.7e-05,2.7e-05,0.0,0.0,0.0,0.0,0.0,0.0,0.00092,0.00092,0.00092,0.0,0.0,0.0,9e-06,9e-06,9e-06,5.8e-05,5.8e-05,5.8e-05,0.000767,0.000845,0.000845,0.0,0.0,0.0,0.0,0.0,0.0,0.0,0.0,0.0,0.067287,0.067287,0.067287,0.0,0.0,0.0,0.019608,0.019608,0.019608,0.042137,0.042137,0.042137,0.057618,0.140283,0.140283,0.005715,0.005715,0.005715,0.0,0.0,0.0,0.0,0.0,0.0,0.0,0.0,0.0,0.0,0.0,0.0,0.0,0.0,0.0,0.0,0.0,0.0,0.0,0.995379,0.995379,0.0,0.0,0.0,0.0,0.0,0.0,0.0,0.0,0.0,0.0,0.0,0.0,0.0,0.0,0.0,1.254115,1.254115,1.254115,3.013062,3.013062,3.013062,12.192824,14.097904,14.097904,0.342739,0.342739,0.342739,0.0,0.0,0.0,0.0,0.0,0.0,0.0,0.0,0.0,0.0,0.0,0.0,9.4e-05,9.4e-05,9.4e-05,0.000577,0.000577,0.000577,0.007574,0.008336,0.008336,0.0,0.0,0.0
BBS_CA_055_LAKE_SUCCESS_2019,2019-05-28,2019-06-10,0.0,0.0,0.0,0.0,0.0,0.0,4.2988,4.2988,9.1755,0.0,0.0,0.0,0.4776,0.4776,0.4776,1.0453,1.0453,1.0453,1.5507,2.8146,2.8146,0.1384,0.1384,0.1384,0.0,0.0,0.0,0.0,0.0,0.0,0.0,0.0,0.0,0.0,0.0,0.0,0.0,0.0,0.0,0.0,0.0,0.0,10.2679,10.2679,13.1538,0.0,0.0,0.0,0.0,0.0,0.0,0.0,0.0,0.0,0.0,0.0,0.0,0.0,0.0,0.0,0.3512,0.3547,0.3547,1.3132,1.3369,1.3369,9.8593,9.8935,10.1572,0.0667,0.0667,0.0667,0.0,0.0,0.0,0.0,0.0,0.0,0.0,0.0,0.0,0.0,0.0,0.0,0.0133,0.0133,0.0133,0.0837,0.0837,0.0837,2.836,2.836,2.836,0.0,0.0,0.0,0.0,0.0,0.0,0.0,0.0,0.0,0.002149,0.002149,0.004588,0.0,0.0,0.0,0.000212,0.000212,0.000212,0.000465,0.000465,0.000465,0.000689,0.001251,0.001251,6.2e-05,6.2e-05,6.2e-05,0.0,0.0,0.0,0.0,0.0,0.0,0.0,0.0,0.0,0.0,0.0,0.0,0.0,0.0,0.0,0.0,0.0,0.0,0.070627,0.070627,0.144249,0.0,0.0,0.0,0.0,0.0,0.0,0.0,0.0,0.0,0.0,0.0,0.0,0.0,0.0,0.0,0.000227,0.000228,0.000228,0.000998,0.00101,0.00101,0.008697,0.008714,0.008846,3.3e-05,3.3e-05,3.3e-05,0.0,0.0,0.0,0.0,0.0,0.0,0.0,0.0,0.0,0.0,0.0,0.0,6e-06,6e-06,6e-06,3.7e-05,3.7e-05,3.7e-05,0.001261,0.001261,0.001261,0.0,0.0,0.0,0.0,0.0,0.0,0.0,0.0,0.0,0.575472,0.575472,1.228316,0.0,0.0,0.0,0.023882,0.023882,0.023882,0.052266,0.052266,0.052266,0.077536,0.186488,0.186488,0.00692,0.00692,0.00692,0.0,0.0,0.0,0.0,0.0,0.0,0.0,0.0,0.0,0.0,0.0,0.0,0.0,0.0,0.0,0.0,0.0,0.0,30.018668,30.018668,58.878508,0.0,0.0,0.0,0.0,0.0,0.0,0.0,0.0,0.0,0.0,0.0,0.0,0.0,0.0,0.0,1.646634,1.658826,1.658826,4.545253,4.626874,4.626874,21.227255,21.358911,23.006838,0.416226,0.416245,0.416245,0.0,0.0,0.0,0.0,0.0,0.0,0.0,0.0,0.0,0.0,0.0,0.0,5.8e-05,5.8e-05,5.8e-05,0.000367,0.000367,0.000367,0.012416,0.012416,0.012416,0.0,0.0,0.0
BBS_CA_055_LAKE_SUCCESS_2020,2020-05-28,2020-06-10,0.0,0.0,0.0,0.0,0.0,0.0,0.0,0.0,4.7153,0.0,0.0,0.0,0.018,0.018,0.018,0.111,0.111,0.111,3.3222,3.5566,5.4554,0.0001,0.0001,0.0001,0.0,0.0,0.0,0.0,0.0,0.0,0.0,0.793,1.0774,0.0,0.0,0.0,0.0,0.0,0.0,0.0,0.0,0.0,2.4138,2.4138,2.4138,0.0,0.0,0.0,0.0,0.0,0.0,0.0,0.0,0.0,0.0,0.0,0.0,0.0,0.0,0.0,0.0118,0.0118,0.0118,0.0729,0.0729,0.0729,11.5781,11.9695,11.9734,0.0,0.0,0.0,0.0,0.0,0.0,0.0,0.0,0.0,0.0,0.0,0.0,0.0,0.0,0.0,0.0,0.0,0.0,0.0,0.0,0.0,0.2331,0.2331,0.2331,0.0,0.0,0.0,0.0,0.0,0.0,0.0,0.0,0.0,0.0,0.0,0.002358,0.0,0.0,0.0,8e-06,8e-06,8e-06,4.9e-05,4.9e-05,4.9e-05,0.001477,0.001581,0.002425,0.0,0.0,0.0,0.0,0.0,0.0,0.0,0.0,0.0,0.0,0.003418,0.004644,0.0,0.0,0.0,0.0,0.0,0.0,0.0,0.0,0.0,0.061576,0.061576,0.061576,0.0,0.0,0.0,0.0,0.0,0.0,0.0,0.0,0.0,0.0,0.0,0.0,0.0,0.0,0.0,6e-06,6e-06,6e-06,3.6e-05,3.6e-05,3.6e-05,0.009473,0.009691,0.009693,0.0,0.0,0.0,0.0,0.0,0.0,0.0,0.0,0.0,0.0,0.0,0.0,0.0,0.0,0.0,0.0,0.0,0.0,0.0,0.0,0.0,0.000104,0.000104,0.000104,0.0,0.0,0.0,0.0,0.0,0.0,0.0,0.0,0.0,0.0,0.0,0.631236,0.0,0.0,0.0,0.000901,0.000901,0.000901,0.005552,0.005552,0.005552,0.166111,0.186315,0.281254,4e-06,4e-06,4e-06,0.0,0.0,0.0,0.0,0.0,0.0,0.0,1e-05,1.4e-05,0.0,0.0,0.0,0.0,0.0,0.0,0.0,0.0,0.0,24.137814,24.137814,24.137814,0.0,0.0,0.0,0.0,0.0,0.0,0.0,0.0,0.0,0.0,0.0,0.0,0.0,0.0,0.0,0.055946,0.055946,0.055946,0.344737,0.344737,0.344737,29.715185,33.273566,33.309112,0.00022,0.00022,0.00022,0.0,0.0,0.0,0.0,0.0,0.0,0.0,0.0,0.0,0.0,0.0,0.0,0.0,0.0,0.0,0.0,0.0,0.0,0.001002,0.001002,0.001002,0.0,0.0,0.0
BBS_CA_055_LAKE_SUCCESS_2021,2021-05-28,2021-06-10,0.0,0.0,0.0,0.0,0.0,0.0,6.7548,6.7548,7.6818,0.0,0.0,0.0,0.0185,0.0185,0.0185,0.1143,0.1143,0.1143,2.7739,4.8369,4.8369,0.0001,0.0001,0.0001,0.0,0.0,0.0,0.0,0.0,0.0,0.0,0.0,1.3994,0.0,0.0,0.0,0.0,0.0,0.0,0.0,0.0,0.0,1.7883,1.7883,1.7883,0.0,0.0,0.0,0.0,0.0,0.0,0.0,0.0,0.0,0.0,0.0,0.0,0.0,0.0,0.0,0.019,0.0224,0.0224,0.1169,0.1399,0.1399,8.8128,9.0011,9.0011,0.0001,0.0001,0.0001,0.0,0.0,0.0,0.0,0.0,0.0,0.0,0.0,0.0,0.0,0.0,0.0,0.9313,0.9313,0.9313,1.9136,1.9136,1.9136,2.3929,2.3942,2.3942,0.2778,0.2778,0.2778,0.0,0.0,0.0,0.0,0.0,0.0,0.053687,0.053687,0.054151,0.0,0.0,0.0,8e-06,8e-06,8e-06,5.1e-05,5.1e-05,5.1e-05,0.001233,0.00215,0.00215,0.0,0.0,0.0,0.0,0.0,0.0,0.0,0.0,0.0,0.0,0.0,0.006032,0.0,0.0,0.0,0.0,0.0,0.0,0.0,0.0,0.0,0.021172,0.021172,0.021172,0.0,0.0,0.0,0.0,0.0,0.0,0.0,0.0,0.0,0.0,0.0,0.0,0.0,0.0,0.0,9e-06,1.1e-05,1.1e-05,5.8e-05,7e-05,7e-05,0.007583,0.007677,0.007677,0.0,0.0,0.0,0.0,0.0,0.0,0.0,0.0,0.0,0.0,0.0,0.0,0.0,0.0,0.0,0.000466,0.000466,0.000466,0.000957,0.000957,0.000957,0.00117,0.001171,0.001171,0.000139,0.000139,0.000139,0.0,0.0,0.0,0.0,0.0,0.0,0.90144,0.90144,1.025532,0.0,0.0,0.0,0.000927,0.000927,0.000927,0.005713,0.005713,0.005713,0.138696,0.305379,0.305379,4e-06,4e-06,4e-06,0.0,0.0,0.0,0.0,0.0,0.0,0.0,0.0,1.8e-05,0.0,0.0,0.0,0.0,0.0,0.0,0.0,0.0,0.0,0.000111,0.000111,0.000111,0.0,0.0,0.0,0.0,0.0,0.0,0.0,0.0,0.0,0.0,0.0,0.0,0.0,0.0,0.0,0.101366,0.113167,0.113167,0.62461,0.70361,0.70361,20.658554,21.308136,21.308136,0.000398,0.000416,0.000416,0.0,0.0,0.0,0.0,0.0,0.0,0.0,0.0,0.0,0.0,0.0,0.0,0.000931,0.000931,0.000931,0.001914,0.001914,0.001914,0.004003,0.004004,0.004004,0.000278,0.000278,0.000278
BBS_CA_055_LAKE_SUCCESS_2022,2022-05-28,2022-06-10,0.0,0.0,0.0,0.0,0.0,0.0,0.0,0.0,0.0,0.0,0.0,0.0,0.0118,0.0118,0.0118,0.0729,0.0729,0.0729,1.3357,5.2466,12.9801,0.0,0.0,0.0,0.0,0.0,0.0,0.0,0.0,0.0,0.0,0.654,0.654,0.0,0.0,0.0,0.0,0.0,0.0,0.0,0.0,0.0,0.0,1.5282,1.5282,0.0,0.0,0.0,0.0,0.0,0.0,0.0,0.0,0.0,0.2085,0.2085,0.2085,0.0,0.0,0.0,0.0059,0.0059,0.0146,0.0364,0.0364,0.0945,0.7142,4.5809,4.6979,0.0,0.0,0.0,0.0,0.0,0.0,0.0,0.0,0.0,0.0,0.3198,0.3198,0.0,0.0,0.0,2.0262,2.0465,2.0465,4.1567,4.233,4.233,4.9083,4.9967,4.9967,0.6048,0.6087,0.6087,0.0,0.0,0.0,0.0,0.0,0.0,0.0,0.0,0.0,0.0,0.0,0.0,5e-06,5e-06,5e-06,3.2e-05,3.2e-05,3.2e-05,0.000594,0.002332,0.005769,0.0,0.0,0.0,0.0,0.0,0.0,0.0,0.0,0.0,0.0,0.002819,0.002819,0.0,0.0,0.0,0.0,0.0,0.0,0.0,0.0,0.0,0.0,0.004298,0.004298,0.0,0.0,0.0,0.0,0.0,0.0,0.0,0.0,0.0,0.002128,0.002128,0.002128,0.0,0.0,0.0,3e-06,3e-06,7e-06,1.8e-05,1.8e-05,4.7e-05,0.000357,0.003352,0.00341,0.0,0.0,0.0,0.0,0.0,0.0,0.0,0.0,0.0,0.0,0.010317,0.010317,0.0,0.0,0.0,0.001013,0.001023,0.001023,0.002078,0.002116,0.002116,0.002413,0.002457,0.002457,0.000302,0.000304,0.000304,0.0,0.0,0.0,0.0,0.0,0.0,0.0,0.0,0.0,0.0,0.0,0.0,0.000592,0.000592,0.000592,0.003645,0.003645,0.003645,0.066783,0.262329,0.901191,2e-06,2e-06,2e-06,0.0,0.0,0.0,0.0,0.0,0.0,0.0,8e-06,8e-06,0.0,0.0,0.0,0.0,0.0,0.0,0.0,0.0,0.0,0.0,1.369868,1.369868,0.0,0.0,0.0,0.0,0.0,0.0,0.0,0.0,0.0,4e-06,4e-06,4e-06,0.0,0.0,0.0,0.036956,0.036956,0.091135,0.227723,0.227723,0.590426,2.792089,13.573829,14.267233,0.000145,0.000145,0.000229,0.0,0.0,0.0,0.0,0.0,0.0,0.0,4e-06,4e-06,0.0,0.0,0.0,0.002026,0.002046,0.002046,0.004157,0.004233,0.004233,0.007434,0.007522,0.007522,0.000605,0.000609,0.000609
BBS_CA_055_LAKE_SUCCESS_2023,2023-05-28,2023-06-10,0.0,0.0,0.0,0.0,0.0,0.0,0.0,0.0,0.0,0.0,0.0,0.0,0.0107,0.0206,0.0206,0.0674,0.1293,0.1293,3.0034,3.3273,3.3273,0.0,0.0001,0.0001,0.0,0.0,0.0,0.0,0.0,0.0,0.0418,0.925,0.925,0.0,0.0,0.0,0.0011,0.0011,0.0011,0.007,0.007,0.007,0.0086,0.0086,0.0086,0.0,0.0,0.0,0.0,0.0,0.0,0.0,0.0,0.0,0.427,0.427,0.427,0.0,0.0,0.0,0.012,0.012,0.012,0.0743,0.0743,0.0743,4.128,4.144,4.144,0.0,0.0,0.0,0.0,0.0,0.0,0.0,0.0,0.0,0.0,0.0,0.0,0.0,0.0,0.0,0.0004,0.0004,0.0004,0.0029,0.0029,0.0029,0.0036,0.0036,0.0036,0.0,0.0,0.0,0.0,0.0,0.0,0.0,0.0,0.0,0.0,0.0,0.0,0.0,0.0,0.0,5e-06,9e-06,9e-06,3e-05,5.7e-05,5.7e-05,0.001335,0.001479,0.001479,0.0,0.0,0.0,0.0,0.0,0.0,0.0,0.0,0.0,0.00018,0.003987,0.003987,0.0,0.0,0.0,3e-06,3e-06,3e-06,2e-05,2e-05,2e-05,2.5e-05,2.5e-05,2.5e-05,0.0,0.0,0.0,0.0,0.0,0.0,0.0,0.0,0.0,0.004357,0.004357,0.004357,0.0,0.0,0.0,6e-06,6e-06,6e-06,3.7e-05,3.7e-05,3.7e-05,0.003483,0.003491,0.003491,0.0,0.0,0.0,0.0,0.0,0.0,0.0,0.0,0.0,0.0,0.0,0.0,0.0,0.0,0.0,0.0,0.0,0.0,1e-06,1e-06,1e-06,2e-06,2e-06,2e-06,0.0,0.0,0.0,0.0,0.0,0.0,0.0,0.0,0.0,0.0,0.0,0.0,0.0,0.0,0.0,0.000537,0.001386,0.001386,0.003372,0.008701,0.008701,0.193014,0.220935,0.220935,2e-06,5e-06,5e-06,0.0,0.0,0.0,0.0,0.0,0.0,1e-06,1.2e-05,1.2e-05,0.0,0.0,0.0,0.0,0.0,0.0,0.0,0.0,0.0,0.0,0.0,0.0,0.0,0.0,0.0,0.0,0.0,0.0,0.0,0.0,0.0,9e-06,9e-06,9e-06,0.0,0.0,0.0,0.041246,0.041246,0.041246,0.256281,0.256281,0.256281,9.755943,9.811112,9.811112,0.000152,0.000152,0.000152,0.0,0.0,0.0,0.0,0.0,0.0,0.0,0.0,0.0,0.0,0.0,0.0,0.0,0.0,0.0,3e-06,3e-06,3e-06,4e-06,4e-06,4e-06,0.0,0.0,0.0
BBS_CA_059_INYOKERN_2015,2015-05-28,2015-06-10,0.0,0.0,0.0,0.0,0.0,0.0,0.0,0.0,0.0,0.0,0.0,0.0,0.0,0.0,0.0,0.0,0.0,0.0,0.0,0.0,0.0,0.0,0.0,0.0,0.0,0.0,0.0,0.0,0.0,0.0,0.0,0.0,0.0,0.0,0.0,0.0,0.0,0.0,0.0,0.0,0.0,0.0,0.0,0.0,0.0,0.0,0.0,0.0,0.0,0.0,0.0,0.0,0.0,0.0,0.0,0.0,0.0,0.0,0.0,0.0,0.0,0.0,0.0,0.0,0.0,0.0,1.4875,1.4875,1.4875,0.0,0.0,0.0,0.0,0.0,0.0,0.0,0.0,0.0,0.0,0.0,0.0,0.0,0.0,0.0,0.0,0.0,0.0,0.0,0.0,0.0,0.0,0.0,0.0,0.0,0.0,0.0,0.0,0.0,0.0,0.0,0.0,0.0,0.0,0.0,0.0,0.0,0.0,0.0,0.0,0.0,0.0,0.0,0.0,0.0,0.0,0.0,0.0,0.0,0.0,0.0,0.0,0.0,0.0,0.0,0.0,0.0,0.0,0.0,0.0,0.0,0.0,0.0,0.0,0.0,0.0,0.0,0.0,0.0,0.0,0.0,0.0,0.0,0.0,0.0,0.0,0.0,0.0,0.0,0.0,0.0,0.0,0.0,0.0,0.0,0.0,0.0,0.0,0.0,0.0,0.0,0.0,0.0,0.000377,0.000377,0.000377,0.0,0.0,0.0,0.0,0.0,0.0,0.0,0.0,0.0,0.0,0.0,0.0,0.0,0.0,0.0,0.0,0.0,0.0,0.0,0.0,0.0,0.0,0.0,0.0,0.0,0.0,0.0,0.0,0.0,0.0,0.0,0.0,0.0,0.0,0.0,0.0,0.0,0.0,0.0,0.0,0.0,0.0,0.0,0.0,0.0,0.0,0.0,0.0,0.0,0.0,0.0,0.0,0.0,0.0,0.0,0.0,0.0,0.0,0.0,0.0,0.0,0.0,0.0,0.0,0.0,0.0,0.0,0.0,0.0,0.0,0.0,0.0,0.0,0.0,0.0,0.0,0.0,0.0,0.0,0.0,0.0,0.0,0.0,0.0,0.0,0.0,0.0,0.0,0.0,0.0,0.0,0.0,0.0,6.46755,6.46755,6.46755,0.0,0.0,0.0,0.0,0.0,0.0,0.0,0.0,0.0,0.0,0.0,0.0,0.0,0.0,0.0,0.0,0.0,0.0,0.0,0.0,0.0,0.0,0.0,0.0,0.0,0.0,0.0
BBS_CA_059_INYOKERN_2017,2017-05-28,2017-06-10,0.0,0.0,0.0,0.0,0.0,0.0,0.0,0.0,0.0,0.0,0.0,0.0,0.0,0.0,0.0,0.0,0.0,0.0,0.0,0.0,0.0,0.0,0.0,0.0,0.0,0.0,0.0,0.0,0.0,0.0,0.0,0.0,0.0,0.0,0.0,0.0,0.0,0.0,0.0,0.0,0.0,0.0,0.0,0.0,0.0,0.0,0.0,0.0,0.0,0.0,0.0,0.0,0.0,0.0,0.0,0.0,0.0,0.0,0.0,0.0,0.0,0.0,0.0,0.0,0.0,0.0,2.601,2.601,2.601,0.0,0.0,0.0,0.0,0.0,0.0,0.0,0.0,0.0,0.0,0.0,0.0,0.0,0.0,0.0,0.0,0.0,0.0,0.0,0.0,0.0,0.0,0.0,0.0,0.0,0.0,0.0,0.0,0.0,0.0,0.0,0.0,0.0,0.0,0.0,0.0,0.0,0.0,0.0,0.0,0.0,0.0,0.0,0.0,0.0,0.0,0.0,0.0,0.0,0.0,0.0,0.0,0.0,0.0,0.0,0.0,0.0,0.0,0.0,0.0,0.0,0.0,0.0,0.0,0.0,0.0,0.0,0.0,0.0,0.0,0.0,0.0,0.0,0.0,0.0,0.0,0.0,0.0,0.0,0.0,0.0,0.0,0.0,0.0,0.0,0.0,0.0,0.0,0.0,0.0,0.0,0.0,0.0,0.000658,0.000658,0.000658,0.0,0.0,0.0,0.0,0.0,0.0,0.0,0.0,0.0,0.0,0.0,0.0,0.0,0.0,0.0,0.0,0.0,0.0,0.0,0.0,0.0,0.0,0.0,0.0,0.0,0.0,0.0,0.0,0.0,0.0,0.0,0.0,0.0,0.0,0.0,0.0,0.0,0.0,0.0,0.0,0.0,0.0,0.0,0.0,0.0,0.0,0.0,0.0,0.0,0.0,0.0,0.0,0.0,0.0,0.0,0.0,0.0,0.0,0.0,0.0,0.0,0.0,0.0,0.0,0.0,0.0,0.0,0.0,0.0,0.0,0.0,0.0,0.0,0.0,0.0,0.0,0.0,0.0,0.0,0.0,0.0,0.0,0.0,0.0,0.0,0.0,0.0,0.0,0.0,0.0,0.0,0.0,0.0,11.308749,11.308749,11.308749,0.0,0.0,0.0,0.0,0.0,0.0,0.0,0.0,0.0,0.0,0.0,0.0,0.0,0.0,0.0,0.0,0.0,0.0,0.0,0.0,0.0,0.0,0.0,0.0,0.0,0.0,0.0
BBS_CA_059_INYOKERN_2018,2018-05-28,2018-06-10,0.0,0.0,0.0,0.0,0.0,0.0,0.0,0.0,0.0,0.0,0.0,0.0,0.0,0.0,0.0,0.0,0.0,0.0,0.0,0.0,0.0,0.0,0.0,0.0,0.0,0.0,0.0,0.0,0.0,0.0,0.0,0.0,0.0,0.0,0.0,0.0,0.0,0.0,0.0,0.0,0.0,0.0,0.0,0.0,0.0,0.0,0.0,0.0,0.0,0.0,0.0,0.0,0.0,0.0,0.0,0.0,0.0,0.0,0.0,0.0,0.0,0.0,0.0,0.0,0.0,0.0,0.4197,0.4197,0.4795,0.0,0.0,0.0,0.0,0.0,0.0,0.0,0.0,0.0,0.0,0.0,0.0,0.0,0.0,0.0,0.0,0.0,0.0,0.0,0.0,0.0,0.0,0.0,0.0,0.0,0.0,0.0,0.0,0.0,0.0,0.0,0.0,0.0,0.0,0.0,0.0,0.0,0.0,0.0,0.0,0.0,0.0,0.0,0.0,0.0,0.0,0.0,0.0,0.0,0.0,0.0,0.0,0.0,0.0,0.0,0.0,0.0,0.0,0.0,0.0,0.0,0.0,0.0,0.0,0.0,0.0,0.0,0.0,0.0,0.0,0.0,0.0,0.0,0.0,0.0,0.0,0.0,0.0,0.0,0.0,0.0,0.0,0.0,0.0,0.0,0.0,0.0,0.0,0.0,0.0,0.0,0.0,0.0,0.000106,0.000106,0.000121,0.0,0.0,0.0,0.0,0.0,0.0,0.0,0.0,0.0,0.0,0.0,0.0,0.0,0.0,0.0,0.0,0.0,0.0,0.0,0.0,0.0,0.0,0.0,0.0,0.0,0.0,0.0,0.0,0.0,0.0,0.0,0.0,0.0,0.0,0.0,0.0,0.0,0.0,0.0,0.0,0.0,0.0,0.0,0.0,0.0,0.0,0.0,0.0,0.0,0.0,0.0,0.0,0.0,0.0,0.0,0.0,0.0,0.0,0.0,0.0,0.0,0.0,0.0,0.0,0.0,0.0,0.0,0.0,0.0,0.0,0.0,0.0,0.0,0.0,0.0,0.0,0.0,0.0,0.0,0.0,0.0,0.0,0.0,0.0,0.0,0.0,0.0,0.0,0.0,0.0,0.0,0.0,0.0,1.824627,1.824627,2.084719,0.0,0.0,0.0,0.0,0.0,0.0,0.0,0.0,0.0,0.0,0.0,0.0,0.0,0.0,0.0,0.0,0.0,0.0,0.0,0.0,0.0,0.0,0.0,0.0,0.0,0.0,0.0
BBS_CA_059_INYOKERN_2019,2019-05-28,2019-06-10,0.0,0.0,0.0,0.0,0.0,0.0,0.0,0.0,0.0,0.0,0.0,0.0,0.0,0.0,0.0,0.0,0.0,0.0,0.0,0.0,0.0,0.0,0.0,0.0,0.0,0.0,0.0,0.0,0.0,0.0,0.0,0.0,0.0,0.0,0.0,0.0,0.0,0.0,0.0,0.0,0.0,0.0,0.0,0.0,0.0,0.0,0.0,0.0,0.0,0.0,0.0,0.0,0.0,0.0,0.0,0.0,0.0,0.0,0.0,0.0,0.0,0.0,0.0,0.0,0.0,0.0,0.3492,0.5681,0.6982,0.0,0.0,0.0,0.0,0.0,0.0,0.0,0.0,0.0,0.0,0.0,0.0,0.0,0.0,0.0,0.0,0.0,0.0,0.0,0.0,0.0,0.0,0.0,0.0,0.0,0.0,0.0,0.0,0.0,0.0,0.0,0.0,0.0,0.0,0.0,0.0,0.0,0.0,0.0,0.0,0.0,0.0,0.0,0.0,0.0,0.0,0.0,0.0,0.0,0.0,0.0,0.0,0.0,0.0,0.0,0.0,0.0,0.0,0.0,0.0,0.0,0.0,0.0,0.0,0.0,0.0,0.0,0.0,0.0,0.0,0.0,0.0,0.0,0.0,0.0,0.0,0.0,0.0,0.0,0.0,0.0,0.0,0.0,0.0,0.0,0.0,0.0,0.0,0.0,0.0,0.0,0.0,0.0,8.8e-05,0.000144,0.000177,0.0,0.0,0.0,0.0,0.0,0.0,0.0,0.0,0.0,0.0,0.0,0.0,0.0,0.0,0.0,0.0,0.0,0.0,0.0,0.0,0.0,0.0,0.0,0.0,0.0,0.0,0.0,0.0,0.0,0.0,0.0,0.0,0.0,0.0,0.0,0.0,0.0,0.0,0.0,0.0,0.0,0.0,0.0,0.0,0.0,0.0,0.0,0.0,0.0,0.0,0.0,0.0,0.0,0.0,0.0,0.0,0.0,0.0,0.0,0.0,0.0,0.0,0.0,0.0,0.0,0.0,0.0,0.0,0.0,0.0,0.0,0.0,0.0,0.0,0.0,0.0,0.0,0.0,0.0,0.0,0.0,0.0,0.0,0.0,0.0,0.0,0.0,0.0,0.0,0.0,0.0,0.0,0.0,1.518427,2.470057,3.035807,0.0,0.0,0.0,0.0,0.0,0.0,0.0,0.0,0.0,0.0,0.0,0.0,0.0,0.0,0.0,0.0,0.0,0.0,0.0,0.0,0.0,0.0,0.0,0.0,0.0,0.0,0.0
BBS_CA_059_INYOKERN_2020,2020-05-28,2020-06-10,0.0,0.0,0.0,0.0,0.0,0.0,0.0,0.0,0.0,0.0,0.0,0.0,0.0,0.0,0.0,0.0,0.0,0.0,0.0,0.0,0.0,0.0,0.0,0.0,0.0,0.0,0.0,0.0,0.0,0.0,0.0,0.0,0.0,0.0,0.0,0.0,0.0,0.0,0.0,0.0,0.0,0.0,0.0,0.0,0.0,0.0,0.0,0.0,0.0,0.0,0.0,0.0,0.0,0.0,0.0,0.0,0.0,0.0,0.0,0.0,0.0,0.0,0.0,0.0,0.0,0.0,0.003,0.1487,0.1487,0.0,0.0,0.0,0.0,0.0,0.0,0.0,0.0,0.0,0.0,0.0,0.0,0.0,0.0,0.0,0.0,0.0,0.0,0.0,0.0,0.0,0.0,0.0,0.0,0.0,0.0,0.0,0.0,0.0,0.0,0.0,0.0,0.0,0.0,0.0,0.0,0.0,0.0,0.0,0.0,0.0,0.0,0.0,0.0,0.0,0.0,0.0,0.0,0.0,0.0,0.0,0.0,0.0,0.0,0.0,0.0,0.0,0.0,0.0,0.0,0.0,0.0,0.0,0.0,0.0,0.0,0.0,0.0,0.0,0.0,0.0,0.0,0.0,0.0,0.0,0.0,0.0,0.0,0.0,0.0,0.0,0.0,0.0,0.0,0.0,0.0,0.0,0.0,0.0,0.0,0.0,0.0,0.0,2e-06,3.9e-05,3.9e-05,0.0,0.0,0.0,0.0,0.0,0.0,0.0,0.0,0.0,0.0,0.0,0.0,0.0,0.0,0.0,0.0,0.0,0.0,0.0,0.0,0.0,0.0,0.0,0.0,0.0,0.0,0.0,0.0,0.0,0.0,0.0,0.0,0.0,0.0,0.0,0.0,0.0,0.0,0.0,0.0,0.0,0.0,0.0,0.0,0.0,0.0,0.0,0.0,0.0,0.0,0.0,0.0,0.0,0.0,0.0,0.0,0.0,0.0,0.0,0.0,0.0,0.0,0.0,0.0,0.0,0.0,0.0,0.0,0.0,0.0,0.0,0.0,0.0,0.0,0.0,0.0,0.0,0.0,0.0,0.0,0.0,0.0,0.0,0.0,0.0,0.0,0.0,0.0,0.0,0.0,0.0,0.0,0.0,0.027552,0.660975,0.660975,0.0,0.0,0.0,0.0,0.0,0.0,0.0,0.0,0.0,0.0,0.0,0.0,0.0,0.0,0.0,0.0,0.0,0.0,0.0,0.0,0.0,0.0,0.0,0.0,0.0,0.0,0.0
BBS_CA_059_INYOKERN_2021,2021-05-28,2021-06-10,0.0,0.0,0.0,0.0,0.0,0.0,0.0,0.0,0.0,0.0,0.0,0.0,0.0,0.0,0.0,0.0,0.0,0.0,0.0,0.0,0.0,0.0,0.0,0.0,0.0,0.0,0.0,0.0,0.0,0.0,0.0,0.0,0.0,0.0,0.0,0.0,0.0,0.0,0.0,0.0,0.0,0.0,0.0,0.0,0.0,0.0,0.0,0.0,0.0,0.0,0.0,0.0,0.0,0.0,0.0,0.0,0.0,0.0,0.0,0.0,0.0,0.0,0.0,0.0,0.0,0.0,0.0,0.0256,0.0256,0.0,0.0,0.0,0.0,0.0,0.0,0.0,0.0,0.0,0.0,0.0,0.0,0.0,0.0,0.0,0.0,0.0,0.0,0.0,0.0,0.0,0.0,0.0,0.0,0.0,0.0,0.0,0.0,0.0,0.0,0.0,0.0,0.0,0.0,0.0,0.0,0.0,0.0,0.0,0.0,0.0,0.0,0.0,0.0,0.0,0.0,0.0,0.0,0.0,0.0,0.0,0.0,0.0,0.0,0.0,0.0,0.0,0.0,0.0,0.0,0.0,0.0,0.0,0.0,0.0,0.0,0.0,0.0,0.0,0.0,0.0,0.0,0.0,0.0,0.0,0.0,0.0,0.0,0.0,0.0,0.0,0.0,0.0,0.0,0.0,0.0,0.0,0.0,0.0,0.0,0.0,0.0,0.0,0.0,6e-06,6e-06,0.0,0.0,0.0,0.0,0.0,0.0,0.0,0.0,0.0,0.0,0.0,0.0,0.0,0.0,0.0,0.0,0.0,0.0,0.0,0.0,0.0,0.0,0.0,0.0,0.0,0.0,0.0,0.0,0.0,0.0,0.0,0.0,0.0,0.0,0.0,0.0,0.0,0.0,0.0,0.0,0.0,0.0,0.0,0.0,0.0,0.0,0.0,0.0,0.0,0.0,0.0,0.0,0.0,0.0,0.0,0.0,0.0,0.0,0.0,0.0,0.0,0.0,0.0,0.0,0.0,0.0,0.0,0.0,0.0,0.0,0.0,0.0,0.0,0.0,0.0,0.0,0.0,0.0,0.0,0.0,0.0,0.0,0.0,0.0,0.0,0.0,0.0,0.0,0.0,0.0,0.0,0.0,0.0,0.0,0.111483,0.111483,0.0,0.0,0.0,0.0,0.0,0.0,0.0,0.0,0.0,0.0,0.0,0.0,0.0,0.0,0.0,0.0,0.0,0.0,0.0,0.0,0.0,0.0,0.0,0.0,0.0,0.0,0.0
BBS_CA_059_INYOKERN_2022,2022-05-28,2022-06-10,0.0,0.0,0.0,0.0,0.0,0.0,0.0,0.0,0.0,0.0,0.0,0.0,0.0,0.0,0.0,0.0,0.0,0.0,0.0,0.0,0.0,0.0,0.0,0.0,0.0,0.0,0.0,0.0,0.0,0.0,0.0,0.0,0.0,0.0,0.0,0.0,0.0,0.0,0.0,0.0,0.0,0.0,0.0,0.0,0.0,0.0,0.0,0.0,0.0,0.0,0.0,0.0,0.0,0.0,0.0,0.0,0.0,0.0,0.0,0.0,0.0,0.0,0.0,0.0,0.0,0.0,0.2657,0.5223,0.5223,0.0,0.0,0.0,0.0,0.0,0.0,0.0,0.0,0.0,0.0,0.0,0.0,0.0,0.0,0.0,0.0,0.0,0.0,0.0,0.0,0.0,0.0,0.0,0.0,0.0,0.0,0.0,0.0,0.0,0.0,0.0,0.0,0.0,0.0,0.0,0.0,0.0,0.0,0.0,0.0,0.0,0.0,0.0,0.0,0.0,0.0,0.0,0.0,0.0,0.0,0.0,0.0,0.0,0.0,0.0,0.0,0.0,0.0,0.0,0.0,0.0,0.0,0.0,0.0,0.0,0.0,0.0,0.0,0.0,0.0,0.0,0.0,0.0,0.0,0.0,0.0,0.0,0.0,0.0,0.0,0.0,0.0,0.0,0.0,0.0,0.0,0.0,0.0,0.0,0.0,0.0,0.0,0.0,6.7e-05,0.000132,0.000132,0.0,0.0,0.0,0.0,0.0,0.0,0.0,0.0,0.0,0.0,0.0,0.0,0.0,0.0,0.0,0.0,0.0,0.0,0.0,0.0,0.0,0.0,0.0,0.0,0.0,0.0,0.0,0.0,0.0,0.0,0.0,0.0,0.0,0.0,0.0,0.0,0.0,0.0,0.0,0.0,0.0,0.0,0.0,0.0,0.0,0.0,0.0,0.0,0.0,0.0,0.0,0.0,0.0,0.0,0.0,0.0,0.0,0.0,0.0,0.0,0.0,0.0,0.0,0.0,0.0,0.0,0.0,0.0,0.0,0.0,0.0,0.0,0.0,0.0,0.0,0.0,0.0,0.0,0.0,0.0,0.0,0.0,0.0,0.0,0.0,0.0,0.0,0.0,0.0,0.0,0.0,0.0,0.0,1.155281,2.271068,2.271068,0.0,0.0,0.0,0.0,0.0,0.0,0.0,0.0,0.0,0.0,0.0,0.0,0.0,0.0,0.0,0.0,0.0,0.0,0.0,0.0,0.0,0.0,0.0,0.0,0.0,0.0,0.0
BBS_CA_059_INYOKERN_2023,2023-05-28,2023-06-10,0.0,0.0,0.0,0.0,0.0,0.0,0.0,0.0,0.0,0.0,0.0,0.0,0.0,0.0,0.0,0.0,0.0,0.0,0.0,0.0,0.0,0.0,0.0,0.0,0.0,0.0,0.0,0.0,0.0,0.0,0.0,0.0,0.0,0.0,0.0,0.0,0.0,0.0,0.0,0.0,0.0,0.0,0.0,0.0,0.0,0.0,0.0,0.0,0.0,0.0,0.0,0.0,0.0,0.0,0.0,0.0,0.0,0.0,0.0,0.0,0.0,0.0,0.0,0.0,0.0,0.0,0.1197,0.1197,0.1197,0.0,0.0,0.0,0.0,0.0,0.0,0.0,0.0,0.0,0.0,0.0,0.0,0.0,0.0,0.0,0.0,0.0,0.0,0.0,0.0,0.0,0.0,0.0,0.0,0.0,0.0,0.0,0.0,0.0,0.0,0.0,0.0,0.0,0.0,0.0,0.0,0.0,0.0,0.0,0.0,0.0,0.0,0.0,0.0,0.0,0.0,0.0,0.0,0.0,0.0,0.0,0.0,0.0,0.0,0.0,0.0,0.0,0.0,0.0,0.0,0.0,0.0,0.0,0.0,0.0,0.0,0.0,0.0,0.0,0.0,0.0,0.0,0.0,0.0,0.0,0.0,0.0,0.0,0.0,0.0,0.0,0.0,0.0,0.0,0.0,0.0,0.0,0.0,0.0,0.0,0.0,0.0,0.0,3e-05,3e-05,3e-05,0.0,0.0,0.0,0.0,0.0,0.0,0.0,0.0,0.0,0.0,0.0,0.0,0.0,0.0,0.0,0.0,0.0,0.0,0.0,0.0,0.0,0.0,0.0,0.0,0.0,0.0,0.0,0.0,0.0,0.0,0.0,0.0,0.0,0.0,0.0,0.0,0.0,0.0,0.0,0.0,0.0,0.0,0.0,0.0,0.0,0.0,0.0,0.0,0.0,0.0,0.0,0.0,0.0,0.0,0.0,0.0,0.0,0.0,0.0,0.0,0.0,0.0,0.0,0.0,0.0,0.0,0.0,0.0,0.0,0.0,0.0,0.0,0.0,0.0,0.0,0.0,0.0,0.0,0.0,0.0,0.0,0.0,0.0,0.0,0.0,0.0,0.0,0.0,0.0,0.0,0.0,0.0,0.0,0.520333,0.520333,0.520333,0.0,0.0,0.0,0.0,0.0,0.0,0.0,0.0,0.0,0.0,0.0,0.0,0.0,0.0,0.0,0.0,0.0,0.0,0.0,0.0,0.0,0.0,0.0,0.0,0.0,0.0,0.0
BBS_CA_080_ORLAND_2015,2015-05-28,2015-06-10,0.0,0.0,0.0,0.0,0.0,0.0,0.0,0.0,0.0,0.0,0.0,0.0,0.0,0.0,0.0,0.0,0.0,0.0,0.0,0.0,0.0,0.0,0.0,0.0,0.0,0.0,0.0,0.0,0.0,0.0,0.0,0.0,0.0,0.0,0.0,0.0,0.0,0.0,0.0,0.0,0.0,0.0,0.0,10.1003,42.7486,0.0,0.0,0.0,0.0,0.0,0.0,0.0,0.0,0.0,0.0,0.0,0.0,0.0,0.0,0.0,0.0,0.0,0.0,0.0,0.0,0.0,3.733,12.3485,15.7706,0.0,0.0,0.0,0.0,0.0,0.0,0.0,0.0,0.0,0.0,0.0,0.0,0.0,0.0,0.0,0.0004,0.0004,0.0004,0.0059,0.0059,0.0059,0.9641,0.9641,0.9681,0.0,0.0,0.0,0.0,0.0,0.0,0.0,0.0,0.0,0.0,0.0,0.0,0.0,0.0,0.0,0.0,0.0,0.0,0.0,0.0,0.0,0.0,0.0,0.0,0.0,0.0,0.0,0.0,0.0,0.0,0.0,0.0,0.0,0.0,0.0,0.0,0.0,0.0,0.0,0.0,0.0,0.0,0.0,0.0,0.0,0.0,0.257662,0.348604,0.0,0.0,0.0,0.0,0.0,0.0,0.0,0.0,0.0,0.0,0.0,0.0,0.0,0.0,0.0,0.0,0.0,0.0,0.0,0.0,0.0,0.001475,0.006736,0.00709,0.0,0.0,0.0,0.0,0.0,0.0,0.0,0.0,0.0,0.0,0.0,0.0,0.0,0.0,0.0,0.0,0.0,0.0,3e-06,3e-06,3e-06,0.000433,0.000433,0.000435,0.0,0.0,0.0,0.0,0.0,0.0,0.0,0.0,0.0,0.0,0.0,0.0,0.0,0.0,0.0,0.0,0.0,0.0,0.0,0.0,0.0,0.0,0.0,0.0,0.0,0.0,0.0,0.0,0.0,0.0,0.0,0.0,0.0,0.0,0.0,0.0,0.0,0.0,0.0,0.0,0.0,0.0,0.0,0.0,0.0,0.0,101.003448,147.643827,0.0,0.0,0.0,0.0,0.0,0.0,0.0,0.0,0.0,0.0,0.0,0.0,0.0,0.0,0.0,0.0,0.0,0.0,0.0,0.0,0.0,20.327423,85.666298,91.458103,0.0,0.0,0.0,0.0,0.0,0.0,0.0,0.0,0.0,0.0,0.0,0.0,0.0,0.0,0.0,0.0,0.0,0.0,6e-06,6e-06,6e-06,0.003968,0.003968,0.003972,0.0,0.0,0.0
BBS_CA_080_ORLAND_2016,2016-05-28,2016-06-10,0.0,0.0,0.0,0.0,0.0,0.0,5.206,5.206,5.206,0.0,0.0,0.0,0.0,0.0,0.0,0.0,0.0,0.0,1.1839,1.6452,1.6452,0.0,0.0,0.0,0.0,0.0,0.0,0.0,0.0,0.0,0.0,0.0,0.0,0.0,0.0,0.0,0.0,0.0,0.0,0.0,0.0,0.0,0.0,8.5941,8.5941,0.0,0.0,0.0,0.0,0.0,0.0,0.0,0.0,0.0,0.0,0.0,0.0,0.0,0.0,0.0,0.0,0.0,0.0,0.0,0.0,0.0,10.3831,13.0527,14.0789,0.0,0.0,0.0,0.0,0.0,0.0,0.0,0.0,0.0,0.0,0.0,0.0,0.0,0.0,0.0,0.004,0.0041,0.0041,0.0077,0.0114,0.0114,0.0116,0.0447,0.0447,0.0013,0.0013,0.0013,0.0,0.0,0.0,0.0,0.0,0.0,0.002603,0.002603,0.002603,0.0,0.0,0.0,0.0,0.0,0.0,0.0,0.0,0.0,0.000526,0.000731,0.000731,0.0,0.0,0.0,0.0,0.0,0.0,0.0,0.0,0.0,0.0,0.0,0.0,0.0,0.0,0.0,0.0,0.0,0.0,0.0,0.0,0.0,0.0,0.219237,0.219237,0.0,0.0,0.0,0.0,0.0,0.0,0.0,0.0,0.0,0.0,0.0,0.0,0.0,0.0,0.0,0.0,0.0,0.0,0.0,0.0,0.0,0.006309,0.008087,0.008346,0.0,0.0,0.0,0.0,0.0,0.0,0.0,0.0,0.0,0.0,0.0,0.0,0.0,0.0,0.0,2e-06,2e-06,2e-06,4e-06,6e-06,6e-06,6e-06,2.2e-05,2.2e-05,1e-06,1e-06,1e-06,0.0,0.0,0.0,0.0,0.0,0.0,0.696919,0.696919,0.696919,0.0,0.0,0.0,0.0,0.0,0.0,0.0,0.0,0.0,0.102063,0.14183,0.14183,0.0,0.0,0.0,0.0,0.0,0.0,0.0,0.0,0.0,0.0,0.0,0.0,0.0,0.0,0.0,0.0,0.0,0.0,0.0,0.0,0.0,0.0,85.94098,85.94098,0.0,0.0,0.0,0.0,0.0,0.0,0.0,0.0,0.0,0.0,0.0,0.0,0.0,0.0,0.0,0.0,0.0,0.0,0.0,0.0,0.0,81.024208,91.237684,95.699545,0.0,0.0,0.0,0.0,0.0,0.0,0.0,0.0,0.0,0.0,0.0,0.0,0.0,0.0,0.0,4e-06,4e-06,4e-06,8e-06,1.1e-05,1.1e-05,1.2e-05,4.5e-05,4.5e-05,1e-06,1e-06,1e-06
BBS_CA_080_ORLAND_2017,2017-05-28,2017-06-10,0.0,0.0,0.0,0.0,0.0,0.0,3.9045,3.9045,3.9045,0.0,0.0,0.0,0.0,0.0,0.0,0.0,0.0,0.0,1.1839,1.1839,1.1839,0.0,0.0,0.0,0.0,0.0,0.0,0.0,0.0,0.0,0.0,0.0,0.0,0.0,0.0,0.0,0.0,0.0,0.0,0.0,0.0,0.0,0.0,39.3817,47.9758,0.0,0.0,0.0,0.0,0.0,0.0,0.0,0.0,0.0,0.0,0.0,0.0,0.0,0.0,0.0,0.0,0.0,0.0,0.0,0.0,0.0,0.6861,6.1687,8.6721,0.0,0.0,0.0,0.0,0.0,0.0,0.0,0.0,0.0,0.0,0.0,0.0,0.0,0.0,0.0,0.0,0.0,0.0,0.0,0.0,0.0,0.0015,0.0015,0.1029,0.0,0.0,0.0,0.0,0.0,0.0,0.0,0.0,0.0,0.001952,0.001952,0.001952,0.0,0.0,0.0,0.0,0.0,0.0,0.0,0.0,0.0,0.000526,0.000526,0.000526,0.0,0.0,0.0,0.0,0.0,0.0,0.0,0.0,0.0,0.0,0.0,0.0,0.0,0.0,0.0,0.0,0.0,0.0,0.0,0.0,0.0,0.0,0.232558,0.451795,0.0,0.0,0.0,0.0,0.0,0.0,0.0,0.0,0.0,0.0,0.0,0.0,0.0,0.0,0.0,0.0,0.0,0.0,0.0,0.0,0.0,0.000509,0.001727,0.002984,0.0,0.0,0.0,0.0,0.0,0.0,0.0,0.0,0.0,0.0,0.0,0.0,0.0,0.0,0.0,0.0,0.0,0.0,0.0,0.0,0.0,1e-06,1e-06,4.6e-05,0.0,0.0,0.0,0.0,0.0,0.0,0.0,0.0,0.0,0.522688,0.522688,0.522688,0.0,0.0,0.0,0.0,0.0,0.0,0.0,0.0,0.0,0.102063,0.102063,0.102063,0.0,0.0,0.0,0.0,0.0,0.0,0.0,0.0,0.0,0.0,0.0,0.0,0.0,0.0,0.0,0.0,0.0,0.0,0.0,0.0,0.0,0.0,102.600331,188.541311,0.0,0.0,0.0,0.0,0.0,0.0,0.0,0.0,0.0,0.0,0.0,0.0,0.0,0.0,0.0,0.0,0.0,0.0,0.0,0.0,0.0,3.629793,23.745494,44.415606,0.0,0.0,0.0,0.0,0.0,0.0,0.0,0.0,0.0,0.0,0.0,0.0,0.0,0.0,0.0,0.0,0.0,0.0,0.0,0.0,0.0,1e-06,1e-06,0.000446,0.0,0.0,0.0
BBS_CA_080_ORLAND_2018,2018-05-28,2018-06-10,0.0,0.0,0.0,0.0,0.0,0.0,0.0,0.0,0.0,0.0,0.0,0.0,0.0,0.0,0.0,0.0,0.0,0.0,3.028,3.028,3.028,0.0,0.0,0.0,0.0,0.0,0.0,0.0,0.0,0.0,0.0,0.0,0.0,0.0,0.0,0.0,0.0,0.0,0.0,0.0,0.0,0.0,0.0,14.7879,14.7879,0.0,0.0,0.0,0.0,0.0,0.0,0.0,0.0,0.0,0.0,0.0,0.0,0.0,0.0,0.0,0.0,0.0,0.0,3.4065,3.4065,3.4065,111.7271,112.7105,113.2315,0.0,0.0,0.0,0.0,0.0,0.0,0.0,0.0,0.0,182.359,182.359,182.359,0.0,0.0,0.0,0.0,0.0,0.0,0.0,0.0,0.0,0.0079,0.0079,0.0079,0.0,0.0,0.0,0.0,0.0,0.0,0.0,0.0,0.0,0.0,0.0,0.0,0.0,0.0,0.0,0.0,0.0,0.0,0.0,0.0,0.0,0.001346,0.001346,0.001346,0.0,0.0,0.0,0.0,0.0,0.0,0.0,0.0,0.0,0.0,0.0,0.0,0.0,0.0,0.0,0.0,0.0,0.0,0.0,0.0,0.0,0.0,0.377242,0.377242,0.0,0.0,0.0,0.0,0.0,0.0,0.0,0.0,0.0,0.0,0.0,0.0,0.0,0.0,0.0,0.0,0.0,0.0,0.001957,0.001957,0.001957,0.058343,0.058645,0.058906,0.0,0.0,0.0,0.0,0.0,0.0,0.0,0.0,0.0,5.882549,5.882549,5.882549,0.0,0.0,0.0,0.0,0.0,0.0,0.0,0.0,0.0,4e-06,4e-06,4e-06,0.0,0.0,0.0,0.0,0.0,0.0,0.0,0.0,0.0,0.0,0.0,0.0,0.0,0.0,0.0,0.0,0.0,0.0,0.0,0.0,0.0,0.151402,0.151402,0.151402,0.0,0.0,0.0,0.0,0.0,0.0,0.0,0.0,0.0,0.0,0.0,0.0,0.0,0.0,0.0,0.0,0.0,0.0,0.0,0.0,0.0,0.0,147.878785,147.878785,0.0,0.0,0.0,0.0,0.0,0.0,0.0,0.0,0.0,0.0,0.0,0.0,0.0,0.0,0.0,8.6e-05,8.6e-05,8.6e-05,24.132125,24.132125,24.132125,452.70496,457.815521,459.611836,0.0,0.0,0.0,0.0,0.0,0.0,0.0,0.0,0.0,0.002145,0.002145,0.002145,0.0,0.0,0.0,0.0,0.0,0.0,0.0,0.0,0.0,8e-06,8e-06,8e-06,0.0,0.0,0.0
BBS_CA_080_ORLAND_2019,2019-05-28,2019-06-10,0.0,0.0,0.0,0.0,0.0,0.0,0.0,0.0,0.0,0.0,0.0,0.0,0.0,0.0,0.0,0.0,0.0,0.0,0.0,0.0,0.0,0.0,0.0,0.0,0.0,0.0,0.0,0.0,0.0,0.0,0.0,0.0,0.0,0.0,0.0,0.0,0.0,0.0,0.0,0.0,0.0,0.0,0.0,10.9948,10.9948,0.0,0.0,0.0,0.0,0.0,0.0,0.0,0.0,0.0,0.0,0.0,0.0,0.0,0.0,0.0,0.0,0.0,0.0,2.9872,4.8141,4.8141,24.7697,29.7772,29.7772,0.0,0.0,0.0,0.0,0.0,0.0,0.0,0.0,0.0,0.0,0.0,0.0,0.0,0.0,0.0,0.0,0.0,0.0,0.0,0.0,0.0,0.0,0.0,0.0,0.0,0.0,0.0,0.0,0.0,0.0,0.0,0.0,0.0,0.0,0.0,0.0,0.0,0.0,0.0,0.0,0.0,0.0,0.0,0.0,0.0,0.0,0.0,0.0,0.0,0.0,0.0,0.0,0.0,0.0,0.0,0.0,0.0,0.0,0.0,0.0,0.0,0.0,0.0,0.0,0.0,0.0,0.0,0.0,0.0,0.0,0.030626,0.030626,0.0,0.0,0.0,0.0,0.0,0.0,0.0,0.0,0.0,0.0,0.0,0.0,0.0,0.0,0.0,0.0,0.0,0.0,0.001669,0.002684,0.002684,0.017214,0.019996,0.019996,0.0,0.0,0.0,0.0,0.0,0.0,0.0,0.0,0.0,0.0,0.0,0.0,0.0,0.0,0.0,0.0,0.0,0.0,0.0,0.0,0.0,0.0,0.0,0.0,0.0,0.0,0.0,0.0,0.0,0.0,0.0,0.0,0.0,0.0,0.0,0.0,0.0,0.0,0.0,0.0,0.0,0.0,0.0,0.0,0.0,0.0,0.0,0.0,0.0,0.0,0.0,0.0,0.0,0.0,0.0,0.0,0.0,0.0,0.0,0.0,0.0,0.0,0.0,0.0,0.0,0.0,0.0,0.0,0.0,0.0,15.706824,15.706824,0.0,0.0,0.0,0.0,0.0,0.0,0.0,0.0,0.0,0.0,0.0,0.0,0.0,0.0,0.0,7.8e-05,0.000137,0.000137,21.758475,38.366488,38.366488,121.054475,166.57766,166.57766,0.0,0.0,0.0,0.0,0.0,0.0,0.0,0.0,0.0,0.0,0.0,0.0,0.0,0.0,0.0,0.0,0.0,0.0,0.0,0.0,0.0,0.0,0.0,0.0,0.0,0.0,0.0
BBS_CA_080_ORLAND_2020,2020-05-28,2020-06-10,0.0,0.0,0.0,0.0,0.0,0.0,0.0,0.0,0.0,0.0,0.0,0.0,0.0,0.0,0.0,0.0,0.0,0.0,0.0,0.0,0.0,0.0,0.0,0.0,0.0,0.0,0.0,0.0,0.0,0.0,0.0,0.0,0.0,0.0,0.0,0.0,0.0,0.0,0.0,0.0,0.0,0.0,0.0452,0.0452,49.0366,0.0,0.0,0.0,0.0,0.0,0.0,0.0,0.0,0.0,3.6,3.6,3.6,0.0,0.0,0.0,0.0,0.0,0.0,2.5518,4.9822,4.9822,19.3432,54.5417,55.5221,0.0,0.0,0.0,0.0,0.0,0.0,0.0,0.0,0.0,0.0,0.0,0.0,0.0,0.0,0.0,0.0,0.0,0.0,0.0,0.0,0.0,0.0,0.0,0.0,0.0,0.0,0.0,0.0,0.0,0.0,0.0,0.0,0.0,0.0,0.0,0.0,0.0,0.0,0.0,0.0,0.0,0.0,0.0,0.0,0.0,0.0,0.0,0.0,0.0,0.0,0.0,0.0,0.0,0.0,0.0,0.0,0.0,0.0,0.0,0.0,0.0,0.0,0.0,0.0,0.0,0.0,0.0,0.0,0.0,0.004301,0.004301,0.140768,0.0,0.0,0.0,0.0,0.0,0.0,0.0,0.0,0.0,0.036735,0.036735,0.036735,0.0,0.0,0.0,0.0,0.0,0.0,0.001198,0.002673,0.002673,0.010926,0.036424,0.036672,0.0,0.0,0.0,0.0,0.0,0.0,0.0,0.0,0.0,0.0,0.0,0.0,0.0,0.0,0.0,0.0,0.0,0.0,0.0,0.0,0.0,0.0,0.0,0.0,0.0,0.0,0.0,0.0,0.0,0.0,0.0,0.0,0.0,0.0,0.0,0.0,0.0,0.0,0.0,0.0,0.0,0.0,0.0,0.0,0.0,0.0,0.0,0.0,0.0,0.0,0.0,0.0,0.0,0.0,0.0,0.0,0.0,0.0,0.0,0.0,0.0,0.0,0.0,0.0,0.0,0.0,0.0,0.0,0.0,2.3e-05,2.3e-05,69.987848,0.0,0.0,0.0,0.0,0.0,0.0,0.0,0.0,0.0,7.2e-05,7.2e-05,7.2e-05,0.0,0.0,0.0,7.1e-05,0.000138,0.000138,19.745017,38.571731,38.571731,145.965781,311.007625,315.270376,0.0,0.0,0.0,0.0,0.0,0.0,0.0,0.0,0.0,0.0,0.0,0.0,0.0,0.0,0.0,0.0,0.0,0.0,0.0,0.0,0.0,0.0,0.0,0.0,0.0,0.0,0.0
BBS_CA_080_ORLAND_2021,2021-05-28,2021-06-10,0.0,0.0,0.0,0.0,0.0,0.0,0.0,0.0,0.0,0.0,0.0,0.0,0.0,0.0,0.0,0.0,0.0,0.0,0.0,0.0,0.0,0.0,0.0,0.0,0.0,0.0,0.0,0.0,0.0,0.0,0.0,0.0,0.0,0.0,0.0,0.0,0.0,0.0,0.0,0.0,0.0,0.0,0.0,10.492,107.1473,0.0,0.0,0.0,0.0,0.0,0.0,0.0,0.0,0.0,0.0,0.0,0.0,0.0,0.0,0.0,0.0,0.0,0.0,2.6009,4.8212,4.8212,12.6211,47.1938,49.1047,0.0,0.0,0.0,0.0,0.0,0.0,0.0,0.0,0.0,1.7325,1.7325,1.7325,0.0,0.0,0.0,0.0,0.0,0.0,0.0,0.0,0.0,0.0,0.0,0.0,0.0,0.0,0.0,0.0,0.0,0.0,0.0,0.0,0.0,0.0,0.0,0.0,0.0,0.0,0.0,0.0,0.0,0.0,0.0,0.0,0.0,0.0,0.0,0.0,0.0,0.0,0.0,0.0,0.0,0.0,0.0,0.0,0.0,0.0,0.0,0.0,0.0,0.0,0.0,0.0,0.0,0.0,0.0,0.0,0.0,0.0,0.029226,0.29846,0.0,0.0,0.0,0.0,0.0,0.0,0.0,0.0,0.0,0.0,0.0,0.0,0.0,0.0,0.0,0.0,0.0,0.0,0.001205,0.002314,0.002314,0.00681,0.031012,0.031495,0.0,0.0,0.0,0.0,0.0,0.0,0.0,0.0,0.0,0.055886,0.055886,0.055886,0.0,0.0,0.0,0.0,0.0,0.0,0.0,0.0,0.0,0.0,0.0,0.0,0.0,0.0,0.0,0.0,0.0,0.0,0.0,0.0,0.0,0.0,0.0,0.0,0.0,0.0,0.0,0.0,0.0,0.0,0.0,0.0,0.0,0.0,0.0,0.0,0.0,0.0,0.0,0.0,0.0,0.0,0.0,0.0,0.0,0.0,0.0,0.0,0.0,0.0,0.0,0.0,0.0,0.0,0.0,0.0,0.0,0.0,14.988532,153.06754,0.0,0.0,0.0,0.0,0.0,0.0,0.0,0.0,0.0,0.0,0.0,0.0,0.0,0.0,0.0,7.1e-05,0.000136,0.000136,19.882705,38.111209,38.111209,75.69998,231.866417,240.174424,0.0,0.0,0.0,0.0,0.0,0.0,0.0,0.0,0.0,2e-05,2e-05,2e-05,0.0,0.0,0.0,0.0,0.0,0.0,0.0,0.0,0.0,0.0,0.0,0.0,0.0,0.0,0.0
BBS_CA_080_ORLAND_2022,2022-05-28,2022-06-10,0.0,0.0,0.0,0.0,0.0,0.0,0.0,0.0,0.0,0.0,0.0,0.0,0.0,0.0,0.0,0.0,0.0,0.0,0.0,0.0,0.0,0.0,0.0,0.0,0.0,0.0,0.0,0.0,0.0,0.0,0.0,0.0,0.0,0.0,0.0,0.0,0.0,0.0,0.0,0.0,0.0,0.0,0.0,30.4397,141.3822,0.0,0.0,0.0,0.0,0.0,0.0,0.0,0.0,0.0,0.0,0.0,0.0,0.0,0.0,0.0,0.0,0.0,0.0,0.0,2.4238,2.4238,0.0,9.1432,12.0142,0.0,0.0,0.0,0.0,0.0,0.0,0.0,0.0,0.0,0.0,0.0,0.0,0.0,0.0,0.0,0.0,0.0,0.0,0.0,0.0,0.0,0.0,0.0,0.0,0.0,0.0,0.0,0.0,0.0,0.0,0.0,0.0,0.0,0.0,0.0,0.0,0.0,0.0,0.0,0.0,0.0,0.0,0.0,0.0,0.0,0.0,0.0,0.0,0.0,0.0,0.0,0.0,0.0,0.0,0.0,0.0,0.0,0.0,0.0,0.0,0.0,0.0,0.0,0.0,0.0,0.0,0.0,0.0,0.0,0.0,0.088966,0.397998,0.0,0.0,0.0,0.0,0.0,0.0,0.0,0.0,0.0,0.0,0.0,0.0,0.0,0.0,0.0,0.0,0.0,0.0,0.0,0.000247,0.000247,0.0,0.001886,0.002613,0.0,0.0,0.0,0.0,0.0,0.0,0.0,0.0,0.0,0.0,0.0,0.0,0.0,0.0,0.0,0.0,0.0,0.0,0.0,0.0,0.0,0.0,0.0,0.0,0.0,0.0,0.0,0.0,0.0,0.0,0.0,0.0,0.0,0.0,0.0,0.0,0.0,0.0,0.0,0.0,0.0,0.0,0.0,0.0,0.0,0.0,0.0,0.0,0.0,0.0,0.0,0.0,0.0,0.0,0.0,0.0,0.0,0.0,0.0,0.0,0.0,0.0,0.0,0.0,0.0,0.0,0.0,0.0,0.0,0.0,43.420809,201.910143,0.0,0.0,0.0,0.0,0.0,0.0,0.0,0.0,0.0,0.0,0.0,0.0,0.0,0.0,0.0,0.0,1.4e-05,1.4e-05,0.0,4.039744,4.039744,0.0,21.211948,33.694634,0.0,0.0,0.0,0.0,0.0,0.0,0.0,0.0,0.0,0.0,0.0,0.0,0.0,0.0,0.0,0.0,0.0,0.0,0.0,0.0,0.0,0.0,0.0,0.0,0.0,0.0,0.0
BBS_CA_080_ORLAND_2023,2023-05-28,2023-06-10,0.0,0.0,0.0,0.0,0.0,0.0,0.0,0.0,0.0,0.0,0.0,0.0,0.0,0.0,0.0,0.0,0.0,0.0,0.0,0.0,0.0,0.0,0.0,0.0,0.0,0.0,0.0,0.0,0.0,0.0,0.0,3.3199,3.3199,0.0,0.0,0.0,0.0,0.0,0.0,0.0,0.0,0.0,0.0,60.7891,60.7891,0.0,0.0,0.0,0.0,0.0,0.0,0.0,0.0,0.0,0.0,0.0,0.0,0.0,0.0,0.0,0.0,0.0,0.0,0.2766,0.2766,0.2766,6.7109,11.3786,11.3786,0.0,0.0,0.0,0.0,0.0,0.0,0.0,0.0,0.0,0.0,0.0,0.0,0.0,0.0,0.0,0.0,0.0,0.0,0.0,0.0,0.0,0.0,0.0,0.0,0.0,0.0,0.0,0.0,0.0,0.0,0.0,0.0,0.0,0.0,0.0,0.0,0.0,0.0,0.0,0.0,0.0,0.0,0.0,0.0,0.0,0.0,0.0,0.0,0.0,0.0,0.0,0.0,0.0,0.0,0.0,0.0,0.0,0.0,0.01431,0.01431,0.0,0.0,0.0,0.0,0.0,0.0,0.0,0.0,0.0,0.0,0.169329,0.169329,0.0,0.0,0.0,0.0,0.0,0.0,0.0,0.0,0.0,0.0,0.0,0.0,0.0,0.0,0.0,0.0,0.0,0.0,0.000211,0.000211,0.000211,0.003036,0.004218,0.004218,0.0,0.0,0.0,0.0,0.0,0.0,0.0,0.0,0.0,0.0,0.0,0.0,0.0,0.0,0.0,0.0,0.0,0.0,0.0,0.0,0.0,0.0,0.0,0.0,0.0,0.0,0.0,0.0,0.0,0.0,0.0,0.0,0.0,0.0,0.0,0.0,0.0,0.0,0.0,0.0,0.0,0.0,0.0,0.0,0.0,0.0,0.0,0.0,0.0,0.0,0.0,0.0,0.0,0.0,0.0,0.0,0.0,0.0,4.3e-05,4.3e-05,0.0,0.0,0.0,0.0,0.0,0.0,0.0,0.0,0.0,0.0,86.841572,86.841572,0.0,0.0,0.0,0.0,0.0,0.0,0.0,0.0,0.0,0.0,0.0,0.0,0.0,0.0,0.0,4e-06,4e-06,4e-06,1.024587,1.024587,1.024587,28.768391,49.062863,49.062863,0.0,0.0,0.0,0.0,0.0,0.0,0.0,0.0,0.0,0.0,0.0,0.0,0.0,0.0,0.0,0.0,0.0,0.0,0.0,0.0,0.0,0.0,0.0,0.0,0.0,0.0,0.0
BBS_CA_089_NILAND_2015,2015-05-28,2015-06-10,0.0,0.0,0.0,0.0,0.0,0.0,13.996,13.996,22.1818,0.0,0.0,0.0,0.0,0.0819,0.0819,0.0,2.0414,2.0414,0.0,3.5933,3.5933,0.0,0.0,0.0,0.0,0.0,0.0,0.0,0.0,0.0,0.0,0.0,0.0,0.0,0.0,0.0,0.0,0.0,18.8665,0.0,0.0,34.5596,0.0,713.0926,747.6523,0.0,0.0,5.2395,0.0,0.0,0.0,0.0,0.0,0.0,0.0,0.0,0.0,0.0,0.0,0.0,0.0991,0.0991,1.262,2.4681,2.4681,5.2289,5.5491,5.5491,10.6722,0.0,0.0,0.323,0.0,0.0,0.0,0.0,0.0,0.0,0.0,0.0,0.0,0.0,0.0,0.0,0.0,0.0,3.4025,0.0,0.0,11.8993,0.0,0.0,47.4977,0.0,0.0,0.888,0.0,0.0,0.0,0.0,0.0,0.0,0.578349,0.578349,0.916602,0.0,0.0,0.0,0.0,3.6e-05,3.6e-05,0.0,0.000907,0.000907,0.0,0.001597,0.001597,0.0,0.0,0.0,0.0,0.0,0.0,0.0,0.0,0.0,0.0,0.0,0.0,0.0,0.0,0.0,0.0,0.0,1.796806,0.0,0.0,3.291392,0.0,18.191139,21.482531,0.0,0.0,0.498996,0.0,0.0,0.0,0.0,0.0,0.0,0.0,0.0,0.0,0.0,0.0,0.0,5e-05,5e-05,0.000344,0.001234,0.001234,0.001933,0.00309,0.00309,0.004387,0.0,0.0,8.2e-05,0.0,0.0,0.0,0.0,0.0,0.0,0.0,0.0,0.0,0.0,0.0,0.0,0.0,0.0,0.001512,0.0,0.0,0.005289,0.0,0.0,0.021286,0.0,0.0,0.000395,0.0,0.0,0.0,0.0,0.0,0.0,1.841584,1.841584,2.918655,0.0,0.0,0.0,0.0,0.004097,0.004097,0.0,0.102069,0.102069,0.0,0.179664,0.179664,0.0,0.0,0.0,0.0,0.0,0.0,0.0,0.0,0.0,0.0,0.0,0.0,0.0,0.0,0.0,0.0,0.0,0.009433,0.0,0.0,0.01728,0.0,7130.926446,7130.943726,0.0,0.0,0.00262,0.0,0.0,0.0,0.0,0.0,0.0,0.0,0.0,0.0,0.0,0.0,0.0,0.341649,0.341649,5.397741,8.510666,8.510666,20.514076,19.442629,19.442629,41.716695,0.0,0.0,1.404142,0.0,0.0,0.0,0.0,0.0,0.0,0.0,0.0,0.0,0.0,0.0,0.0,0.0,0.0,0.014923,0.0,0.0,0.05219,0.0,0.0,0.197616,0.0,0.0,0.003895
BBS_CA_089_NILAND_2016,2016-05-28,2016-06-10,0.0,0.0,0.0,1.1476,1.1476,1.1476,126.0,126.0,126.0,0.0,0.0,0.0,0.0,0.0,0.0,0.0,0.0,0.0,11.2303,11.2303,11.2303,0.0,0.0,0.0,0.0,0.4231,0.4231,0.0,7.0706,8.4766,0.0,11.6782,18.3514,0.0,0.0,0.0,0.0,0.0,20.8867,0.0,0.0,68.3238,0.0,0.0,112.2489,0.0,0.0,5.2395,0.0,0.0,0.0,0.0,0.0,0.0,0.0,0.0,0.0,0.0,0.0,0.0,0.0,1.8702,3.4659,0.0,3.4258,13.4748,0.0,7.4013,38.2509,0.0,0.5194,0.8341,0.0,3.2837,3.2837,0.1214,6.1364,6.1364,12.0855,24.4385,24.4385,0.0,0.9119,0.9119,0.0,0.0,4.1584,0.0,0.1984,15.5052,0.0,56.6671,87.3701,0.0,0.0,1.0658,0.0,0.0,0.0,0.047423,0.047423,0.047423,5.206612,5.206612,5.206612,0.0,0.0,0.0,0.0,0.0,0.0,0.0,0.0,0.0,0.005615,0.005615,0.005615,0.0,0.0,0.0,0.0,0.001824,0.001824,0.0,0.030477,0.036537,0.0,0.050337,0.079101,0.0,0.0,0.0,0.0,0.0,1.989206,0.0,0.0,6.50703,0.0,0.0,10.690369,0.0,0.0,0.498996,0.0,0.0,0.0,0.0,0.0,0.0,0.0,0.0,0.0,0.0,0.0,0.0,0.0,0.000935,0.001549,0.0,0.001713,0.003565,0.0,0.003701,0.007675,0.0,0.00026,0.000417,0.0,0.005701,0.005701,0.000211,0.010653,0.010653,0.020982,0.042428,0.042428,0.0,0.001583,0.001583,0.0,0.0,0.001848,0.0,8.8e-05,0.006891,0.0,0.025185,0.039188,0.0,0.0,0.000474,0.0,0.0,0.0,0.151005,0.151005,0.151005,16.578947,16.578947,16.578947,0.0,0.0,0.0,0.0,0.0,0.0,0.0,0.0,0.0,0.187171,0.187171,0.187171,0.0,0.0,0.0,0.0,5e-06,5e-06,0.0,9.1e-05,0.000109,0.0,0.00015,0.000236,0.0,0.0,0.0,0.0,0.0,0.010443,0.0,0.0,0.034162,0.0,0.0,0.056124,0.0,0.0,0.00262,0.0,0.0,0.0,0.0,0.0,0.0,0.0,0.0,0.0,0.0,0.0,0.0,0.0,11.688716,19.543139,0.0,21.411406,47.675884,0.0,35.119827,96.05199,0.0,3.246107,5.213437,0.0,3.3e-05,3.3e-05,1e-06,6.1e-05,6.1e-05,0.000121,0.000244,0.000244,0.0,9e-06,9e-06,0.0,0.0,0.018239,0.0,0.00087,0.068005,0.0,0.24854,0.361482,0.0,0.0,0.004675
BBS_CA_089_NILAND_2017,2017-05-28,2017-06-10,0.0,0.0,0.0,0.0,0.0,0.0,0.0,0.0,0.0,0.0,0.0,0.0,0.0,0.0,0.0,0.0,0.0,0.0,0.0,0.0,0.0,0.0,0.0,0.0,0.3626,0.3626,0.3626,6.0605,6.0605,8.1696,24.3654,24.3654,41.0485,0.0,0.0,0.0,0.0,0.0,2.5269,0.0,0.0,42.1052,0.0,0.0,128.7306,0.0,0.0,0.0,0.0,0.0,0.0,0.0,0.0,0.0,0.0,0.0,0.0,0.0,0.0,0.0,0.0,0.0,0.0,0.0,2.3119,4.4243,0.0,13.4678,46.154,0.0,0.0,0.0,0.0,0.0,0.0,0.0,0.0,0.0,0.0,0.0,0.0,0.0,0.0,0.0,0.0,0.0,4.9586,0.0,0.0,16.1708,0.0,0.0,75.7488,0.0,0.0,1.2947,0.0,0.0,0.0,0.0,0.0,0.0,0.0,0.0,0.0,0.0,0.0,0.0,0.0,0.0,0.0,0.0,0.0,0.0,0.0,0.0,0.0,0.0,0.0,0.0,0.001563,0.001563,0.001563,0.026123,0.026123,0.035214,0.105023,0.105023,0.176933,0.0,0.0,0.0,0.0,0.0,0.240653,0.0,0.0,4.010015,0.0,0.0,12.260059,0.0,0.0,0.0,0.0,0.0,0.0,0.0,0.0,0.0,0.0,0.0,0.0,0.0,0.0,0.0,0.0,0.0,0.0,0.0,0.000236,0.000451,0.0,0.001751,0.005544,0.0,0.0,0.0,0.0,0.0,0.0,0.0,0.0,0.0,0.0,0.0,0.0,0.0,0.0,0.0,0.0,0.0,0.002204,0.0,0.0,0.007187,0.0,0.0,0.034212,0.0,0.0,0.000575,0.0,0.0,0.0,0.0,0.0,0.0,0.0,0.0,0.0,0.0,0.0,0.0,0.0,0.0,0.0,0.0,0.0,0.0,0.0,0.0,0.0,0.0,0.0,0.0,5e-06,5e-06,5e-06,7.8e-05,7.8e-05,0.000105,0.000314,0.000314,0.000529,0.0,0.0,0.0,0.0,0.0,0.001263,0.0,0.0,0.021053,0.0,0.0,0.064365,0.0,0.0,0.0,0.0,0.0,0.0,0.0,0.0,0.0,0.0,0.0,0.0,0.0,0.0,0.0,0.0,0.0,0.0,0.0,3.85316,7.373842,0.0,29.136431,91.734469,0.0,0.0,0.0,0.0,0.0,0.0,0.0,0.0,0.0,0.0,0.0,0.0,0.0,0.0,0.0,0.0,0.0,0.021748,0.0,0.0,0.070925,0.0,0.0,0.298963,0.0,0.0,0.005679
BBS_CA_089_NILAND_2018,2018-05-28,2018-06-10,0.0,0.0,0.0,0.0,0.0,0.0,0.0,0.0,0.0,0.0,0.0,0.0,2.264,2.264,2.264,9.9612,9.9612,9.9612,14.7319,14.7319,14.7319,0.5588,0.5588,0.5588,0.0,0.0,15.8484,0.0,0.0,55.4053,10.2539,10.2539,150.2783,0.0,0.0,4.0089,0.0,0.0,0.0,0.0,0.0,0.0,0.0,0.0,0.0,0.0,0.0,0.0,0.0,0.0,0.0,0.0,0.0,0.0,0.0,0.0,0.0,0.0,0.0,0.0,0.0,0.0,0.0,0.0,0.0,0.0,0.0,0.0,0.0,0.0,0.0,0.0,0.0,0.0,0.0,0.0,0.0,0.0,0.0,0.0,0.0,0.0,0.0,0.0,0.0,5.949,5.949,0.4965,18.7941,19.6364,44.1729,75.4587,99.2283,0.0,1.5631,1.5631,0.0,0.0,0.0,0.0,0.0,0.0,0.0,0.0,0.0,0.0,0.0,0.0,0.001006,0.001006,0.001006,0.004427,0.004427,0.004427,0.006547,0.006547,0.006547,0.000248,0.000248,0.000248,0.0,0.0,0.068312,0.0,0.0,0.238816,0.044198,0.044198,0.647751,0.0,0.0,0.01728,0.0,0.0,0.0,0.0,0.0,0.0,0.0,0.0,0.0,0.0,0.0,0.0,0.0,0.0,0.0,0.0,0.0,0.0,0.0,0.0,0.0,0.0,0.0,0.0,0.0,0.0,0.0,0.0,0.0,0.0,0.0,0.0,0.0,0.0,0.0,0.0,0.0,0.0,0.0,0.0,0.0,0.0,0.0,0.0,0.0,0.0,0.0,0.0,0.0,0.002644,0.002644,0.00024,0.008372,0.008781,0.021534,0.035439,0.046169,0.0,0.000695,0.000695,0.0,0.0,0.0,0.0,0.0,0.0,0.0,0.0,0.0,0.0,0.0,0.0,0.113201,0.113201,0.113201,0.498059,0.498059,0.498059,0.736593,0.736593,0.736593,0.027939,0.027939,0.027939,0.0,0.0,0.000204,0.0,0.0,0.000714,0.000132,0.000132,0.001937,0.0,0.0,5.2e-05,0.0,0.0,0.0,0.0,0.0,0.0,0.0,0.0,0.0,0.0,0.0,0.0,0.0,0.0,0.0,0.0,0.0,0.0,0.0,0.0,0.0,0.0,0.0,0.0,0.0,0.0,0.0,0.0,0.0,0.0,0.0,0.0,0.0,0.0,0.0,0.0,0.0,0.0,0.0,0.0,0.0,0.0,0.0,0.0,0.0,0.0,0.0,0.0,0.0,0.026092,0.026092,0.001016,0.081269,0.082837,0.077821,0.215039,0.309202,0.0,0.006856,0.006856
BBS_CA_089_NILAND_2019,2019-05-28,2019-06-10,0.0,0.0,0.0,6.637,13.2739,13.2739,31.5,63.0,63.0,0.0,0.0,0.0,10.6212,10.6212,10.6212,28.9,30.1289,30.1289,46.6621,58.5907,58.5907,2.8391,2.8391,2.8391,0.0,0.0,1.3797,0.0,0.0,23.8815,0.0,6.9596,88.3745,0.0,0.0,0.0,0.0,0.0,4.3933,0.0,0.0,73.1178,0.0,0.0,120.6067,0.0,0.0,0.0,0.0,0.0,0.0,0.0,0.0,0.0,0.0,0.0,0.0,0.0,0.0,0.0,0.0,0.0,0.0,1.0839,2.372,4.713,5.1443,11.2581,22.3684,0.0,0.0,0.0,0.0,0.0,0.0,0.0,0.0,0.0,0.0,0.0,0.0,0.0,0.0,0.0,0.0,8.5598,8.5598,0.0,23.4853,23.6631,6.9133,92.4924,110.9137,0.0,2.2881,2.2881,0.0,0.0,0.0,0.274254,0.548508,0.548508,1.301653,2.603306,2.603306,0.0,0.0,0.0,0.004721,0.004721,0.004721,0.012844,0.013391,0.013391,0.020739,0.02604,0.02604,0.001262,0.001262,0.001262,0.0,0.0,0.005947,0.0,0.0,0.102938,0.0,0.029998,0.380924,0.0,0.0,0.0,0.0,0.0,0.012238,0.0,0.0,0.203671,0.0,0.0,0.335952,0.0,0.0,0.0,0.0,0.0,0.0,0.0,0.0,0.0,0.0,0.0,0.0,0.0,0.0,0.0,0.0,0.0,0.0,0.000583,0.001076,0.001315,0.002769,0.005106,0.00624,0.0,0.0,0.0,0.0,0.0,0.0,0.0,0.0,0.0,0.0,0.0,0.0,0.0,0.0,0.0,0.0,0.003804,0.003804,0.0,0.010458,0.010537,0.003073,0.043046,0.051233,0.0,0.001017,0.001017,0.0,0.0,0.0,0.873283,1.746567,1.746567,4.144737,8.289474,8.289474,0.0,0.0,0.0,0.531059,0.531059,0.531059,1.45441,1.560349,1.560349,2.377756,3.185361,3.185361,0.141956,0.141956,0.141956,0.0,0.0,1.8e-05,0.0,0.0,0.000308,0.0,9e-05,0.001139,0.0,0.0,0.0,0.0,0.0,6.276206,0.0,0.0,104.453937,0.0,0.0,172.29534,0.0,0.0,0.0,0.0,0.0,0.0,0.0,0.0,0.0,0.0,0.0,0.0,0.0,0.0,0.0,0.0,0.0,0.0,5.813532,12.695635,16.597167,27.591919,60.255438,78.772711,0.0,0.0,0.0,0.0,0.0,0.0,0.0,0.0,0.0,0.0,0.0,0.0,0.0,0.0,0.0,0.0,0.037543,0.037543,0.0,0.10181,0.10259,0.030322,0.287538,0.368333,0.0,0.010036,0.010036
BBS_CA_089_NILAND_2020,2020-05-28,2020-06-10,0.0,0.0,0.0,0.0,0.0,0.0,0.0,0.0,0.0,0.0,0.0,0.0,0.0,0.0,0.0,0.0814,0.0814,0.0814,5.2674,5.2674,5.2674,0.0,0.0,0.0,0.0,0.0,0.0,0.0,0.0,0.0,0.0,0.0,0.0,0.0,0.0,0.0,0.0,5.3904,5.3904,0.0,9.9466,9.9466,0.0,13.3963,13.3963,0.0,1.497,1.497,0.0,0.0,0.0,0.0,0.0,0.0,0.0,0.0,0.0,0.0,0.0,0.0,0.0,0.0,0.0,1.3775,1.3775,1.4097,12.7636,12.7636,16.7464,0.0,0.0,0.0,0.0,0.0,0.0,0.0,0.0,0.0,0.0,0.0,0.0,0.0,0.0,0.0,0.0,4.6232,8.6176,0.0217,12.2171,22.1553,1.4062,91.7491,130.4232,0.0,1.2436,2.3237,0.0,0.0,0.0,0.0,0.0,0.0,0.0,0.0,0.0,0.0,0.0,0.0,0.0,0.0,0.0,3.6e-05,3.6e-05,3.6e-05,0.002341,0.002341,0.002341,0.0,0.0,0.0,0.0,0.0,0.0,0.0,0.0,0.0,0.0,0.0,0.0,0.0,0.0,0.0,0.0,0.513374,0.513374,0.0,0.947299,0.947299,0.0,1.275838,1.275838,0.0,0.142571,0.142571,0.0,0.0,0.0,0.0,0.0,0.0,0.0,0.0,0.0,0.0,0.0,0.0,0.0,0.0,0.0,0.000689,0.000689,0.000697,0.005614,0.005614,0.006623,0.0,0.0,0.0,0.0,0.0,0.0,0.0,0.0,0.0,0.0,0.0,0.0,0.0,0.0,0.0,0.0,0.002055,0.00383,1e-05,0.005449,0.009866,0.000625,0.042047,0.059235,0.0,0.000553,0.001033,0.0,0.0,0.0,0.0,0.0,0.0,0.0,0.0,0.0,0.0,0.0,0.0,0.0,0.0,0.0,0.004069,0.004069,0.004069,0.26337,0.26337,0.26337,0.0,0.0,0.0,0.0,0.0,0.0,0.0,0.0,0.0,0.0,0.0,0.0,0.0,0.0,0.0,0.0,0.002695,0.002695,0.0,0.004973,0.004973,0.0,0.006698,0.006698,0.0,0.000748,0.000748,0.0,0.0,0.0,0.0,0.0,0.0,0.0,0.0,0.0,0.0,0.0,0.0,0.0,0.0,0.0,8.60919,8.60919,8.749295,73.858781,73.858781,91.175234,0.0,0.0,0.0,0.0,0.0,0.0,0.0,0.0,0.0,0.0,0.0,0.0,0.0,0.0,0.0,0.0,0.020277,0.037797,9.5e-05,0.052388,0.095977,0.006168,0.325038,0.494662,0.0,0.005454,0.010192
BBS_CA_089_NILAND_2021,2021-05-28,2021-06-10,0.0,0.0,0.0,0.4867,1.46,1.46,31.5,94.5,94.5,0.0,0.0,0.0,0.0,0.0,0.0,0.0644,0.2564,0.2564,4.1661,26.3983,26.3983,0.0,0.0,0.0,0.0,0.0,0.0,0.2402,0.4804,0.4804,11.6782,23.3564,23.3564,0.0,0.0,0.0,0.0,0.0,8.6247,0.0,0.0,15.7987,0.0,0.0,15.7987,0.0,0.0,2.3952,0.0,0.0,0.0,0.0,0.0,0.0,0.0,0.0,0.0,0.0,0.0,0.0,0.0,0.0,0.6035,0.1183,0.89,1.9954,6.6807,42.1617,47.0763,0.0,0.0,0.1676,0.0,0.0,0.0,0.0,0.0,0.0,0.0,0.0,0.0,0.0,0.0,0.0,0.0,9.4795,9.4795,0.266,24.1621,24.3475,41.2603,105.3789,131.2092,0.0,2.5584,2.5584,0.0,0.0,0.0,0.02011,0.060331,0.060331,1.301653,3.904959,3.904959,0.0,0.0,0.0,0.0,0.0,0.0,2.9e-05,0.000114,0.000114,0.001852,0.011733,0.011733,0.0,0.0,0.0,0.0,0.0,0.0,0.001035,0.002071,0.002071,0.050337,0.100674,0.100674,0.0,0.0,0.0,0.0,0.0,0.821397,0.0,0.0,1.504636,0.0,0.0,1.504636,0.0,0.0,0.228112,0.0,0.0,0.0,0.0,0.0,0.0,0.0,0.0,0.0,0.0,0.0,0.0,0.0,0.0,0.000153,5.1e-05,0.000341,0.000621,0.002826,0.019086,0.02033,0.0,0.0,4.2e-05,0.0,0.0,0.0,0.0,0.0,0.0,0.0,0.0,0.0,0.0,0.0,0.0,0.0,0.004213,0.004213,0.000123,0.010763,0.010845,0.018664,0.049073,0.060553,0.0,0.001137,0.001137,0.0,0.0,0.0,0.064035,0.192105,0.192105,4.144737,12.434211,12.434211,0.0,0.0,0.0,0.0,0.0,0.0,0.005549,0.022106,0.022106,0.359147,1.920869,1.920869,0.0,0.0,0.0,0.0,0.0,0.0,3e-06,6e-06,6e-06,0.00015,0.000301,0.000301,0.0,0.0,0.0,0.0,0.0,0.004312,0.0,0.0,0.007899,0.0,0.0,0.007899,0.0,0.0,0.001198,0.0,0.0,0.0,0.0,0.0,0.0,0.0,0.0,0.0,0.0,0.0,0.0,0.0,0.0,2.623778,0.606776,4.23175,9.03799,33.170916,213.706775,235.074669,0.0,0.0,0.728657,0.0,0.0,0.0,0.0,0.0,0.0,0.0,0.0,0.0,0.0,0.0,0.0,0.0,0.041577,0.041577,0.000859,0.104497,0.10531,0.161071,0.325821,0.439111,0.0,0.011221,0.011221
BBS_CA_089_NILAND_2022,2022-05-28,2022-06-10,0.0,0.0,0.0,0.0,0.0,0.0,0.0,0.0,0.0,0.0,0.0,0.0,0.0,0.0,0.0,0.0,0.0,0.0,0.0,36.0225,36.0225,0.0,0.0,0.0,0.0,0.0,0.0,0.0,0.2622,0.2622,0.0,16.9699,41.7276,0.0,0.0,0.0,0.0,0.0,0.0,0.0,0.0,0.0819,0.0,0.0,3.9823,0.0,0.0,0.0,0.0,0.0,0.0,0.0,0.0,0.0,0.0,0.0,0.0,0.0,0.0,0.0,0.0,0.0,0.0,0.0,1.363,3.2969,1.6996,14.6799,34.3716,0.0,0.0,0.0,0.0,0.0,0.0,0.0,0.0,0.0,0.0,0.0,0.0,0.0,0.0,0.0,0.0,0.0,0.0,0.0768,0.1115,0.2462,10.2238,19.3896,28.1083,0.0,0.0,0.0,0.0,0.0,0.0,0.0,0.0,0.0,0.0,0.0,0.0,0.0,0.0,0.0,0.0,0.0,0.0,0.0,0.0,0.0,0.0,0.01601,0.01601,0.0,0.0,0.0,0.0,0.0,0.0,0.0,0.00113,0.00113,0.0,0.073146,0.179861,0.0,0.0,0.0,0.0,0.0,0.0,0.0,0.0,0.0078,0.0,0.0,0.379266,0.0,0.0,0.0,0.0,0.0,0.0,0.0,0.0,0.0,0.0,0.0,0.0,0.0,0.0,0.0,0.0,0.0,0.0,0.0,0.000681,0.001171,0.00085,0.007037,0.011839,0.0,0.0,0.0,0.0,0.0,0.0,0.0,0.0,0.0,0.0,0.0,0.0,0.0,0.0,0.0,0.0,0.0,0.0,3.4e-05,5e-05,0.000109,0.004544,0.008618,0.012493,0.0,0.0,0.0,0.0,0.0,0.0,0.0,0.0,0.0,0.0,0.0,0.0,0.0,0.0,0.0,0.0,0.0,0.0,0.0,0.0,0.0,0.0,1.801127,1.801127,0.0,0.0,0.0,0.0,0.0,0.0,0.0,3e-06,3e-06,0.0,0.000219,0.000538,0.0,0.0,0.0,0.0,0.0,0.0,0.0,0.0,4.1e-05,0.0,0.0,0.001991,0.0,0.0,0.0,0.0,0.0,0.0,0.0,0.0,0.0,0.0,0.0,0.0,0.0,0.0,0.0,0.0,0.0,0.0,0.0,8.518692,16.927209,10.622279,89.418106,183.863535,0.0,0.0,0.0,0.0,0.0,0.0,0.0,0.0,0.0,0.0,0.0,0.0,0.0,0.0,0.0,0.0,0.0,0.0,0.000337,0.000489,0.00108,0.044841,0.085042,0.123282,0.0,0.0,0.0
BBS_CA_089_NILAND_2023,2023-05-28,2023-06-10,0.0,0.0,0.0,0.0,0.0,0.0,0.0,0.0,0.0,0.0,0.0,0.0,9.2273,9.2273,9.2273,19.2818,19.2818,19.2818,42.9266,42.9266,42.9266,2.5339,2.5339,2.5339,0.0,0.0,0.0,0.0,0.0,0.0,0.0,23.7201,23.7201,0.0,0.0,0.0,0.0,0.0,0.0,0.0,0.0,0.0,0.0,0.0,0.0,0.0,0.0,0.0,0.0,0.0,0.0,0.0,0.0,0.0,0.0,0.0,0.0,0.0,0.0,0.0,0.0,0.0,0.0,0.0566,3.2191,3.2191,4.4361,23.0684,30.1616,0.0,0.0,0.0,0.0,0.0,0.0,0.0,0.0,0.4833,0.0,0.0,31.283,0.0,0.0,0.0,2.4534,10.5472,10.5472,8.151,26.8815,26.8815,37.03,80.8484,113.994,0.6398,2.843,2.843,0.0,0.0,0.0,0.0,0.0,0.0,0.0,0.0,0.0,0.0,0.0,0.0,0.004101,0.004101,0.004101,0.00857,0.00857,0.00857,0.019078,0.019078,0.019078,0.001126,0.001126,0.001126,0.0,0.0,0.0,0.0,0.0,0.0,0.0,0.102242,0.102242,0.0,0.0,0.0,0.0,0.0,0.0,0.0,0.0,0.0,0.0,0.0,0.0,0.0,0.0,0.0,0.0,0.0,0.0,0.0,0.0,0.0,0.0,0.0,0.0,0.0,0.0,0.0,0.0,0.0,0.0,1.4e-05,0.001137,0.001137,0.001123,0.008029,0.009825,0.0,0.0,0.0,0.0,0.0,0.0,0.0,0.0,0.000242,0.0,0.0,0.015642,0.0,0.0,0.0,0.00109,0.004688,0.004688,0.003623,0.011947,0.011947,0.016458,0.035933,0.050664,0.000284,0.001264,0.001264,0.0,0.0,0.0,0.0,0.0,0.0,0.0,0.0,0.0,0.0,0.0,0.0,0.461363,0.461363,0.461363,0.964089,0.964089,0.964089,2.146329,2.146329,2.146329,0.126695,0.126695,0.126695,0.0,0.0,0.0,0.0,0.0,0.0,0.0,0.000306,0.000306,0.0,0.0,0.0,0.0,0.0,0.0,0.0,0.0,0.0,0.0,0.0,0.0,0.0,0.0,0.0,0.0,0.0,0.0,0.0,0.0,0.0,0.0,0.0,0.0,0.0,0.0,0.0,0.0,0.0,0.0,0.246091,16.476038,16.476038,19.287547,117.167396,148.007554,0.0,0.0,0.0,0.0,0.0,0.0,0.0,0.0,0.0,0.0,0.0,3.2e-05,0.0,0.0,0.0,0.010761,0.04626,0.04626,0.03575,0.117901,0.117901,0.162412,0.354598,0.499973,0.002806,0.012469,0.012469
BBS_CA_090_BLYTHE_2015,2015-05-28,2015-06-10,0.0,0.0,0.0,0.0,0.0,0.0,12.1274,12.1274,12.1274,0.0,0.0,0.0,0.0,0.0,0.0,0.0,0.0,0.0,2.4592,2.4592,2.4592,0.0,0.0,0.0,0.0,0.0,0.0,0.0,0.0,0.0,0.4737,0.4737,0.4737,0.0,0.0,0.0,0.0,0.0,49.2924,0.0,0.0,164.3477,0.0,23.0883,1139.3511,0.0,0.0,12.1132,0.0,0.0,0.0,0.0,0.0,0.0,0.0,0.0,0.0,0.0,0.0,0.0,0.0,0.0,4.643,0.0,0.0,18.5653,12.5471,12.9168,104.3449,0.0,0.0,1.1551,0.0,0.0,0.0,0.0,0.0,0.0,0.0,0.2436,4.0854,0.0,0.0,0.0,0.0,0.0,0.0,0.0,0.0956,0.0956,0.0,0.9375,0.9375,0.0,0.0,0.0,0.0,0.0,0.0,0.0,0.0,0.0,0.006064,0.006064,0.006064,0.0,0.0,0.0,0.0,0.0,0.0,0.0,0.0,0.0,0.00123,0.00123,0.00123,0.0,0.0,0.0,0.0,0.0,0.0,0.0,0.0,0.0,0.002042,0.002042,0.002042,0.0,0.0,0.0,0.0,0.0,4.694511,0.0,0.0,15.652161,0.0,2.198885,163.764048,0.0,0.0,1.153634,0.0,0.0,0.0,0.0,0.0,0.0,0.0,0.0,0.0,0.0,0.0,0.0,0.0,0.0,0.001237,0.0,0.0,0.004934,0.00128,0.001486,0.031421,0.0,0.0,0.000307,0.0,0.0,0.0,0.0,0.0,0.0,0.0,0.007859,0.131787,0.0,0.0,0.0,0.0,0.0,0.0,0.0,4.2e-05,4.2e-05,0.0,0.000417,0.000417,0.0,0.0,0.0,0.0,0.0,0.0,0.0,0.0,0.0,1.623479,1.623479,1.623479,0.0,0.0,0.0,0.0,0.0,0.0,0.0,0.0,0.0,0.040986,0.040986,0.040986,0.0,0.0,0.0,0.0,0.0,0.0,0.0,0.0,0.0,6e-06,6e-06,6e-06,0.0,0.0,0.0,0.0,0.0,0.024646,0.0,0.0,0.082174,0.0,0.011544,80.632573,0.0,0.0,0.006057,0.0,0.0,0.0,0.0,0.0,0.0,0.0,0.0,0.0,0.0,0.0,0.0,0.0,0.0,19.962007,0.0,0.0,79.865398,20.911766,24.273436,431.014385,0.0,0.0,4.96791,0.0,0.0,0.0,0.0,0.0,0.0,0.0,3e-06,4.8e-05,0.0,0.0,0.0,0.0,0.0,0.0,0.0,0.000419,0.000419,0.0,0.004112,0.004112,0.0,0.0,0.0
BBS_CA_090_BLYTHE_2016,2016-05-28,2016-06-10,0.0,0.0,0.0,0.0,0.0,0.0,0.0,0.0,101.7155,0.0,0.0,0.0,0.0,0.0,0.0,0.0,0.0,0.0,1.2712,1.2712,1.2712,0.0,0.0,0.0,0.0,0.0,0.0,0.0,0.0,0.0,0.0,0.0,4.6298,0.0,0.0,0.0,0.0,0.0,59.3821,0.0,0.0,226.7757,36.1135,309.7875,1322.3254,0.0,0.0,14.4157,0.0,0.0,0.0,0.0,0.0,0.0,0.0,0.0,0.0,0.0,0.0,0.0,0.0,0.0,3.6761,0.0,0.0,14.0869,0.136,20.9072,90.2105,0.0,0.0,0.8909,0.0,0.0,0.0,0.0,0.0,0.0,0.0,4.4933,4.4933,0.0,0.0,0.0,0.0,0.6579,0.6579,0.0,2.5334,2.6927,0.0,6.0131,7.5756,0.0,0.1699,0.1699,0.0,0.0,0.0,0.0,0.0,0.0,0.0,0.0,4.20312,0.0,0.0,0.0,0.0,0.0,0.0,0.0,0.0,0.0,0.000636,0.000636,0.000636,0.0,0.0,0.0,0.0,0.0,0.0,0.0,0.0,0.0,0.0,0.0,0.019956,0.0,0.0,0.0,0.0,0.0,5.655436,0.0,0.0,21.597687,3.439379,39.96379,136.395971,0.0,0.0,1.372928,0.0,0.0,0.0,0.0,0.0,0.0,0.0,0.0,0.0,0.0,0.0,0.0,0.0,0.0,0.000931,0.0,0.0,0.003566,1.4e-05,0.007475,0.025063,0.0,0.0,0.000226,0.0,0.0,0.0,0.0,0.0,0.0,0.0,0.144946,0.144946,0.0,0.0,0.0,0.0,0.000292,0.000292,0.0,0.001126,0.001197,0.0,0.002672,0.003367,0.0,7.5e-05,7.5e-05,0.0,0.0,0.0,0.0,0.0,0.0,0.0,0.0,13.38362,0.0,0.0,0.0,0.0,0.0,0.0,0.0,0.0,0.0,0.021186,0.021186,0.021186,0.0,0.0,0.0,0.0,0.0,0.0,0.0,0.0,0.0,0.0,0.0,6e-05,0.0,0.0,0.0,0.0,0.0,0.029691,0.0,0.0,0.113388,0.018057,17.602947,18.109216,0.0,0.0,0.007208,0.0,0.0,0.0,0.0,0.0,0.0,0.0,0.0,0.0,0.0,0.0,0.0,0.0,0.0,15.98299,0.0,0.0,61.247454,0.226694,125.089782,426.254403,0.0,0.0,3.873634,0.0,0.0,0.0,0.0,0.0,0.0,0.0,5.3e-05,5.3e-05,0.0,0.0,0.0,0.0,0.002885,0.002885,0.0,0.011111,0.01181,0.0,0.026373,0.033226,0.0,0.000745,0.000745
BBS_CA_090_BLYTHE_2017,2017-05-28,2017-06-10,0.0,0.0,0.0,0.0,0.0,0.0,0.0,0.0,0.469,0.0,0.0,0.0,0.0,0.0,0.0,0.0,0.0,0.0,0.0,0.0,0.0,0.0,0.0,0.0,0.0,0.0,0.0,0.0,0.0,0.0,0.0,44.2219,48.6418,0.0,0.0,0.0,0.0,3.7929,106.1866,0.0,12.7058,386.9256,0.0,51.5292,1288.5423,0.0,0.9561,26.3219,0.0,0.0,0.0,0.0,0.0,0.0,0.0,0.0,0.0,0.0,0.0,0.0,0.0,0.0,3.8754,0.0,0.0,14.1119,0.0479,4.7987,47.9824,0.0,0.0,0.9499,0.0,0.0,0.0,0.0,0.0,0.0,0.0,0.2808,1.1234,0.0,0.0,0.0,0.0,0.0,0.0,0.0,0.1593,0.1593,0.258,1.8205,1.8205,0.0,0.0,0.0,0.0,0.0,0.0,0.0,0.0,0.0,0.0,0.0,0.019378,0.0,0.0,0.0,0.0,0.0,0.0,0.0,0.0,0.0,0.0,0.0,0.0,0.0,0.0,0.0,0.0,0.0,0.0,0.0,0.0,0.0,0.0,0.190612,0.209663,0.0,0.0,0.0,0.0,0.361229,17.979092,0.0,1.210075,65.988379,0.0,4.90754,320.674906,0.0,0.091054,4.629922,0.0,0.0,0.0,0.0,0.0,0.0,0.0,0.0,0.0,0.0,0.0,0.0,0.0,0.0,0.001174,0.0,0.0,0.004466,1.2e-05,0.001209,0.015019,0.0,0.0,0.000287,0.0,0.0,0.0,0.0,0.0,0.0,0.0,0.009059,0.036238,0.0,0.0,0.0,0.0,0.0,0.0,0.0,7.1e-05,7.1e-05,0.000115,0.000809,0.000809,0.0,0.0,0.0,0.0,0.0,0.0,0.0,0.0,0.0,0.0,0.0,0.061704,0.0,0.0,0.0,0.0,0.0,0.0,0.0,0.0,0.0,0.0,0.0,0.0,0.0,0.0,0.0,0.0,0.0,0.0,0.0,0.0,0.0,0.0,0.00057,0.000627,0.0,0.0,0.0,0.0,0.001896,91.278149,0.0,0.006353,414.533448,0.0,0.025765,1433.927866,0.0,0.000478,22.144862,0.0,0.0,0.0,0.0,0.0,0.0,0.0,0.0,0.0,0.0,0.0,0.0,0.0,0.0,18.336225,0.0,0.0,66.184729,0.208425,20.690804,213.114489,0.0,0.0,4.488543,0.0,0.0,0.0,0.0,0.0,0.0,0.0,3e-06,1.3e-05,0.0,0.0,0.0,0.0,0.0,0.0,0.0,0.000699,0.000699,0.001132,0.007985,0.007985,0.0,0.0,0.0
BBS_CA_090_BLYTHE_2018,2018-05-28,2018-06-10,0.0,0.0,0.0,0.0,0.0,0.0,0.0,0.0,0.0,0.0,0.0,0.0,0.0,0.0,0.0,0.0,0.0,0.0,1.2775,1.2775,1.2775,0.0,0.0,0.0,0.0,4.663,5.6785,0.0,18.2419,22.8171,0.0,85.697,179.4238,0.0,1.1245,1.3867,0.0,5.037,108.2669,0.0,28.3649,394.0798,0.0,172.7959,1260.5119,0.0,1.2697,26.8498,0.0,0.0,0.0,0.0,0.0,0.0,0.0,0.0,0.0,0.0,0.0,0.0,0.0,0.0,4.7833,0.0,0.4039,20.8954,0.0,5.8831,95.9088,0.0,0.0,1.1571,0.0,0.0,0.0,0.0,0.0,0.0,0.0,0.0,0.0,0.0,0.0,0.0,0.0,0.0,0.0,0.0,0.1593,0.1593,0.0,1.5625,1.5625,0.0,0.0,0.0,0.0,0.0,0.0,0.0,0.0,0.0,0.0,0.0,0.0,0.0,0.0,0.0,0.0,0.0,0.0,0.0,0.0,0.0,0.000639,0.000639,0.000639,0.0,0.0,0.0,0.0,0.020099,0.024476,0.0,0.078629,0.098349,0.0,0.369384,0.773379,0.0,0.004847,0.005977,0.0,0.479711,19.519266,0.0,1.888574,64.951213,0.0,9.038016,153.160158,0.0,0.12092,5.00203,0.0,0.0,0.0,0.0,0.0,0.0,0.0,0.0,0.0,0.0,0.0,0.0,0.0,0.0,0.001211,0.0,0.000102,0.005506,0.0,0.001773,0.029578,0.0,0.0,0.000293,0.0,0.0,0.0,0.0,0.0,0.0,0.0,0.0,0.0,0.0,0.0,0.0,0.0,0.0,0.0,0.0,7.1e-05,7.1e-05,0.0,0.000694,0.000694,0.0,0.0,0.0,0.0,0.0,0.0,0.0,0.0,0.0,0.0,0.0,0.0,0.0,0.0,0.0,0.0,0.0,0.0,0.0,0.0,0.0,0.021291,0.021291,0.021291,0.0,0.0,0.0,0.0,6e-05,7.3e-05,0.0,0.000235,0.000294,0.0,0.001104,0.002312,0.0,1.4e-05,1.8e-05,0.0,0.002518,70.549196,0.0,12.569744,241.881925,0.0,114.680095,706.268796,0.0,0.000635,17.174027,0.0,0.0,0.0,0.0,0.0,0.0,0.0,0.0,0.0,0.0,0.0,0.0,0.0,0.0,20.797142,0.0,1.756285,90.06096,0.0,30.02867,403.174042,0.0,0.0,5.031009,0.0,0.0,0.0,0.0,0.0,0.0,0.0,0.0,0.0,0.0,0.0,0.0,0.0,0.0,0.0,0.0,0.000699,0.000699,0.0,0.006853,0.006853,0.0,0.0,0.0
BBS_CA_090_BLYTHE_2019,2019-05-28,2019-06-10,0.0,5.4117,5.4117,0.0,24.3742,24.3742,0.0,87.075,87.075,0.0,1.4019,1.4019,0.0,0.0,0.0,0.0,0.0,0.0,0.0,0.0,0.0,0.0,0.0,0.0,0.0,11.4772,25.1505,0.0,44.9814,100.3356,0.0,162.0892,478.7845,0.0,2.7818,6.1974,0.0,3.7055,161.0108,0.0,13.775,676.076,0.0,54.3706,2494.302,0.0,0.9247,39.613,0.0,0.0,0.0,0.0,0.0,0.0,0.0,0.0,0.0,0.0,0.0,0.0,0.0,0.4749,2.0189,0.0,2.5189,10.2062,0.0,20.1299,66.5955,0.0,0.123,0.5157,0.0,0.0,0.0,0.0,0.0,0.0,1.8334,1.8334,1.8334,0.0,0.0,0.0,0.0,0.0,0.0,0.0,0.1657,0.1657,8.0971,15.6639,49.5183,0.0,0.0,0.0,0.0,0.223623,0.223623,0.0,1.007198,1.007198,0.0,3.59814,3.59814,0.0,0.057932,0.057932,0.0,0.0,0.0,0.0,0.0,0.0,0.0,0.0,0.0,0.0,0.0,0.0,0.0,0.049471,0.108407,0.0,0.193885,0.432481,0.0,0.69866,2.063726,0.0,0.01199,0.026713,0.0,0.352903,38.817279,0.0,1.311908,140.344582,0.0,5.178153,447.31039,0.0,0.088069,9.651216,0.0,0.0,0.0,0.0,0.0,0.0,0.0,0.0,0.0,0.0,0.0,0.0,0.0,0.00012,0.000511,0.0,0.000638,0.002584,0.0,0.00522,0.016991,0.0,3.1e-05,0.000131,0.0,0.0,0.0,0.0,0.0,0.0,0.059143,0.059143,0.059143,0.0,0.0,0.0,0.0,0.0,0.0,0.0,7.4e-05,7.4e-05,0.003599,0.007292,0.024219,0.0,0.0,0.0,0.0,0.712061,0.712061,0.0,3.20713,3.20713,0.0,11.457237,11.457237,0.0,0.184467,0.184467,0.0,0.0,0.0,0.0,0.0,0.0,0.0,0.0,0.0,0.0,0.0,0.0,0.0,0.000148,0.000324,0.0,0.00058,0.001293,0.0,0.002089,0.00617,0.0,3.6e-05,8e-05,0.0,0.001853,109.809535,0.0,0.006888,500.164847,0.0,0.027185,1731.298998,0.0,0.000462,26.556276,0.0,0.0,0.0,0.0,0.0,0.0,0.0,0.0,0.0,0.0,0.0,0.0,0.0,2.064723,8.777682,0.0,10.95156,44.37473,0.0,88.475675,290.473821,0.0,0.534888,2.241978,0.0,0.0,0.0,0.0,0.0,0.0,2.2e-05,2.2e-05,2.2e-05,0.0,0.0,0.0,0.0,0.0,0.0,0.0,0.000727,0.000727,0.035513,0.048582,0.082437,0.0,0.0,0.0
BBS_CA_090_BLYTHE_2020,2020-05-28,2020-06-10,0.0,0.0,0.0,0.0,0.0,0.0,0.0,0.0,0.0,0.0,0.0,0.0,0.0,0.0,0.0,0.0,0.2546,0.2546,0.0,2.8082,11.3823,0.0,0.0,0.0,0.0,8.3111,17.9592,0.0,30.0384,68.325,0.0,60.8493,223.1048,0.0,2.092,4.56,0.0,0.0,0.6928,0.0,0.0,2.1666,12.5579,142.7701,260.7773,0.0,0.0,0.1789,0.0,0.0,0.0,0.0,0.0,0.0,0.0,0.0,0.0,0.0,0.0,0.0,0.0,0.0,0.0,0.0,1.592,1.592,47.5533,68.9676,89.0712,0.0,0.0,0.0,0.0,0.0,0.0,0.0717,0.0717,1.2087,6.3166,11.4405,23.7182,0.0,0.0,0.0,0.0,0.0,0.0,0.0,0.0,0.0,0.0,0.0,3.1979,0.0,0.0,0.0,0.0,0.0,0.0,0.0,0.0,0.0,0.0,0.0,0.0,0.0,0.0,0.0,0.0,0.0,0.0,0.0,0.000113,0.000113,0.0,0.001248,0.005059,0.0,0.0,0.0,0.0,0.035824,0.07741,0.0,0.129476,0.294504,0.0,0.262281,0.961659,0.0,0.009017,0.019655,0.0,0.0,0.065984,0.0,0.0,0.20634,1.195995,52.391722,53.821939,0.0,0.0,0.017037,0.0,0.0,0.0,0.0,0.0,0.0,0.0,0.0,0.0,0.0,0.0,0.0,0.0,0.0,0.0,0.0,0.000403,0.000403,0.017164,0.022788,0.026562,0.0,0.0,0.0,0.0,0.0,0.0,0.002311,0.002311,0.03899,0.203761,0.369048,0.765102,0.0,0.0,0.0,0.0,0.0,0.0,0.0,0.0,0.0,0.0,0.0,0.001599,0.0,0.0,0.0,0.0,0.0,0.0,0.0,0.0,0.0,0.0,0.0,0.0,0.0,0.0,0.0,0.0,0.0,0.0,0.0,0.021949,0.021949,0.0,0.242085,0.98123,0.0,0.0,0.0,0.0,0.000107,0.000231,0.0,0.000387,0.00088,0.0,0.000784,0.002875,0.0,2.7e-05,5.9e-05,0.0,0.0,0.000346,0.0,0.0,0.001083,0.006279,27.789226,179.356511,0.0,0.0,8.9e-05,0.0,0.0,0.0,0.0,0.0,0.0,0.0,0.0,0.0,0.0,0.0,0.0,0.0,0.0,0.0,0.0,6.921564,6.921564,280.807074,377.083541,440.708048,0.0,0.0,0.0,0.0,0.0,0.0,1e-06,1e-06,1.4e-05,7.4e-05,0.000135,0.000279,0.0,0.0,0.0,0.0,0.0,0.0,0.0,0.0,0.0,0.0,0.0,0.003198,0.0,0.0,0.0
BBS_CA_090_BLYTHE_2021,2021-05-28,2021-06-10,0.0,7.5486,7.5486,0.0,23.7319,23.7319,0.0,24.48,24.48,0.0,1.9555,1.9555,0.0,0.0,0.0,0.0,0.0,0.0,0.0,0.0,0.0,0.0,0.0,0.0,0.0,2.9355,2.9355,0.0,11.8685,13.3462,0.0,53.9841,98.5237,0.0,0.7441,0.7441,0.0,1.6271,1.6271,0.2795,5.8185,5.8185,4.5537,55.1685,55.4677,0.0,0.4048,0.4048,0.0,0.0,0.0,0.0,0.0,0.0,0.0,0.0,0.0,0.0,0.0,0.0,0.0,0.8627,0.8627,0.0,2.6978,2.6978,6.6946,24.4702,33.4889,0.0,0.2228,0.2228,0.0,0.0,0.0,0.0,0.0,0.0,3.5875,9.8956,10.0814,0.0,0.0,0.0,0.0,0.0,0.0,0.0,0.0,0.0,0.0,0.0,3.0795,0.0,0.0,0.0,0.0,0.311925,0.311925,0.0,0.980658,0.980658,0.0,1.01157,1.01157,0.0,0.080807,0.080807,0.0,0.0,0.0,0.0,0.0,0.0,0.0,0.0,0.0,0.0,0.0,0.0,0.0,0.012653,0.012653,0.0,0.051157,0.057527,0.0,0.23269,0.424671,0.0,0.003207,0.003207,0.0,0.154962,0.154962,0.026623,0.554139,0.554139,0.433689,5.254141,5.282634,0.0,0.038554,0.038554,0.0,0.0,0.0,0.0,0.0,0.0,0.0,0.0,0.0,0.0,0.0,0.0,0.0,0.000218,0.000218,0.0,0.000683,0.000683,0.000889,0.005708,0.007993,0.0,5.6e-05,5.6e-05,0.0,0.0,0.0,0.0,0.0,0.0,0.115726,0.319213,0.325205,0.0,0.0,0.0,0.0,0.0,0.0,0.0,0.0,0.0,0.0,0.0,0.00154,0.0,0.0,0.0,0.0,0.993234,0.993234,0.0,3.122622,3.122622,0.0,3.221053,3.221053,0.0,0.257308,0.257308,0.0,0.0,0.0,0.0,0.0,0.0,0.0,0.0,0.0,0.0,0.0,0.0,0.0,3.8e-05,3.8e-05,0.0,0.000153,0.000172,0.0,0.000696,0.00127,0.0,1e-05,1e-05,0.0,0.000814,0.000814,0.00014,0.002909,0.002909,0.002277,0.027584,0.027734,0.0,0.000202,0.000202,0.0,0.0,0.0,0.0,0.0,0.0,0.0,0.0,0.0,0.0,0.0,0.0,0.0,3.751001,3.751001,0.0,11.729781,11.729781,14.535407,96.812381,136.048552,0.0,0.968496,0.968496,0.0,0.0,0.0,0.0,0.0,0.0,4.2e-05,0.000116,0.000119,0.0,0.0,0.0,0.0,0.0,0.0,0.0,0.0,0.0,0.0,0.0,0.003079,0.0,0.0,0.0
BBS_CA_090_BLYTHE_2022,2022-05-28,2022-06-10,0.0,0.0,0.0,0.0,0.0,0.0,0.0,0.0,0.0,0.0,0.0,0.0,0.0,0.0,0.0,0.0,0.0487,0.0487,9.5893,11.9827,11.9827,0.0,0.0,0.0,0.0,0.0,4.7505,0.0,0.0,19.4302,0.0,0.0,79.9863,0.0,0.0,1.1694,0.0,0.0,0.0,0.0,0.7893,0.7893,0.0,13.9137,13.9137,0.0,0.0,0.0,0.0,0.0,0.0,0.0,0.0,0.0,0.0,0.0,0.0,0.0,0.0,0.0,0.0,0.0,0.5174,0.0,0.1388,1.9357,19.0143,26.2587,81.7433,0.0,0.0,0.1336,0.0,0.0,0.0,0.0955,0.4176,0.4176,0.7816,24.3439,24.3439,0.0,0.0,0.0,0.0,0.0,0.0,0.0,0.0,0.0,0.0,4.7357,4.7357,0.0,0.0,0.0,0.0,0.0,0.0,0.0,0.0,0.0,0.0,0.0,0.0,0.0,0.0,0.0,0.0,0.0,0.0,0.0,2.2e-05,2.2e-05,0.004446,0.00551,0.00551,0.0,0.0,0.0,0.0,0.0,0.020476,0.0,0.0,0.083751,0.0,0.0,0.344768,0.0,0.0,0.00504,0.0,0.0,0.0,0.0,0.075167,0.075167,0.0,1.325117,1.325117,0.0,0.0,0.0,0.0,0.0,0.0,0.0,0.0,0.0,0.0,0.0,0.0,0.0,0.0,0.0,0.0,0.0,0.000131,0.0,7.7e-05,0.000532,0.002081,0.005632,0.013288,0.0,0.0,3.4e-05,0.0,0.0,0.0,0.003082,0.013471,0.013471,0.025214,0.785286,0.785286,0.0,0.0,0.0,0.0,0.0,0.0,0.0,0.0,0.0,0.0,0.002105,0.002105,0.0,0.0,0.0,0.0,0.0,0.0,0.0,0.0,0.0,0.0,0.0,0.0,0.0,0.0,0.0,0.0,0.0,0.0,0.0,0.004202,0.004202,0.595995,0.802323,0.802323,0.0,0.0,0.0,0.0,0.0,6.1e-05,0.0,0.0,0.00025,0.0,0.0,0.001031,0.0,0.0,1.5e-05,0.0,0.0,0.0,0.0,0.000395,0.000395,0.0,0.006957,0.006957,0.0,0.0,0.0,0.0,0.0,0.0,0.0,0.0,0.0,0.0,0.0,0.0,0.0,0.0,0.0,0.0,0.0,2.249658,0.0,1.261834,9.074411,34.001121,91.941709,219.637979,0.0,0.0,0.580854,0.0,0.0,0.0,1e-06,5e-06,5e-06,9e-06,0.000286,0.000286,0.0,0.0,0.0,0.0,0.0,0.0,0.0,0.0,0.0,0.0,0.020771,0.020771,0.0,0.0,0.0
BBS_CA_090_BLYTHE_2023,2023-05-28,2023-06-10,0.0,0.0,0.0,0.0,0.0,0.0,0.0,0.0,0.0,0.0,0.0,0.0,0.0,0.0,0.0,0.0,0.0,0.0,0.557,0.557,0.557,0.0,0.0,0.0,0.0,0.0,15.1702,0.0,7.4713,74.91,2.2298,117.5755,519.225,0.0,0.0,3.7527,0.0,0.0,14.1925,0.0,0.0,45.2877,125.4542,127.7534,183.6705,0.0,0.0,3.6016,0.0,0.0,0.0,0.0,0.0,0.0,0.0,0.0,0.0,0.0,0.0,0.0,0.0,0.0,1.111,0.0,0.1632,4.0854,10.3692,12.2872,28.9147,0.0,0.0,0.2709,0.0,0.0,0.0,0.0,0.2111,0.2111,8.7495,38.0914,38.0914,0.0,0.0,0.0,0.0,0.0,0.0,0.0,0.0,0.0,0.0,0.0,0.0,0.0,0.0,0.0,0.0,0.0,0.0,0.0,0.0,0.0,0.0,0.0,0.0,0.0,0.0,0.0,0.0,0.0,0.0,0.0,0.0,0.0,0.000248,0.000248,0.000248,0.0,0.0,0.0,0.0,0.0,0.065389,0.0,0.032204,0.322888,0.009611,0.506791,2.225698,0.0,0.0,0.016175,0.0,0.0,1.35167,0.0,0.0,4.313119,0.349455,0.568426,5.893868,0.0,0.0,0.343011,0.0,0.0,0.0,0.0,0.0,0.0,0.0,0.0,0.0,0.0,0.0,0.0,0.0,0.0,0.000281,0.0,4.1e-05,0.001034,0.004153,0.004677,0.008208,0.0,0.0,6.9e-05,0.0,0.0,0.0,0.0,0.00681,0.00681,0.282241,1.187388,1.187388,0.0,0.0,0.0,0.0,0.0,0.0,0.0,0.0,0.0,0.0,0.0,0.0,0.0,0.0,0.0,0.0,0.0,0.0,0.0,0.0,0.0,0.0,0.0,0.0,0.0,0.0,0.0,0.0,0.0,0.0,0.0,0.0,0.0,0.04802,0.04802,0.04802,0.0,0.0,0.0,0.0,0.0,0.000195,0.0,9.6e-05,0.000965,2.9e-05,0.001515,0.006646,0.0,0.0,4.8e-05,0.0,0.0,0.007096,0.0,0.0,0.022644,179.220265,179.221414,179.249373,0.0,0.0,0.001801,0.0,0.0,0.0,0.0,0.0,0.0,0.0,0.0,0.0,0.0,0.0,0.0,0.0,0.0,4.830451,0.0,0.709425,17.762712,53.575551,62.523221,122.443849,0.0,0.0,1.17798,0.0,0.0,0.0,0.0,2e-06,2e-06,0.000103,0.000434,0.000434,0.0,0.0,0.0,0.0,0.0,0.0,0.0,0.0,0.0,0.0,0.0,0.0,0.0,0.0,0.0
BBS_CA_092_ALAMO_RIVER_2015,2015-05-28,2015-06-10,12.0618,37.7301,40.7784,76.8749,234.1469,272.8426,472.6612,1544.0377,1603.4557,2.9134,8.7402,8.7402,3.5746,13.9497,16.8403,16.4396,55.2821,94.5278,124.6736,401.2756,535.4777,0.9715,3.886,3.886,0.0,0.0,0.0,0.0,0.0,0.0,9.2431,9.2431,9.2431,0.0,0.0,0.0,1.5538,18.9952,34.3433,39.2809,67.1222,237.6478,174.5612,365.5322,1641.2689,0.0,5.6328,7.2002,0.0,0.0,0.0,0.0,0.0,0.0,0.0,0.0,0.0,0.0,0.0,0.0,4.6788,12.0775,14.0951,17.5711,60.4517,98.9687,85.1016,309.8663,557.7473,1.3456,3.0016,3.0016,0.0,0.0535,0.0535,0.0,1.1044,1.1811,0.0,2.0401,3.7055,0.0,0.0,0.0,0.0692,2.3089,2.7104,1.4213,10.1627,17.0047,8.3291,60.8576,105.5528,0.0,0.6093,0.6093,0.49842,1.559094,1.685056,3.176648,9.675491,11.274487,19.531455,63.80321,66.2585,0.120388,0.361165,0.361165,0.001724,0.006706,0.008097,0.008034,0.026634,0.045494,0.060357,0.193261,0.257317,0.000467,0.001868,0.001868,0.0,0.0,0.0,0.0,0.0,0.0,0.039841,0.039841,0.039841,0.0,0.0,0.0,0.039637,0.484571,1.407106,0.955865,1.666102,8.11062,4.073651,8.945361,57.975374,0.0,0.143695,0.292965,0.0,0.0,0.0,0.0,0.0,0.0,0.0,0.0,0.0,0.0,0.0,0.0,0.00206,0.004428,0.004838,0.01006,0.028397,0.035314,0.041023,0.132735,0.183421,0.000555,0.000974,0.000974,0.0,0.001727,0.001727,0.0,0.035627,0.038101,0.0,0.06581,0.119531,0.0,0.0,0.0,3.1e-05,0.001026,0.001205,0.000632,0.004517,0.007561,0.003702,0.027614,0.047769,0.0,0.000271,0.000271,1.587075,4.964483,5.365573,10.115116,30.808799,35.90034,62.192264,203.162854,210.981012,0.383342,1.150027,1.150027,0.138379,0.569368,0.684895,0.506546,2.182141,3.79059,4.556365,15.922124,21.969668,0.039822,0.159288,0.159288,0.0,0.0,0.0,0.0,0.0,0.0,0.000119,0.000119,0.000119,0.0,0.0,0.0,15.537876,189.951758,267.283309,340.256721,618.669706,2023.576269,1313.99862,3223.709085,13023.025112,0.0,56.328385,56.329169,0.0,0.0,0.0,0.0,0.0,0.0,0.0,0.0,0.0,0.0,0.0,0.0,30.489908,68.20429,74.323471,87.261562,349.929138,454.188491,403.602779,1712.216274,2452.582749,9.214253,16.413952,16.413952,0.0,1e-06,1e-06,0.0,1.3e-05,1.4e-05,0.0,2.4e-05,4.4e-05,0.0,0.0,0.0,0.000303,0.010127,0.011888,0.006234,0.044533,0.074378,0.036531,0.232394,0.410761,0.0,0.002672,0.002672
BBS_CA_092_ALAMO_RIVER_2016,2016-05-28,2016-06-10,22.9541,66.1806,72.0915,211.401,595.0421,670.0773,730.3855,2043.808,2196.115,5.8268,11.6536,11.6536,4.6046,14.8171,16.8743,35.0072,106.5398,133.6274,124.8245,370.0265,423.0317,1.306,3.1227,3.1227,0.0,3.4778,12.2593,0.0,9.7921,40.2383,19.6603,39.4364,118.0092,0.0,0.7301,2.5121,0.0,24.4036,30.6692,27.0323,183.7928,263.3298,93.9467,720.9326,1051.2744,0.0,5.7022,5.7022,0.0,0.0,0.0,0.0,0.0,0.0,0.0,0.0,0.0,0.0,0.0,0.0,7.796,13.6535,15.7999,35.8375,79.7896,115.9727,121.8662,286.5903,415.4902,2.1592,3.1684,3.1684,0.0,0.0633,0.0633,0.0,1.2698,1.2698,0.8043,9.0293,37.7622,0.0,0.0,0.0,0.0,1.2795,1.9006,1.1554,9.2038,19.9412,4.0154,49.7953,119.7995,0.0,0.3046,0.3046,0.948517,2.734734,2.978988,8.73558,24.588517,27.689145,30.181218,84.454878,90.748555,0.240777,0.481554,0.481554,0.002163,0.007077,0.008059,0.016594,0.051148,0.064052,0.059213,0.17755,0.202774,0.000616,0.001486,0.001486,0.0,0.01499,0.052842,0.0,0.042207,0.173441,0.084743,0.169985,0.50866,0.0,0.003147,0.010828,0.0,0.622541,0.782378,0.6896,4.688591,6.717597,2.396599,18.794351,32.908511,0.0,0.145464,0.145464,0.0,0.0,0.0,0.0,0.0,0.0,0.0,0.0,0.0,0.0,0.0,0.0,0.003519,0.005473,0.006149,0.0155,0.032841,0.042504,0.051776,0.107259,0.13365,0.000976,0.001231,0.001231,0.0,3.2e-05,3.2e-05,0.0,0.000635,0.000635,0.000402,0.004515,0.93138,0.0,0.0,0.0,0.0,0.000569,0.000851,0.000514,0.004091,0.008984,0.001785,0.022518,0.055672,0.0,0.000135,0.000135,3.020278,8.707967,9.485724,27.815925,78.295015,88.168068,96.103351,268.922111,288.962505,0.766685,1.533369,1.533369,0.251351,0.661894,0.754135,1.722232,4.43199,5.683448,6.084542,15.50958,17.992514,0.068658,0.146197,0.146197,0.0,4.5e-05,0.000158,0.0,0.000126,0.000519,0.000253,0.000508,0.001521,0.0,9e-06,3.2e-05,0.0,244.036179,306.69205,270.323011,1837.927555,2633.297987,939.466764,7151.50193,8939.545298,0.0,57.021695,57.021695,0.0,0.0,0.0,0.0,0.0,0.0,0.0,0.0,0.0,0.0,0.0,0.0,58.137927,89.385511,99.018587,250.40202,513.3539,653.665185,812.985981,1633.974278,2034.314161,16.115227,20.502968,20.502968,0.0,0.0,0.0,0.0,1e-06,1e-06,1e-06,9e-06,0.000347,0.0,0.0,0.0,0.0,0.005612,0.007969,0.005068,0.040367,0.080071,0.017611,0.194856,0.377446,0.0,0.001336,0.001336
BBS_CA_092_ALAMO_RIVER_2017,2017-05-28,2017-06-10,76.6231,153.2865,158.0893,218.5881,815.5004,876.4687,643.4524,2092.3673,2185.9853,23.2999,34.9462,34.9462,25.0923,43.6823,43.8546,67.6428,213.1831,216.4581,183.1512,504.3191,520.4468,7.6917,10.4666,10.4666,0.0,0.0,0.0,0.0337,0.0337,2.914,44.4812,54.2942,101.4921,0.0,0.0,0.0,0.0,37.7155,58.5091,0.0,119.1794,419.0924,0.0,538.9863,1592.5752,0.0,11.4043,11.4043,0.0,0.0,0.0,0.0,0.0,0.0,0.0,0.0,0.0,0.0,0.0,0.0,7.0881,12.6611,13.3659,16.5349,50.6631,65.1211,42.9449,137.9765,287.6149,2.2067,3.329,3.329,0.0,0.0422,0.0422,0.0,0.8466,0.8488,7.9991,12.8587,38.2383,0.0,0.0,0.0,0.9433,2.6377,3.4617,1.5058,7.1001,17.9738,1.9807,36.0375,91.3907,0.3047,0.8124,0.8124,3.166242,6.334153,6.532617,9.032567,33.698363,36.217714,26.588942,86.46146,90.329972,0.962807,1.44406,1.44406,0.012001,0.020993,0.021069,0.032462,0.102588,0.104043,0.088026,0.24271,0.249878,0.003677,0.005027,0.005027,0.0,0.0,0.0,0.000145,0.000145,0.01256,0.191729,0.234027,0.437466,0.0,0.0,0.0,0.0,0.962131,1.598203,0.0,3.04029,14.538971,0.0,13.749651,81.733572,0.0,0.290927,0.290927,0.0,0.0,0.0,0.0,0.0,0.0,0.0,0.0,0.0,0.0,0.0,0.0,0.001805,0.003216,0.003394,0.004427,0.013067,0.016223,0.014473,0.040217,0.067326,0.000559,0.000843,0.000843,0.0,2.1e-05,2.1e-05,0.0,0.000423,0.000496,0.013887,0.126188,0.944884,0.0,0.0,0.0,0.000419,0.001172,0.001539,0.000669,0.003156,0.008011,0.000907,0.016431,0.04293,0.000135,0.000361,0.000361,10.081983,20.169277,20.801228,28.761594,107.302682,115.324827,84.664788,275.31149,287.629648,3.06578,4.598191,4.598191,1.101034,1.790057,1.804913,2.829437,8.564667,8.846992,7.495392,20.233514,21.401095,0.33976,0.433135,0.433135,0.0,0.0,0.0,0.0,0.0,3.8e-05,0.000573,0.0007,0.001308,0.0,0.0,0.0,0.0,377.155217,569.943266,0.0,1191.793501,3639.114689,0.0,5389.863125,9379.398908,0.0,114.043471,114.043471,0.0,0.0,0.0,0.0,0.0,0.0,0.0,0.0,0.0,0.0,0.0,0.0,30.780486,55.011031,58.075212,71.012247,219.395783,273.303395,172.92704,583.930931,1015.012639,9.594487,14.474025,14.474025,0.0,0.0,0.0,0.0,1e-06,1e-06,8e-05,0.000122,0.000421,0.0,0.0,0.0,0.004137,0.011569,0.015183,0.006605,0.031141,0.077432,0.007079,0.132831,0.259915,0.001336,0.003563,0.003563
BBS_CA_092_ALAMO_RIVER_2018,2018-05-28,2018-06-10,38.6564,119.664,126.2214,127.6881,448.4764,535.0312,360.6951,932.592,1132.365,10.9271,31.6905,31.6905,6.9681,16.3252,16.3252,19.5348,54.0542,54.0542,50.7809,108.2014,112.1879,2.0256,4.4922,4.4922,0.0,0.0,19.1345,0.0,0.0271,81.2567,0.0,45.7942,348.8861,0.0,0.0,3.8792,0.0,47.0829,58.1681,0.0,75.1573,223.4865,0.0,80.5547,666.9393,0.0,15.2058,15.2058,0.0,0.0,0.0,0.0,0.0,0.0,0.0,0.0,0.0,0.0,0.0,0.0,5.8449,13.8058,18.0787,15.3035,47.6861,70.1987,51.5661,164.8755,307.5147,1.7511,3.7695,4.5734,0.0,0.0,0.0,0.0,0.0,0.0,0.0,0.0,0.0,0.0,0.0,0.0,0.0994,0.1638,0.2243,2.0283,2.8455,4.5871,12.1986,35.2623,60.1335,0.0,0.0,0.0,1.597374,4.944795,5.21576,5.276367,18.532083,22.108727,14.904757,38.536859,46.791942,0.451532,1.309526,1.309526,0.003114,0.007551,0.007551,0.008898,0.024684,0.024684,0.023467,0.049432,0.051203,0.0009,0.002086,0.002086,0.0,0.0,0.082476,0.0,0.000117,0.350244,0.0,0.197389,1.50175,0.0,0.0,0.016721,0.0,1.201093,1.483881,0.0,1.917278,6.020614,0.0,2.054966,35.493139,0.0,0.387903,0.387903,0.0,0.0,0.0,0.0,0.0,0.0,0.0,0.0,0.0,0.0,0.0,0.0,0.00148,0.003495,0.004577,0.003874,0.012072,0.017772,0.011721,0.033565,0.060668,0.000443,0.000954,0.001158,0.0,0.0,0.0,0.0,0.0,0.0,0.0,0.0,0.0,0.0,0.0,0.0,4.4e-05,7.3e-05,0.0001,0.000901,0.001265,0.002039,0.00567,0.017132,0.028917,0.0,0.0,0.0,5.086374,15.745268,16.608078,16.801062,59.010053,70.398841,47.459885,122.709472,148.995393,1.437773,4.169806,4.169806,0.579457,1.037893,1.037893,1.414351,3.834323,3.834323,3.253489,7.647687,7.898275,0.174618,0.274805,0.274805,0.0,0.0,0.000247,0.0,0.0,0.001047,0.0,0.00059,0.004488,0.0,0.0,5e-05,0.0,470.828594,581.681299,0.0,751.57317,2189.056419,0.0,805.54682,3666.667685,0.0,152.057934,152.057934,0.0,0.0,0.0,0.0,0.0,0.0,0.0,0.0,0.0,0.0,0.0,0.0,25.412537,60.025165,78.602914,66.536759,207.330892,305.211774,197.486977,568.056747,980.256049,7.613667,16.389127,19.884381,0.0,0.0,0.0,0.0,0.0,0.0,0.0,0.0,0.0,0.0,0.0,0.0,0.000436,0.000718,0.000984,0.008896,0.01248,0.020113,0.038367,0.065679,0.130224,0.0,0.0,0.0
BBS_CA_092_ALAMO_RIVER_2019,2019-05-28,2019-06-10,128.1971,152.1293,153.1603,274.2649,320.6329,341.313,678.1725,729.915,808.4163,36.1834,42.4293,42.4293,12.9026,12.9522,13.6001,28.0228,29.0181,30.508,63.4708,65.6681,73.613,3.6019,3.6019,3.7429,5.2256,5.4351,20.742,8.3416,14.2537,77.3002,8.3416,64.9259,293.0115,1.6877,1.6877,4.5963,0.0,0.0,42.819,0.0,0.0,176.8673,0.0,14.7355,1042.8789,0.0,0.0,8.7892,0.0,0.0,0.0,0.0,0.0,0.0,0.0,0.0,0.0,0.0,0.0,0.0,16.8744,19.9389,21.1579,36.7017,43.2896,62.3582,87.9298,137.7992,394.753,4.7887,5.5863,5.7358,0.0,0.0,0.0,0.0,0.0,0.0022,2.5866,2.5866,34.2389,0.0,0.0,0.0,1.6414,4.0379,4.1589,3.9309,9.6823,12.1104,13.552,23.4823,78.237,0.5077,1.1153,1.1153,5.297401,6.286336,6.328936,11.333262,13.249295,14.103844,28.023659,30.161778,33.405632,1.495183,1.753277,1.753277,0.005734,0.005757,0.006045,0.012455,0.012897,0.013559,0.028209,0.029186,0.032717,0.001601,0.001601,0.001664,0.022524,0.023427,0.088106,0.035955,0.061438,0.330363,0.035955,0.279853,1.251732,0.007274,0.007274,0.019529,0.0,0.0,0.342098,0.0,0.0,8.712145,0.0,1.403384,80.851565,0.0,0.0,0.024482,0.0,0.0,0.0,0.0,0.0,0.0,0.0,0.0,0.0,0.0,0.0,0.0,0.004272,0.005048,0.005344,0.009292,0.010872,0.014849,0.022261,0.030688,0.063943,0.001212,0.001414,0.001452,0.0,0.0,0.0,0.0,0.0,7.1e-05,0.083439,0.083439,1.104479,0.0,0.0,0.0,0.000729,0.001795,0.001848,0.001747,0.004303,0.005382,0.006023,0.010437,0.036726,0.000226,0.000496,0.000496,16.86804,20.017017,20.152666,36.087493,42.188545,44.909608,89.233229,96.041452,106.370566,4.760978,5.582803,5.582803,1.112291,1.116569,1.148965,2.415756,2.501556,2.578936,5.471618,5.661045,6.167983,0.310513,0.310513,0.317559,6.7e-05,7e-05,0.000263,0.000107,0.000184,0.000986,0.000107,0.000837,0.003735,2.2e-05,2.2e-05,5.8e-05,0.0,0.0,57.728144,0.0,0.0,125.705145,0.0,0.007368,285.822528,0.0,0.0,12.555975,0.0,0.0,0.0,0.0,0.0,0.0,0.0,0.0,0.0,0.0,0.0,0.0,73.366831,86.690694,91.037331,159.572487,186.531673,234.747641,382.303603,490.935776,1009.295374,20.820614,24.288255,24.938348,0.0,0.0,0.0,0.0,0.0,0.0,3e-05,3e-05,0.000403,0.0,0.0,0.0,0.007199,0.01771,0.018241,0.017241,0.042466,0.053116,0.059438,0.102993,0.224052,0.002227,0.004892,0.004892
BBS_CA_092_ALAMO_RIVER_2020,2020-05-28,2020-06-10,34.3464,86.2391,86.2391,187.1069,438.3017,438.3017,767.412,1374.066,1374.066,9.5596,18.7376,18.7376,4.8388,10.1576,10.1576,23.8561,44.617,44.617,101.2886,145.7968,145.7968,1.3592,2.3661,2.3661,0.0,0.0,4.4018,0.0,0.0,27.633,25.4027,28.5942,261.4174,0.0,0.0,0.8335,4.7444,4.7444,4.7444,7.5734,7.5734,10.6436,7.5734,7.5734,122.7114,1.5322,1.5322,1.5322,0.0,0.0,0.0,0.0,0.0,0.0,0.0,0.0,0.0,0.0,0.0,0.0,8.8303,16.1387,18.1265,33.0488,66.0031,79.1551,116.5398,205.5166,245.9597,2.6176,4.0072,4.322,0.0,0.0,0.0528,0.0,0.0,1.0582,0.0,16.0376,29.9611,0.0,0.0,0.0,0.0692,1.3027,2.7452,1.56,8.3922,14.239,6.5877,34.2227,57.2261,0.0,0.3046,0.5855,1.419272,3.563599,3.563599,7.73169,18.111639,18.111639,31.71124,56.779587,56.779587,0.395025,0.774282,0.774282,0.002151,0.004514,0.004514,0.010603,0.01983,0.01983,0.045017,0.064799,0.064799,0.000604,0.001052,0.001052,0.0,0.0,0.018973,0.0,0.0,0.119108,0.109495,0.123251,1.126799,0.0,0.0,0.003593,0.091238,0.091238,0.091238,0.145642,0.145642,0.438049,0.145642,0.145642,7.992084,0.029466,0.029466,0.029466,0.0,0.0,0.0,0.0,0.0,0.0,0.0,0.0,0.0,0.0,0.0,0.0,0.001668,0.003518,0.003989,0.00746,0.015803,0.018483,0.028597,0.049537,0.057919,0.000479,0.000831,0.000911,0.0,0.0,9.2e-05,0.0,0.0,0.001837,0.0,0.517342,0.913075,0.0,0.0,0.0,3.1e-05,0.000579,0.00122,0.000693,0.00373,0.006328,0.002987,0.015773,0.026823,0.0,0.000135,0.00026,4.519261,11.347249,11.347249,24.619329,57.671271,57.671271,100.975263,180.798158,180.798158,1.257842,2.465476,2.465476,0.417142,0.875651,0.875651,2.056563,3.846292,3.846292,8.731775,12.568691,12.568691,0.117175,0.203978,0.203978,0.0,0.0,5.7e-05,0.0,0.0,0.000356,0.000327,0.000368,0.003369,0.0,0.0,1.1e-05,13.555397,13.555397,13.555397,21.638177,21.638177,21.639712,21.638177,21.638177,69.874823,4.377826,4.377826,4.377826,0.0,0.0,0.0,0.0,0.0,0.0,0.0,0.0,0.0,0.0,0.0,0.0,28.319744,60.095437,68.003751,127.611453,270.89125,313.34239,490.616078,849.333228,986.19024,8.12798,14.169619,15.538256,0.0,0.0,1e-06,0.0,0.0,1.1e-05,0.0,0.000189,0.000349,0.0,0.0,0.0,0.000303,0.005713,0.01204,0.006842,0.036808,0.062448,0.025282,0.115799,0.166309,0.0,0.001336,0.002568
BBS_CA_092_ALAMO_RIVER_2021,2021-05-28,2021-06-10,21.3009,49.4319,49.4319,157.0776,225.9148,225.9148,1381.5908,1525.2218,1525.2218,4.6331,10.7518,10.7518,1.5431,4.6294,4.6294,15.1841,21.9023,21.9023,138.3717,147.9859,147.9859,0.3356,1.0069,1.0069,10.1117,10.1117,10.4987,22.0112,23.738,29.8595,22.0112,98.0329,196.6932,2.1993,2.1993,2.2333,0.0,0.0,0.0,0.0,0.0,0.0,0.0,0.0,237.2648,0.0,0.0,0.0,0.0,0.0,0.0,0.0,0.0,0.0,0.0,0.0,0.0,0.0,0.0,0.0,2.2804,7.8773,8.8357,24.2137,59.3567,79.7582,256.1895,396.0426,618.6363,0.496,1.4868,1.4868,0.0,0.0,0.0,0.0,0.0,0.0,5.1135,5.1135,16.1534,0.0,0.0,0.0,0.0,1.2682,1.4591,1.372,5.1091,6.8784,24.2137,48.4208,54.2869,0.0,0.2758,0.3009,0.880201,2.042641,2.042641,6.490808,9.335323,9.335323,57.090531,63.025696,63.025696,0.191449,0.444287,0.444287,0.000686,0.002058,0.002058,0.006748,0.009734,0.009734,0.061499,0.065772,0.065772,0.000149,0.000448,0.000448,0.043585,0.043585,0.044811,0.094876,0.102319,0.127744,0.094876,0.422556,0.846854,0.00948,0.00948,0.00953,0.0,0.0,0.0,0.0,0.0,0.0,0.0,0.0,7.780113,0.0,0.0,0.0,0.0,0.0,0.0,0.0,0.0,0.0,0.0,0.0,0.0,0.0,0.0,0.0,0.000577,0.001844,0.001976,0.009374,0.014788,0.01793,0.104532,0.123572,0.157643,0.000126,0.000376,0.000376,0.0,0.0,0.0,0.0,0.0,0.0,0.002557,0.002557,0.358682,0.0,0.0,0.0,0.0,0.000564,0.000648,0.00061,0.002271,0.003057,0.011314,0.022525,0.025265,0.0,0.000123,0.000134,2.802747,6.5042,6.5042,20.668099,29.725632,29.725632,181.788269,200.687085,200.687085,0.609615,1.414705,1.414705,0.133028,0.399085,0.399085,1.308975,1.888131,1.888131,11.928591,12.757409,12.757409,0.028935,0.086804,0.086804,0.00013,0.00013,0.000134,0.000284,0.000306,0.000381,0.000284,0.001263,0.002531,2.8e-05,2.8e-05,2.8e-05,0.0,0.0,0.0,0.0,0.0,0.0,0.0,0.0,228.982602,0.0,0.0,0.0,0.0,0.0,0.0,0.0,0.0,0.0,0.0,0.0,0.0,0.0,0.0,0.0,9.914758,31.590473,33.624217,100.174326,191.188415,233.735192,1072.169611,1389.885234,1849.894527,2.156523,6.464341,6.464341,0.0,0.0,0.0,0.0,0.0,0.0,5e-06,5e-06,0.000135,0.0,0.0,0.0,0.0,0.005562,0.0064,0.006018,0.022408,0.030166,0.072566,0.151157,0.168749,0.0,0.00121,0.00132
BBS_CA_092_ALAMO_RIVER_2022,2022-05-28,2022-06-10,125.1318,158.3613,158.3613,270.0104,368.6474,368.6474,678.1289,1020.7499,1051.3499,31.9493,40.4666,40.4666,6.8204,7.4305,7.4305,15.2876,19.2584,19.2922,33.2721,52.6916,53.6298,1.7258,1.831,1.831,0.0,0.0,0.8003,0.0,0.0,11.7549,0.0,3.3366,95.8467,0.0,0.0,0.0,0.0,0.0,0.0,0.0,0.0,0.0,0.0,0.0,14.8618,0.0,0.0,0.0,0.0,0.0,0.0,0.0,0.0,0.0,0.0,0.0,0.0,0.0,0.0,0.0,18.8113,24.3833,24.8075,41.3467,60.066,65.8653,88.0272,152.1221,208.9209,4.7058,6.0535,6.0535,0.0,0.0,0.0,0.0,0.0,0.0,0.0,0.0,0.0,0.0,0.0,0.0,1.2682,3.5593,3.5593,2.8993,8.7521,8.7792,16.3017,37.3825,45.3695,0.2758,0.9083,0.9083,5.170735,6.543853,6.543853,11.157457,15.233364,15.233364,28.021854,42.179746,43.444209,1.32022,1.672174,1.672174,0.003031,0.003302,0.003302,0.006794,0.008559,0.008574,0.014788,0.023418,0.023835,0.000767,0.000814,0.000814,0.0,0.0,0.003449,0.0,0.0,0.050668,0.0,0.014382,0.413132,0.0,0.0,0.0,0.0,0.0,0.0,0.0,0.0,0.0,0.0,0.0,0.041398,0.0,0.0,0.0,0.0,0.0,0.0,0.0,0.0,0.0,0.0,0.0,0.0,0.0,0.0,0.0,0.006629,0.008039,0.008147,0.014531,0.019265,0.020734,0.026348,0.04173,0.05491,0.001597,0.001939,0.001939,0.0,0.0,0.0,0.0,0.0,0.0,0.0,0.0,0.0,0.0,0.0,0.0,0.000564,0.001582,0.001582,0.001289,0.00389,0.003902,0.00783,0.017199,0.020886,0.000123,0.000404,0.000404,16.464708,20.837007,20.837007,35.527691,48.506239,48.506239,89.227482,134.309192,138.335508,4.203857,5.324553,5.324553,0.587962,0.640557,0.640557,1.317898,1.660205,1.661894,2.868286,4.542378,4.589288,0.148779,0.157845,0.157845,0.0,0.0,1e-05,0.0,0.0,0.000151,0.0,4.3e-05,0.001235,0.0,0.0,0.0,0.0,0.0,0.0,0.0,0.0,0.0,0.0,0.0,21.231175,0.0,0.0,0.0,0.0,0.0,0.0,0.0,0.0,0.0,0.0,0.0,0.0,0.0,0.0,0.0,79.426568,103.652597,105.496689,174.626806,256.220768,281.435038,377.585774,647.376161,869.47825,19.946486,25.80592,25.80592,0.0,0.0,0.0,0.0,0.0,0.0,0.0,0.0,0.0,0.0,0.0,0.0,0.005562,0.015611,0.015611,0.012716,0.038386,0.038505,0.035846,0.128306,0.154987,0.00121,0.003984,0.003984
BBS_CA_092_ALAMO_RIVER_2023,2023-05-28,2023-06-10,6.8923,9.923,9.923,84.8003,105.9799,105.9799,920.5517,1080.7232,1080.7232,0.9811,1.4676,1.4676,0.9814,1.0732,1.0732,8.4079,10.2955,10.2955,88.9034,96.3565,96.3565,0.1648,0.1648,0.1648,6.2845,7.059,13.9086,13.6802,23.9138,57.297,13.6802,99.4926,529.8462,1.3669,1.4369,3.4621,0.0,0.0,4.1109,0.0,0.0,52.1846,0.0,2.0032,418.0424,0.0,0.0,0.0,0.0,0.0,0.0,0.0,0.0,0.0,0.0,0.0,0.0,0.0,0.0,0.0,1.3746,2.0905,9.2029,13.7968,22.1776,49.4481,154.1316,189.2288,350.0143,0.2202,0.302,1.9319,0.0,0.0,1.848,0.0,0.0,23.4591,0.0,0.0307,36.0525,0.0,0.0,0.0,0.3059,0.9915,1.3212,4.1144,9.8902,14.69,12.6744,37.0227,50.0862,0.0,0.1013,0.1234,0.284808,0.41004,0.41004,3.504145,4.379337,4.379337,38.039327,44.657984,44.657984,0.040542,0.060645,0.060645,0.000436,0.000477,0.000477,0.003737,0.004576,0.004576,0.039513,0.042825,0.042825,7.3e-05,7.3e-05,7.3e-05,0.027088,0.030427,0.059951,0.058966,0.103077,0.24697,0.058966,0.428847,2.28382,0.005892,0.006194,0.014923,0.0,0.0,0.011451,0.0,0.0,0.145361,0.0,0.00558,10.342659,0.0,0.0,0.0,0.0,0.0,0.0,0.0,0.0,0.0,0.0,0.0,0.0,0.0,0.0,0.0,0.000381,0.000569,0.00257,0.004012,0.00615,0.013398,0.056714,0.066011,0.111421,6.5e-05,8.7e-05,0.000574,0.0,0.0,0.059613,0.0,0.0,0.756744,0.0,0.00099,1.162985,0.0,0.0,0.0,0.000136,0.000443,0.000599,0.001829,0.004448,0.006766,0.005633,0.016542,0.022653,0.0,4.5e-05,5.5e-05,0.906888,1.305655,1.305655,11.157934,13.94473,13.94473,121.125224,142.200424,142.200424,0.129094,0.193108,0.193108,0.0846,0.09252,0.09252,0.724822,0.887542,0.887542,7.664084,8.306596,8.306596,0.014211,0.014211,0.014211,8.1e-05,9.1e-05,0.000179,0.000176,0.000308,0.000738,0.000176,0.001282,0.006828,1.8e-05,1.9e-05,4.5e-05,0.0,0.0,5.872683,0.0,0.0,74.549411,0.0,2.861773,455.432231,0.0,0.0,0.0,0.0,0.0,0.0,0.0,0.0,0.0,0.0,0.0,0.0,0.0,0.0,0.0,7.012424,10.778525,48.705738,72.223112,117.639077,270.783294,694.651837,873.869036,1607.287549,1.062486,1.483898,9.809186,0.0,0.0,2.2e-05,0.0,0.0,0.000276,0.0,0.0,0.000424,0.0,0.0,0.0,0.001342,0.004189,0.005074,0.018046,0.04017,0.049972,0.055589,0.157075,0.195767,0.0,0.000444,0.000541
BBS_CA_100_WISTER_2015,2015-05-28,2015-06-10,0.0,0.0,0.0,0.0,0.0,0.0,0.0,0.0,0.0,0.0,0.0,0.0,0.0,0.0,0.0,0.0,0.0,0.0,0.2833,0.5457,0.5457,0.0,0.0,0.0,0.0,0.0,0.0,0.0,0.0,0.0,0.0,0.0,0.0,0.0,0.0,0.0,0.0,0.0,0.0,0.0,0.0,0.0,0.0,0.0,0.0,0.0,0.0,0.0,0.0,0.0,0.0,0.0,0.0,0.0,0.0,0.0,0.0,0.0,0.0,0.0,0.0,0.0,0.0,0.0,0.0,0.0738,0.0,0.0,2.3588,0.0,0.0,0.0,0.0,0.0,0.0,0.0,0.0,0.0,0.0,0.0,3.9391,0.0,0.0,0.0,0.0,0.0,0.0,0.0,0.0,0.0,0.0,0.0,0.0,0.0,0.0,0.0,0.0,0.0,0.0,0.0,0.0,0.0,0.0,0.0,0.0,0.0,0.0,0.0,0.0,0.0,0.0,0.0,0.0,0.0,0.000126,0.000243,0.000243,0.0,0.0,0.0,0.0,0.0,0.0,0.0,0.0,0.0,0.0,0.0,0.0,0.0,0.0,0.0,0.0,0.0,0.0,0.0,0.0,0.0,0.0,0.0,0.0,0.0,0.0,0.0,0.0,0.0,0.0,0.0,0.0,0.0,0.0,0.0,0.0,0.0,0.0,0.0,0.0,0.0,0.0,0.0,0.0,8e-06,0.0,0.0,0.000241,0.0,0.0,0.0,0.0,0.0,0.0,0.0,0.0,0.0,0.0,0.0,0.009161,0.0,0.0,0.0,0.0,0.0,0.0,0.0,0.0,0.0,0.0,0.0,0.0,0.0,0.0,0.0,0.0,0.0,0.0,0.0,0.0,0.0,0.0,0.0,0.0,0.0,0.0,0.0,0.0,0.0,0.0,0.0,0.0,0.0,0.024422,0.047046,0.047046,0.0,0.0,0.0,0.0,0.0,0.0,0.0,0.0,0.0,0.0,0.0,0.0,0.0,0.0,0.0,0.0,0.0,0.0,0.0,0.0,0.0,0.0,0.0,0.0,0.0,0.0,0.0,0.0,0.0,0.0,0.0,0.0,0.0,0.0,0.0,0.0,0.0,0.0,0.0,0.0,0.0,0.0,0.0,0.0,0.123013,0.0,0.0,3.931405,0.0,0.0,0.0,0.0,0.0,0.0,0.0,0.0,0.0,0.0,0.0,9.8e-05,0.0,0.0,0.0,0.0,0.0,0.0,0.0,0.0,0.0,0.0,0.0,0.0,0.0,0.0,0.0
BBS_CA_100_WISTER_2016,2016-05-28,2016-06-10,0.0,0.0,0.0,0.0,0.0,0.0,0.0,0.0,0.0,0.0,0.0,0.0,0.0,0.0,0.0,0.0,0.0,0.0,0.0,0.0,0.0,0.0,0.0,0.0,0.0,0.0,0.0,0.0,0.0,0.0,0.0,0.0,0.0,0.0,0.0,0.0,0.0,0.0,0.0,0.0,0.0,0.0,0.0,0.0,0.0,0.0,0.0,0.0,0.0,0.0,0.0,0.0,0.0,0.0,0.0,0.0,0.0,0.0,0.0,0.0,0.0,0.0,0.0,0.0,0.0,0.0,0.0,0.0,0.0,0.0,0.0,0.0,0.0,0.0,0.0,0.0,0.0,0.0,0.0,0.0,0.0,0.0,0.0,0.0,0.0,0.0,0.0,0.0,0.0,0.0,0.0,42.6223,43.4351,0.0,0.0,0.0,0.0,0.0,0.0,0.0,0.0,0.0,0.0,0.0,0.0,0.0,0.0,0.0,0.0,0.0,0.0,0.0,0.0,0.0,0.0,0.0,0.0,0.0,0.0,0.0,0.0,0.0,0.0,0.0,0.0,0.0,0.0,0.0,0.0,0.0,0.0,0.0,0.0,0.0,0.0,0.0,0.0,0.0,0.0,0.0,0.0,0.0,0.0,0.0,0.0,0.0,0.0,0.0,0.0,0.0,0.0,0.0,0.0,0.0,0.0,0.0,0.0,0.0,0.0,0.0,0.0,0.0,0.0,0.0,0.0,0.0,0.0,0.0,0.0,0.0,0.0,0.0,0.0,0.0,0.0,0.0,0.0,0.0,0.0,0.0,0.0,0.0,0.0,0.0,0.0,0.0,0.0,0.018943,0.019304,0.0,0.0,0.0,0.0,0.0,0.0,0.0,0.0,0.0,0.0,0.0,0.0,0.0,0.0,0.0,0.0,0.0,0.0,0.0,0.0,0.0,0.0,0.0,0.0,0.0,0.0,0.0,0.0,0.0,0.0,0.0,0.0,0.0,0.0,0.0,0.0,0.0,0.0,0.0,0.0,0.0,0.0,0.0,0.0,0.0,0.0,0.0,0.0,0.0,0.0,0.0,0.0,0.0,0.0,0.0,0.0,0.0,0.0,0.0,0.0,0.0,0.0,0.0,0.0,0.0,0.0,0.0,0.0,0.0,0.0,0.0,0.0,0.0,0.0,0.0,0.0,0.0,0.0,0.0,0.0,0.0,0.0,0.0,0.0,0.0,0.0,0.0,0.0,0.0,0.0,0.0,0.0,0.0,0.0,0.18694,0.190505,0.0,0.0,0.0
BBS_CA_100_WISTER_2017,2017-05-28,2017-06-10,0.0,0.0,0.0,0.0,0.0,0.0,0.0,0.0,0.0,0.0,0.0,0.0,0.0,0.0,0.0,0.0,0.0,0.0,0.0,0.0,0.0,0.0,0.0,0.0,0.0,0.0,0.0,0.0,0.0,0.0,0.0,0.0,0.0,0.0,0.0,0.0,0.0,0.0,0.0,0.0,0.0,0.0,79.5403,79.5403,79.5403,0.0,0.0,0.0,0.0,0.0,0.0,0.0,0.0,0.0,0.0,0.0,0.0,0.0,0.0,0.0,0.0,0.0,0.0,0.0,0.0,0.0,0.0,0.0,0.0,0.0,0.0,0.0,0.0,0.0,0.0,0.0,0.0,0.0,0.0,0.0,0.0,0.0,0.0,0.0,0.0,0.0,0.0,0.0,0.0,0.0,1.8537,2.0747,46.4556,0.0,0.0,0.0,0.0,0.0,0.0,0.0,0.0,0.0,0.0,0.0,0.0,0.0,0.0,0.0,0.0,0.0,0.0,0.0,0.0,0.0,0.0,0.0,0.0,0.0,0.0,0.0,0.0,0.0,0.0,0.0,0.0,0.0,0.0,0.0,0.0,0.0,0.0,0.0,0.0,0.0,0.0,0.0,0.0,0.0,0.221561,0.221561,0.221561,0.0,0.0,0.0,0.0,0.0,0.0,0.0,0.0,0.0,0.0,0.0,0.0,0.0,0.0,0.0,0.0,0.0,0.0,0.0,0.0,0.0,0.0,0.0,0.0,0.0,0.0,0.0,0.0,0.0,0.0,0.0,0.0,0.0,0.0,0.0,0.0,0.0,0.0,0.0,0.0,0.0,0.0,0.0,0.0,0.0,0.000824,0.000922,0.020647,0.0,0.0,0.0,0.0,0.0,0.0,0.0,0.0,0.0,0.0,0.0,0.0,0.0,0.0,0.0,0.0,0.0,0.0,0.0,0.0,0.0,0.0,0.0,0.0,0.0,0.0,0.0,0.0,0.0,0.0,0.0,0.0,0.0,0.0,0.0,0.0,0.0,0.0,0.0,0.0,0.0,0.0,0.0,0.0,0.0,113.628972,113.628972,113.628972,0.0,0.0,0.0,0.0,0.0,0.0,0.0,0.0,0.0,0.0,0.0,0.0,0.0,0.0,0.0,0.0,0.0,0.0,0.0,0.0,0.0,0.0,0.0,0.0,0.0,0.0,0.0,0.0,0.0,0.0,0.0,0.0,0.0,0.0,0.0,0.0,0.0,0.0,0.0,0.0,0.0,0.0,0.0,0.0,0.0,0.00813,0.0091,0.203753,0.0,0.0,0.0
BBS_CA_100_WISTER_2019,2019-05-28,2019-06-10,0.0,0.0,0.0,0.0,0.0,0.0,0.0,0.0,0.0,0.0,0.0,0.0,0.0,0.0,0.0,0.0,0.0,0.0,30.7125,30.7125,30.7125,0.0,0.0,0.0,0.0,0.0,0.0,0.0,0.0,0.0,0.0,0.0,0.0,0.0,0.0,0.0,0.0,0.0,0.0,0.0,0.0,0.0,0.0,0.0,0.0,0.0,0.0,0.0,0.0,0.0,0.0,0.0,0.0,0.0,0.0,0.0,0.0,0.0,0.0,0.0,0.0,0.0,0.0,0.0,0.0,0.0,0.0,0.0,0.0,0.0,0.0,0.0,0.0,0.0,0.0,0.0,0.0,0.0,0.0,0.0,0.0,0.0,0.0,0.0,0.0,0.0,0.0,0.0,0.0,0.0,0.0,5.7656,10.7702,0.0,0.0,0.0,0.0,0.0,0.0,0.0,0.0,0.0,0.0,0.0,0.0,0.0,0.0,0.0,0.0,0.0,0.0,0.0,0.0,0.0,0.01365,0.01365,0.01365,0.0,0.0,0.0,0.0,0.0,0.0,0.0,0.0,0.0,0.0,0.0,0.0,0.0,0.0,0.0,0.0,0.0,0.0,0.0,0.0,0.0,0.0,0.0,0.0,0.0,0.0,0.0,0.0,0.0,0.0,0.0,0.0,0.0,0.0,0.0,0.0,0.0,0.0,0.0,0.0,0.0,0.0,0.0,0.0,0.0,0.0,0.0,0.0,0.0,0.0,0.0,0.0,0.0,0.0,0.0,0.0,0.0,0.0,0.0,0.0,0.0,0.0,0.0,0.0,0.0,0.0,0.0,0.0,0.0,0.0,0.002562,0.004787,0.0,0.0,0.0,0.0,0.0,0.0,0.0,0.0,0.0,0.0,0.0,0.0,0.0,0.0,0.0,0.0,0.0,0.0,0.0,0.0,0.0,1.535626,1.535626,1.535626,0.0,0.0,0.0,0.0,0.0,0.0,0.0,0.0,0.0,0.0,0.0,0.0,0.0,0.0,0.0,0.0,0.0,0.0,0.0,0.0,0.0,0.0,0.0,0.0,0.0,0.0,0.0,0.0,0.0,0.0,0.0,0.0,0.0,0.0,0.0,0.0,0.0,0.0,0.0,0.0,0.0,0.0,0.0,0.0,0.0,0.0,0.0,0.0,0.0,0.0,0.0,0.0,0.0,0.0,0.0,0.0,0.0,0.0,0.0,0.0,0.0,0.0,0.0,0.0,0.0,0.0,0.0,0.0,0.0,0.0,0.025288,0.047238,0.0,0.0,0.0
BBS_CA_100_WISTER_2020,2020-05-28,2020-06-10,0.0,0.0,0.0,0.0,0.0,0.0,0.0,0.0,0.0,0.0,0.0,0.0,0.0,0.0,0.0,0.0,0.0,0.0,0.0,0.0,0.0,0.0,0.0,0.0,0.0,0.0,0.0,0.0,0.0,0.0,0.0,0.0,0.0,0.0,0.0,0.0,0.0,0.0,0.0,0.0,0.0,0.0,0.0,0.0,0.0,0.0,0.0,0.0,0.0,0.0,0.0,0.0,0.0,0.0,0.0,0.0,0.0,0.0,0.0,0.0,0.0,0.0,0.0,0.0,0.0,0.0,0.0,0.0,0.0,0.0,0.0,0.0,0.0,0.0,0.0,0.0,0.0,0.0,0.0,0.0,1.5531,0.0,0.0,0.0,0.0,0.0,0.0,0.0,0.0,0.0,0.0,8.53,17.2197,0.0,0.0,0.0,0.0,0.0,0.0,0.0,0.0,0.0,0.0,0.0,0.0,0.0,0.0,0.0,0.0,0.0,0.0,0.0,0.0,0.0,0.0,0.0,0.0,0.0,0.0,0.0,0.0,0.0,0.0,0.0,0.0,0.0,0.0,0.0,0.0,0.0,0.0,0.0,0.0,0.0,0.0,0.0,0.0,0.0,0.0,0.0,0.0,0.0,0.0,0.0,0.0,0.0,0.0,0.0,0.0,0.0,0.0,0.0,0.0,0.0,0.0,0.0,0.0,0.0,0.0,0.0,0.0,0.0,0.0,0.0,0.0,0.0,0.0,0.0,0.0,0.0,0.0,0.0,0.0,0.0,0.0,0.0,0.002696,0.0,0.0,0.0,0.0,0.0,0.0,0.0,0.0,0.0,0.0,0.003791,0.007653,0.0,0.0,0.0,0.0,0.0,0.0,0.0,0.0,0.0,0.0,0.0,0.0,0.0,0.0,0.0,0.0,0.0,0.0,0.0,0.0,0.0,0.0,0.0,0.0,0.0,0.0,0.0,0.0,0.0,0.0,0.0,0.0,0.0,0.0,0.0,0.0,0.0,0.0,0.0,0.0,0.0,0.0,0.0,0.0,0.0,0.0,0.0,0.0,0.0,0.0,0.0,0.0,0.0,0.0,0.0,0.0,0.0,0.0,0.0,0.0,0.0,0.0,0.0,0.0,0.0,0.0,0.0,0.0,0.0,0.0,0.0,0.0,0.0,0.0,0.0,0.0,0.0,0.0,0.0,0.0,0.0,0.0,0.0,1.6e-05,0.0,0.0,0.0,0.0,0.0,0.0,0.0,0.0,0.0,0.0,0.037412,0.075525,0.0,0.0,0.0
BBS_CA_100_WISTER_2021,2021-05-28,2021-06-10,0.0,0.0,0.0,0.0,0.0,0.0,0.0,0.0,0.0,0.0,0.0,0.0,0.0,0.0,0.0,0.0,0.0,0.0,26.785,38.376,38.376,0.0,0.0,0.0,0.0,0.0,0.0,0.0,0.0,0.0,0.0,0.0,0.0,0.0,0.0,0.0,0.0,0.0,0.0,0.0,0.0,0.1379,0.0,0.0,4.406,0.0,0.0,0.0,0.0,0.0,0.0,0.0,0.0,0.0,0.0,0.0,0.0,0.0,0.0,0.0,0.0,0.0,0.0,0.0,0.0,0.0,0.0,0.0,0.0,0.0,0.0,0.0,0.0,0.0,0.0,0.0,0.0,0.0,0.0,0.0,0.0,0.0,0.0,0.0,0.0,0.0,0.0,0.0,0.0,0.0,30.8799,42.5499,76.3205,0.0,0.0,0.0,0.0,0.0,0.0,0.0,0.0,0.0,0.0,0.0,0.0,0.0,0.0,0.0,0.0,0.0,0.0,0.0,0.0,0.0,0.011904,0.017056,0.017056,0.0,0.0,0.0,0.0,0.0,0.0,0.0,0.0,0.0,0.0,0.0,0.0,0.0,0.0,0.0,0.0,0.0,0.0,0.0,0.0,0.002651,0.0,0.0,0.084731,0.0,0.0,0.0,0.0,0.0,0.0,0.0,0.0,0.0,0.0,0.0,0.0,0.0,0.0,0.0,0.0,0.0,0.0,0.0,0.0,0.0,0.0,0.0,0.0,0.0,0.0,0.0,0.0,0.0,0.0,0.0,0.0,0.0,0.0,0.0,0.0,0.0,0.0,0.0,0.0,0.0,0.0,0.0,0.0,0.0,0.013724,0.019559,0.034569,0.0,0.0,0.0,0.0,0.0,0.0,0.0,0.0,0.0,0.0,0.0,0.0,0.0,0.0,0.0,0.0,0.0,0.0,0.0,0.0,0.0,1.339248,1.9188,1.9188,0.0,0.0,0.0,0.0,0.0,0.0,0.0,0.0,0.0,0.0,0.0,0.0,0.0,0.0,0.0,0.0,0.0,0.0,0.0,0.0,0.393898,0.0,0.0,12.588657,0.0,0.0,0.0,0.0,0.0,0.0,0.0,0.0,0.0,0.0,0.0,0.0,0.0,0.0,0.0,0.0,0.0,0.0,0.0,0.0,0.0,0.0,0.0,0.0,0.0,0.0,0.0,0.0,0.0,0.0,0.0,0.0,0.0,0.0,0.0,0.0,0.0,0.0,0.0,0.0,0.0,0.0,0.0,0.0,0.0,0.135438,0.147108,0.295225,0.0,0.0,0.0
BBS_CA_100_WISTER_2022,2022-05-28,2022-06-10,0.0,0.0,0.0,0.0,0.0,0.0,0.0,0.0,0.0,0.0,0.0,0.0,0.0,0.0,0.0,0.0,0.0,0.0,0.0,0.0,0.0,0.0,0.0,0.0,0.0,0.0,0.0,0.0,0.0,0.0,0.0,0.0,0.0,0.0,0.0,0.0,0.0,0.0,0.0,0.0,0.0,0.0,0.0,0.0,54.7139,0.0,0.0,0.0,0.0,0.0,0.0,0.0,0.0,0.0,0.0,0.0,0.0,0.0,0.0,0.0,0.0,0.0,0.0,0.0,0.0,0.0,0.0,0.0,0.0,0.0,0.0,0.0,0.0,0.0,0.0,0.0,0.0,0.0,0.0,0.0,0.0,0.0,0.0,0.0,0.0,0.0,0.0,0.0,0.0,0.0,0.0,0.9411,7.2224,0.0,0.0,0.0,0.0,0.0,0.0,0.0,0.0,0.0,0.0,0.0,0.0,0.0,0.0,0.0,0.0,0.0,0.0,0.0,0.0,0.0,0.0,0.0,0.0,0.0,0.0,0.0,0.0,0.0,0.0,0.0,0.0,0.0,0.0,0.0,0.0,0.0,0.0,0.0,0.0,0.0,0.0,0.0,0.0,0.0,0.0,0.0,5.210845,0.0,0.0,0.0,0.0,0.0,0.0,0.0,0.0,0.0,0.0,0.0,0.0,0.0,0.0,0.0,0.0,0.0,0.0,0.0,0.0,0.0,0.0,0.0,0.0,0.0,0.0,0.0,0.0,0.0,0.0,0.0,0.0,0.0,0.0,0.0,0.0,0.0,0.0,0.0,0.0,0.0,0.0,0.0,0.0,0.0,0.0,0.000418,0.00321,0.0,0.0,0.0,0.0,0.0,0.0,0.0,0.0,0.0,0.0,0.0,0.0,0.0,0.0,0.0,0.0,0.0,0.0,0.0,0.0,0.0,0.0,0.0,0.0,0.0,0.0,0.0,0.0,0.0,0.0,0.0,0.0,0.0,0.0,0.0,0.0,0.0,0.0,0.0,0.0,0.0,0.0,0.0,0.0,0.0,0.0,0.0,0.027357,0.0,0.0,0.0,0.0,0.0,0.0,0.0,0.0,0.0,0.0,0.0,0.0,0.0,0.0,0.0,0.0,0.0,0.0,0.0,0.0,0.0,0.0,0.0,0.0,0.0,0.0,0.0,0.0,0.0,0.0,0.0,0.0,0.0,0.0,0.0,0.0,0.0,0.0,0.0,0.0,0.0,0.0,0.0,0.0,0.0,0.0,0.004128,0.031677,0.0,0.0,0.0
BBS_CA_100_WISTER_2023,2023-05-28,2023-06-10,0.0,0.0,0.0,0.0,0.0,0.0,0.0,0.0,0.0,0.0,0.0,0.0,0.0,0.0,0.0,0.0,0.0,0.0,25.2783,49.1768,49.1768,0.0,0.0,0.0,0.0,0.0,0.0,0.0,0.0,0.0,0.0,0.0,0.0,0.0,0.0,0.0,0.0,0.0,0.0,0.0,0.0,0.0,0.0,0.0,0.0,0.0,0.0,0.0,0.0,0.0,0.0,0.0,0.0,0.0,0.0,0.0,0.0,0.0,0.0,0.0,0.0,0.0,0.0,0.0,0.0,0.0468,0.0,0.9976,8.7029,0.0,0.0,0.0,0.0,0.0,0.0,0.0,0.1713,0.1713,0.0,5.474,5.474,0.0,0.0,0.0,0.0,0.0,0.0553,0.0,0.0,1.6326,0.0,6.7031,41.0613,0.0,0.0,0.0,0.0,0.0,0.0,0.0,0.0,0.0,0.0,0.0,0.0,0.0,0.0,0.0,0.0,0.0,0.0,0.0,0.0,0.0,0.011235,0.021856,0.021856,0.0,0.0,0.0,0.0,0.0,0.0,0.0,0.0,0.0,0.0,0.0,0.0,0.0,0.0,0.0,0.0,0.0,0.0,0.0,0.0,0.0,0.0,0.0,0.0,0.0,0.0,0.0,0.0,0.0,0.0,0.0,0.0,0.0,0.0,0.0,0.0,0.0,0.0,0.0,0.0,0.0,0.0,0.0,0.0,5e-06,0.0,0.000253,0.00211,0.0,0.0,0.0,0.0,0.0,0.0,0.0,8.6e-05,8.6e-05,0.0,0.002737,0.002737,0.0,0.0,0.0,0.0,0.0,2.8e-05,0.0,0.0,0.000816,0.0,0.002979,0.019011,0.0,0.0,0.0,0.0,0.0,0.0,0.0,0.0,0.0,0.0,0.0,0.0,0.0,0.0,0.0,0.0,0.0,0.0,0.0,0.0,0.0,1.263917,2.458839,2.458839,0.0,0.0,0.0,0.0,0.0,0.0,0.0,0.0,0.0,0.0,0.0,0.0,0.0,0.0,0.0,0.0,0.0,0.0,0.0,0.0,0.0,0.0,0.0,0.0,0.0,0.0,0.0,0.0,0.0,0.0,0.0,0.0,0.0,0.0,0.0,0.0,0.0,0.0,0.0,0.0,0.0,0.0,0.0,0.0,0.077977,0.0,4.337437,33.344605,0.0,0.0,0.0,0.0,0.0,0.0,0.0,0.0,0.0,0.0,6e-06,6e-06,0.0,0.0,0.0,0.0,0.0,5.5e-05,0.0,0.0,0.001633,0.0,0.0294,0.13369,0.0,0.0,0.0
BBS_CA_112_PEARBLOSSOM_2015,2015-05-28,2015-06-10,0.0,0.0,0.0,0.0,0.0,0.0,0.0,0.0,0.0,0.0,0.0,0.0,0.0,0.0,0.0,0.0,0.0,0.0,0.0004,0.0004,0.0004,0.0,0.0,0.0,0.0,0.0,0.0,0.0,0.0,0.0,0.0,0.0,0.0,0.0,0.0,0.0,0.0,0.0,0.0,0.0,0.0,0.0,0.0,0.0,0.0,0.0,0.0,0.0,0.0,0.0,0.0,0.0,0.0,0.0,0.0159,0.0159,0.0159,0.0,0.0,0.0,0.0,0.0,0.0,0.0,0.0,0.0,0.0,0.0,0.0,0.0,0.0,0.0,0.0,0.0,0.0,0.0,0.0,0.0,0.0,0.0,0.0,0.0,0.0,0.0,0.0,0.0,0.0,0.0,0.0,0.0,0.0003,0.0003,0.0003,0.0,0.0,0.0,0.0,0.0,0.0,0.0,0.0,0.0,0.0,0.0,0.0,0.0,0.0,0.0,0.0,0.0,0.0,0.0,0.0,0.0,0.0,0.0,0.0,0.0,0.0,0.0,0.0,0.0,0.0,0.0,0.0,0.0,0.0,0.0,0.0,0.0,0.0,0.0,0.0,0.0,0.0,0.0,0.0,0.0,0.0,0.0,0.0,0.0,0.0,0.0,0.0,0.0,0.0,0.0,0.0,0.0,0.000162,0.000162,0.000162,0.0,0.0,0.0,0.0,0.0,0.0,0.0,0.0,0.0,0.0,0.0,0.0,0.0,0.0,0.0,0.0,0.0,0.0,0.0,0.0,0.0,0.0,0.0,0.0,0.0,0.0,0.0,0.0,0.0,0.0,0.0,0.0,0.0,0.0,0.0,0.0,0.0,0.0,0.0,0.0,0.0,0.0,0.0,0.0,0.0,0.0,0.0,0.0,0.0,0.0,0.0,0.0,0.0,0.0,0.0,0.0,0.0,3.7e-05,3.7e-05,3.7e-05,0.0,0.0,0.0,0.0,0.0,0.0,0.0,0.0,0.0,0.0,0.0,0.0,0.0,0.0,0.0,0.0,0.0,0.0,0.0,0.0,0.0,0.0,0.0,0.0,0.0,0.0,0.0,0.0,0.0,0.0,0.0,0.0,0.0,0.0,0.0,0.0,0.0,0.0,0.0,0.0,0.0,0.0,0.0,0.0,0.0,0.0,0.0,0.0,0.0,0.0,0.0,0.0,0.0,0.0,0.0,0.0,0.0,0.0,0.0,0.0,0.0,0.0,0.0,0.0,0.0,0.0,0.0,0.0,0.0,0.0,0.0,0.0,0.0,0.0,0.0
BBS_CA_112_PEARBLOSSOM_2016,2016-05-28,2016-06-10,0.0,0.0,0.0,0.0,0.0,0.0,0.0,0.0,0.0,0.0,0.0,0.0,0.0,0.0,0.0,0.0,0.0,0.0,0.3106,0.6076,0.6076,0.0,0.0,0.0,0.0,0.0,0.0,0.0,0.0,0.0,0.0,0.0,0.0,0.0,0.0,0.0,0.0,0.0,0.0,0.0,0.0,0.0,0.0,0.0,0.0,0.0,0.0,0.0,0.0,0.0,0.0,0.0,0.0,0.0,0.0,0.0,0.0,0.0,0.0,0.0,0.0,0.0,0.0,0.0,0.0,0.0,0.0,0.0,0.0,0.0,0.0,0.0,0.0,0.0,0.0,0.0,0.0,0.0,0.0,0.0,0.0,0.0,0.0,0.0,0.0,0.0,0.0,0.0,0.0,0.0,0.0005,0.0005,0.001,0.0,0.0,0.0,0.0,0.0,0.0,0.0,0.0,0.0,0.0,0.0,0.0,0.0,0.0,0.0,0.0,0.0,0.0,0.0,0.0,0.0,0.000138,0.00027,0.00027,0.0,0.0,0.0,0.0,0.0,0.0,0.0,0.0,0.0,0.0,0.0,0.0,0.0,0.0,0.0,0.0,0.0,0.0,0.0,0.0,0.0,0.0,0.0,0.0,0.0,0.0,0.0,0.0,0.0,0.0,0.0,0.0,0.0,0.0,0.0,0.0,0.0,0.0,0.0,0.0,0.0,0.0,0.0,0.0,0.0,0.0,0.0,0.0,0.0,0.0,0.0,0.0,0.0,0.0,0.0,0.0,0.0,0.0,0.0,0.0,0.0,0.0,0.0,0.0,0.0,0.0,0.0,0.0,0.0,0.0,0.0,1e-06,0.0,0.0,0.0,0.0,0.0,0.0,0.0,0.0,0.0,0.0,0.0,0.0,0.0,0.0,0.0,0.0,0.0,0.0,0.0,0.0,0.0,0.02678,0.052378,0.052378,0.0,0.0,0.0,0.0,0.0,0.0,0.0,0.0,0.0,0.0,0.0,0.0,0.0,0.0,0.0,0.0,0.0,0.0,0.0,0.0,0.0,0.0,0.0,0.0,0.0,0.0,0.0,0.0,0.0,0.0,0.0,0.0,0.0,0.0,0.0,0.0,0.0,0.0,0.0,0.0,0.0,0.0,0.0,0.0,0.0,0.0,0.0,0.0,0.0,0.0,0.0,0.0,0.0,0.0,0.0,0.0,0.0,0.0,0.0,0.0,0.0,0.0,0.0,0.0,0.0,0.0,0.0,0.0,0.0,0.0,0.0,1e-06,0.0,0.0,0.0
BBS_CA_112_PEARBLOSSOM_2017,2017-05-28,2017-06-10,0.0,0.0,0.0,0.0,0.0,0.0,0.0,0.0,0.0,0.0,0.0,0.0,0.0,0.0,0.0,0.0,0.0,0.0,0.0,0.0,0.0,0.0,0.0,0.0,0.0,0.0,0.0,0.0,0.0,0.0,0.0,0.0,0.0,0.0,0.0,0.0,0.0,0.0,0.0,0.0,0.0,0.0,0.0,0.0,0.0,0.0,0.0,0.0,0.0,0.0,0.0,0.0,0.0,0.0,0.0,0.0,0.0,0.0,0.0,0.0,0.0,0.0,0.0,0.0,0.0,0.0,0.0,0.0,0.0,0.0,0.0,0.0,0.0,0.0,0.0,0.0,0.0,0.0,0.0,0.0,0.0,0.0,0.0,0.0,0.0,0.0,0.0,0.0,0.0,0.0,0.0,0.0,0.0004,0.0,0.0,0.0,0.0,0.0,0.0,0.0,0.0,0.0,0.0,0.0,0.0,0.0,0.0,0.0,0.0,0.0,0.0,0.0,0.0,0.0,0.0,0.0,0.0,0.0,0.0,0.0,0.0,0.0,0.0,0.0,0.0,0.0,0.0,0.0,0.0,0.0,0.0,0.0,0.0,0.0,0.0,0.0,0.0,0.0,0.0,0.0,0.0,0.0,0.0,0.0,0.0,0.0,0.0,0.0,0.0,0.0,0.0,0.0,0.0,0.0,0.0,0.0,0.0,0.0,0.0,0.0,0.0,0.0,0.0,0.0,0.0,0.0,0.0,0.0,0.0,0.0,0.0,0.0,0.0,0.0,0.0,0.0,0.0,0.0,0.0,0.0,0.0,0.0,0.0,0.0,0.0,0.0,0.0,0.0,0.0,0.0,0.0,0.0,0.0,0.0,0.0,0.0,0.0,0.0,0.0,0.0,0.0,0.0,0.0,0.0,0.0,0.0,0.0,0.0,0.0,0.0,0.0,0.0,0.0,0.0,0.0,0.0,0.0,0.0,0.0,0.0,0.0,0.0,0.0,0.0,0.0,0.0,0.0,0.0,0.0,0.0,0.0,0.0,0.0,0.0,0.0,0.0,0.0,0.0,0.0,0.0,0.0,0.0,0.0,0.0,0.0,0.0,0.0,0.0,0.0,0.0,0.0,0.0,0.0,0.0,0.0,0.0,0.0,0.0,0.0,0.0,0.0,0.0,0.0,0.0,0.0,0.0,0.0,0.0,0.0,0.0,0.0,0.0,0.0,0.0,0.0,0.0,0.0,0.0,0.0,0.0,0.0,0.0,0.0,0.0,2e-06,0.0,0.0,0.0
BBS_CA_112_PEARBLOSSOM_2018,2018-05-28,2018-06-10,0.0,0.0,0.0,0.0,0.0,0.0,0.0,0.0,0.0,0.0,0.0,0.0,0.0,0.0,0.0,0.0,0.0,0.0,0.0,0.0,0.0,0.0,0.0,0.0,0.0,0.0,0.0,0.0,0.0,0.0,0.0,0.0,0.0,0.0,0.0,0.0,0.0,0.0,0.0,0.0,0.0,0.0,0.0,0.0,0.0,0.0,0.0,0.0,0.0,0.0,0.0,0.0,0.0,0.0,0.0,0.0,0.0,0.0,0.0,0.0,0.0,0.0,0.0,0.0,0.0,0.0,0.0,0.0,0.0,0.0,0.0,0.0,0.0,0.0,0.0,0.0,0.0,0.0,0.0,0.0,0.0,0.0,0.0,0.0,0.0,0.0,0.0,0.0,0.0,0.0,0.0,0.0016,0.0048,0.0,0.0,0.0,0.0,0.0,0.0,0.0,0.0,0.0,0.0,0.0,0.0,0.0,0.0,0.0,0.0,0.0,0.0,0.0,0.0,0.0,0.0,0.0,0.0,0.0,0.0,0.0,0.0,0.0,0.0,0.0,0.0,0.0,0.0,0.0,0.0,0.0,0.0,0.0,0.0,0.0,0.0,0.0,0.0,0.0,0.0,0.0,0.0,0.0,0.0,0.0,0.0,0.0,0.0,0.0,0.0,0.0,0.0,0.0,0.0,0.0,0.0,0.0,0.0,0.0,0.0,0.0,0.0,0.0,0.0,0.0,0.0,0.0,0.0,0.0,0.0,0.0,0.0,0.0,0.0,0.0,0.0,0.0,0.0,0.0,0.0,0.0,0.0,0.0,0.0,0.0,0.0,0.0,0.0,1e-06,2e-06,0.0,0.0,0.0,0.0,0.0,0.0,0.0,0.0,0.0,0.0,0.0,0.0,0.0,0.0,0.0,0.0,0.0,0.0,0.0,0.0,0.0,0.0,0.0,0.0,0.0,0.0,0.0,0.0,0.0,0.0,0.0,0.0,0.0,0.0,0.0,0.0,0.0,0.0,0.0,0.0,0.0,0.0,0.0,0.0,0.0,0.0,0.0,0.0,0.0,0.0,0.0,0.0,0.0,0.0,0.0,0.0,0.0,0.0,0.0,0.0,0.0,0.0,0.0,0.0,0.0,0.0,0.0,0.0,0.0,0.0,0.0,0.0,0.0,0.0,0.0,0.0,0.0,0.0,0.0,0.0,0.0,0.0,0.0,0.0,0.0,0.0,0.0,0.0,0.0,0.0,0.0,0.0,0.0,0.0,7e-06,2.1e-05,0.0,0.0,0.0
BBS_CA_112_PEARBLOSSOM_2019,2019-05-28,2019-06-10,0.0,0.0,0.0,0.0,0.0,0.0,0.0,0.0,0.0,0.0,0.0,0.0,0.0,0.0,0.0,0.0,0.0,0.0,0.0,0.0,0.0,0.0,0.0,0.0,0.0,0.0,0.0,0.0,0.0,0.0,0.0,0.0,0.0,0.0,0.0,0.0,0.0,0.0,0.0,0.0,0.0,0.0,0.0,0.0,0.0,0.0,0.0,0.0,0.0,0.0,0.0,0.0,0.0,0.0,0.0,0.0,0.0,0.0,0.0,0.0,0.0,0.0,0.0,0.0,0.0,0.0,0.0,0.0,0.0,0.0,0.0,0.0,0.0,0.0,0.0,0.0,0.0,0.0,0.0,0.0,0.0,0.0,0.0,0.0,0.0,0.0,0.0,0.0,0.0,0.0,0.0,0.0,0.0018,0.0,0.0,0.0,0.0,0.0,0.0,0.0,0.0,0.0,0.0,0.0,0.0,0.0,0.0,0.0,0.0,0.0,0.0,0.0,0.0,0.0,0.0,0.0,0.0,0.0,0.0,0.0,0.0,0.0,0.0,0.0,0.0,0.0,0.0,0.0,0.0,0.0,0.0,0.0,0.0,0.0,0.0,0.0,0.0,0.0,0.0,0.0,0.0,0.0,0.0,0.0,0.0,0.0,0.0,0.0,0.0,0.0,0.0,0.0,0.0,0.0,0.0,0.0,0.0,0.0,0.0,0.0,0.0,0.0,0.0,0.0,0.0,0.0,0.0,0.0,0.0,0.0,0.0,0.0,0.0,0.0,0.0,0.0,0.0,0.0,0.0,0.0,0.0,0.0,0.0,0.0,0.0,0.0,0.0,0.0,1e-06,0.0,0.0,0.0,0.0,0.0,0.0,0.0,0.0,0.0,0.0,0.0,0.0,0.0,0.0,0.0,0.0,0.0,0.0,0.0,0.0,0.0,0.0,0.0,0.0,0.0,0.0,0.0,0.0,0.0,0.0,0.0,0.0,0.0,0.0,0.0,0.0,0.0,0.0,0.0,0.0,0.0,0.0,0.0,0.0,0.0,0.0,0.0,0.0,0.0,0.0,0.0,0.0,0.0,0.0,0.0,0.0,0.0,0.0,0.0,0.0,0.0,0.0,0.0,0.0,0.0,0.0,0.0,0.0,0.0,0.0,0.0,0.0,0.0,0.0,0.0,0.0,0.0,0.0,0.0,0.0,0.0,0.0,0.0,0.0,0.0,0.0,0.0,0.0,0.0,0.0,0.0,0.0,0.0,0.0,0.0,8e-06,0.0,0.0,0.0
BBS_CA_112_PEARBLOSSOM_2020,2020-05-28,2020-06-10,0.0,0.0,0.0,0.0,0.0,0.0,0.0,0.0,0.0,0.0,0.0,0.0,0.0,0.0,0.0,0.0,0.0,0.0,0.0,0.0,0.0,0.0,0.0,0.0,0.0,0.0,0.0,0.0,0.0,0.0,0.0,0.0,0.0,0.0,0.0,0.0,0.0,0.0,0.0,0.0,0.0,0.0,0.0,0.0,0.0,0.0,0.0,0.0,0.0,0.0,0.0,0.0,0.0,0.0,0.0,0.0048,0.0048,0.0,0.0,0.0,0.0,0.0,0.0,0.0,0.0,0.0,0.0,0.0,0.0,0.0,0.0,0.0,0.0,0.0,0.0,0.0,0.0,0.0,0.0,0.0,0.0,0.0,0.0,0.0,0.0,0.0,0.0,0.0,0.0,0.0,0.0,0.0,0.0,0.0,0.0,0.0,0.0,0.0,0.0,0.0,0.0,0.0,0.0,0.0,0.0,0.0,0.0,0.0,0.0,0.0,0.0,0.0,0.0,0.0,0.0,0.0,0.0,0.0,0.0,0.0,0.0,0.0,0.0,0.0,0.0,0.0,0.0,0.0,0.0,0.0,0.0,0.0,0.0,0.0,0.0,0.0,0.0,0.0,0.0,0.0,0.0,0.0,0.0,0.0,0.0,0.0,0.0,0.0,0.0,0.0,0.0,4.9e-05,4.9e-05,0.0,0.0,0.0,0.0,0.0,0.0,0.0,0.0,0.0,0.0,0.0,0.0,0.0,0.0,0.0,0.0,0.0,0.0,0.0,0.0,0.0,0.0,0.0,0.0,0.0,0.0,0.0,0.0,0.0,0.0,0.0,0.0,0.0,0.0,0.0,0.0,0.0,0.0,0.0,0.0,0.0,0.0,0.0,0.0,0.0,0.0,0.0,0.0,0.0,0.0,0.0,0.0,0.0,0.0,0.0,0.0,0.0,0.0,0.0,0.0,0.0,0.0,0.0,0.0,0.0,0.0,0.0,0.0,0.0,0.0,0.0,0.0,0.0,0.0,0.0,0.0,0.0,0.0,0.0,0.0,0.0,0.0,0.0,0.0,0.0,0.0,0.0,0.0,0.0,0.0,0.0,0.0,0.0,0.0,0.0,0.0,0.0,0.0,0.0,0.0,0.0,0.0,0.0,0.0,0.0,0.0,0.0,0.0,0.0,0.0,0.0,0.0,0.0,0.0,0.0,0.0,0.0,0.0,0.0,0.0,0.0,0.0,0.0,0.0,0.0,0.0,0.0,0.0,0.0,0.0,0.0,0.0,0.0,0.0,0.0
BBS_CA_112_PEARBLOSSOM_2022,2022-05-28,2022-06-10,0.0,0.0,0.0,0.0,0.0,0.0,0.0,0.0,0.0,0.0,0.0,0.0,0.0,0.0,0.0,0.0,0.0,0.0,0.1843,0.1843,0.1843,0.0,0.0,0.0,0.0,0.0,0.0,0.0,0.0,0.0,0.0,0.0,0.0,0.0,0.0,0.0,0.0,0.0,0.0,0.0,0.0,0.0,0.0,0.0,0.0,0.0,0.0,0.0,0.0,0.0,0.0,0.0,0.0,0.0,0.0,0.0,0.0,0.0,0.0,0.0,0.0,0.0,0.0,0.0,0.0,0.0,0.107,0.107,0.107,0.0,0.0,0.0,0.0,0.0,0.0,0.0,0.0,0.0,0.0,0.0,0.0,0.0,0.0,0.0,0.0,0.0,0.0,0.0,0.0,0.0,0.0,0.4095,0.4095,0.0,0.0,0.0,0.0,0.0,0.0,0.0,0.0,0.0,0.0,0.0,0.0,0.0,0.0,0.0,0.0,0.0,0.0,0.0,0.0,0.0,8.2e-05,8.2e-05,8.2e-05,0.0,0.0,0.0,0.0,0.0,0.0,0.0,0.0,0.0,0.0,0.0,0.0,0.0,0.0,0.0,0.0,0.0,0.0,0.0,0.0,0.0,0.0,0.0,0.0,0.0,0.0,0.0,0.0,0.0,0.0,0.0,0.0,0.0,0.0,0.0,0.0,0.0,0.0,0.0,0.0,0.0,0.0,0.0,0.0,0.0,8.2e-05,8.2e-05,8.2e-05,0.0,0.0,0.0,0.0,0.0,0.0,0.0,0.0,0.0,0.0,0.0,0.0,0.0,0.0,0.0,0.0,0.0,0.0,0.0,0.0,0.0,0.0,0.000182,0.000182,0.0,0.0,0.0,0.0,0.0,0.0,0.0,0.0,0.0,0.0,0.0,0.0,0.0,0.0,0.0,0.0,0.0,0.0,0.0,0.0,0.0,0.015888,0.015888,0.015888,0.0,0.0,0.0,0.0,0.0,0.0,0.0,0.0,0.0,0.0,0.0,0.0,0.0,0.0,0.0,0.0,0.0,0.0,0.0,0.0,0.0,0.0,0.0,0.0,0.0,0.0,0.0,0.0,0.0,0.0,0.0,0.0,0.0,0.0,0.0,0.0,0.0,0.0,0.0,0.0,0.0,0.0,0.0,0.0,0.0,0.396367,0.396367,0.396367,0.0,0.0,0.0,0.0,0.0,0.0,0.0,0.0,0.0,0.0,0.0,0.0,0.0,0.0,0.0,0.0,0.0,0.0,0.0,0.0,0.0,0.0,0.001796,0.001796,0.0,0.0,0.0
BBS_CA_112_PEARBLOSSOM_2023,2023-05-28,2023-06-10,0.0,0.0,0.0,0.0,0.0,0.0,0.0,0.0,0.0,0.0,0.0,0.0,0.0,0.0,0.0,0.0,0.0,0.0,0.0001,0.0001,0.0001,0.0,0.0,0.0,0.0,0.0,0.0,0.0,0.0,0.0,0.0,0.0,0.0,0.0,0.0,0.0,0.0,0.0,0.0,0.0,0.0,0.0,0.0,0.0,0.0,0.0,0.0,0.0,0.0,0.0,0.0,0.0,0.0,0.0,0.0,0.0,0.0,0.0,0.0,0.0,0.0,0.0,0.0,0.0,0.0,0.0,0.0001,0.0001,0.0002,0.0,0.0,0.0,0.0,0.0,0.0,0.0,0.0,0.0,0.0,0.0,0.0,0.0,0.0,0.0,0.0,0.0,0.0,0.0,0.0,0.0,0.0002,0.0003,0.0003,0.0,0.0,0.0,0.0,0.0,0.0,0.0,0.0,0.0,0.0,0.0,0.0,0.0,0.0,0.0,0.0,0.0,0.0,0.0,0.0,0.0,0.0,0.0,0.0,0.0,0.0,0.0,0.0,0.0,0.0,0.0,0.0,0.0,0.0,0.0,0.0,0.0,0.0,0.0,0.0,0.0,0.0,0.0,0.0,0.0,0.0,0.0,0.0,0.0,0.0,0.0,0.0,0.0,0.0,0.0,0.0,0.0,0.0,0.0,0.0,0.0,0.0,0.0,0.0,0.0,0.0,0.0,0.0,0.0,0.0,0.0,0.0,0.0,0.0,0.0,0.0,0.0,0.0,0.0,0.0,0.0,0.0,0.0,0.0,0.0,0.0,0.0,0.0,0.0,0.0,0.0,0.0,0.0,0.0,0.0,0.0,0.0,0.0,0.0,0.0,0.0,0.0,0.0,0.0,0.0,0.0,0.0,0.0,0.0,0.0,0.0,0.0,0.0,0.0,0.0,0.0,0.0,1.2e-05,1.2e-05,1.2e-05,0.0,0.0,0.0,0.0,0.0,0.0,0.0,0.0,0.0,0.0,0.0,0.0,0.0,0.0,0.0,0.0,0.0,0.0,0.0,0.0,0.0,0.0,0.0,0.0,0.0,0.0,0.0,0.0,0.0,0.0,0.0,0.0,0.0,0.0,0.0,0.0,0.0,0.0,0.0,0.0,0.0,0.0,0.0,0.0,0.0,0.000296,0.000296,0.000753,0.0,0.0,0.0,0.0,0.0,0.0,0.0,0.0,0.0,0.0,0.0,0.0,0.0,0.0,0.0,0.0,0.0,0.0,0.0,0.0,0.0,1e-06,1e-06,1e-06,0.0,0.0,0.0
BBS_CA_123_ADELAIDA_2015,2015-05-28,2015-06-10,0.0,0.0,0.0,0.0,0.0,0.0,0.0,0.0,0.0,0.0,0.0,0.0,0.0,0.0,0.0,0.0,0.0,0.0,0.0,0.0,0.0,0.0,0.0,0.0,0.0,0.0,0.0,0.0,0.0,0.0,0.0,0.0,0.0,0.0,0.0,0.0,0.0,0.0,0.0,0.0,0.0,0.0,0.0,0.0,0.0,0.0,0.0,0.0,0.0,0.0,0.0,0.0,0.0,0.0,0.0,0.0,0.0,0.0,0.0,0.0,0.0,0.0,0.0,0.0,0.0,0.0,0.0,0.0,0.0,0.0,0.0,0.0,0.7244,0.7244,0.7244,6.4461,6.4461,6.4461,26.8548,26.8548,26.9506,0.0,0.0,0.0,0.0,0.0,0.0,0.0,0.0,0.0,0.0,0.0,0.0,0.0,0.0,0.0,0.0,0.0,0.0,0.0,0.0,0.0,0.0,0.0,0.0,0.0,0.0,0.0,0.0,0.0,0.0,0.0,0.0,0.0,0.0,0.0,0.0,0.0,0.0,0.0,0.0,0.0,0.0,0.0,0.0,0.0,0.0,0.0,0.0,0.0,0.0,0.0,0.0,0.0,0.0,0.0,0.0,0.0,0.0,0.0,0.0,0.0,0.0,0.0,0.0,0.0,0.0,0.0,0.0,0.0,0.0,0.0,0.0,0.0,0.0,0.0,0.0,0.0,0.0,0.0,0.0,0.0,0.0,0.0,0.0,0.0,0.0,0.0,0.023368,0.023368,0.023368,0.20794,0.20794,0.20794,0.866283,0.866283,0.869374,0.0,0.0,0.0,0.0,0.0,0.0,0.0,0.0,0.0,0.0,0.0,0.0,0.0,0.0,0.0,0.0,0.0,0.0,0.0,0.0,0.0,0.0,0.0,0.0,0.0,0.0,0.0,0.0,0.0,0.0,0.0,0.0,0.0,0.0,0.0,0.0,0.0,0.0,0.0,0.0,0.0,0.0,0.0,0.0,0.0,0.0,0.0,0.0,0.0,0.0,0.0,0.0,0.0,0.0,0.0,0.0,0.0,0.0,0.0,0.0,0.0,0.0,0.0,0.0,0.0,0.0,0.0,0.0,0.0,0.0,0.0,0.0,0.0,0.0,0.0,0.0,0.0,0.0,0.0,0.0,0.0,0.0,0.0,0.0,0.0,0.0,0.0,9e-06,9e-06,9e-06,7.6e-05,7.6e-05,7.6e-05,0.000316,0.000316,0.000317,0.0,0.0,0.0,0.0,0.0,0.0,0.0,0.0,0.0,0.0,0.0,0.0,0.0,0.0,0.0
BBS_CA_123_ADELAIDA_2016,2016-05-28,2016-06-10,0.0,0.0,0.0,0.0,0.0,0.0,0.0,0.0,0.0,0.0,0.0,0.0,0.0,0.0,0.0,0.0,0.0,0.0,0.0,0.0,0.0,0.0,0.0,0.0,0.0,0.0,0.0,0.0,0.0,0.0,0.0,0.0,0.0,0.0,0.0,0.0,0.0,0.0,0.0,0.0,0.0,0.0,0.0,0.0,0.0,0.0,0.0,0.0,0.0,0.0,0.0,0.0,0.0,0.0,0.0,0.0,0.0,0.0,0.0,0.0,0.0,0.0,0.0,0.0,0.0,0.0,0.0,0.0,0.0,0.0,0.0,0.0,1.0548,1.0548,1.0548,7.3951,7.3951,7.3951,51.1713,51.1713,51.1713,0.0731,0.0731,0.0731,0.0,0.0,0.0,0.0,0.0,0.0,0.0,0.0,0.0,0.0,0.0,0.0,0.0,0.0,0.0,0.0,0.0,0.0,0.0,0.0,0.0,0.0,0.0,0.0,0.0,0.0,0.0,0.0,0.0,0.0,0.0,0.0,0.0,0.0,0.0,0.0,0.0,0.0,0.0,0.0,0.0,0.0,0.0,0.0,0.0,0.0,0.0,0.0,0.0,0.0,0.0,0.0,0.0,0.0,0.0,0.0,0.0,0.0,0.0,0.0,0.0,0.0,0.0,0.0,0.0,0.0,0.0,0.0,0.0,0.0,0.0,0.0,0.0,0.0,0.0,0.0,0.0,0.0,0.0,0.0,0.0,0.0,0.0,0.0,0.034027,0.034027,0.034027,0.238551,0.238551,0.238551,1.650687,1.650687,1.650687,0.002359,0.002359,0.002359,0.0,0.0,0.0,0.0,0.0,0.0,0.0,0.0,0.0,0.0,0.0,0.0,0.0,0.0,0.0,0.0,0.0,0.0,0.0,0.0,0.0,0.0,0.0,0.0,0.0,0.0,0.0,0.0,0.0,0.0,0.0,0.0,0.0,0.0,0.0,0.0,0.0,0.0,0.0,0.0,0.0,0.0,0.0,0.0,0.0,0.0,0.0,0.0,0.0,0.0,0.0,0.0,0.0,0.0,0.0,0.0,0.0,0.0,0.0,0.0,0.0,0.0,0.0,0.0,0.0,0.0,0.0,0.0,0.0,0.0,0.0,0.0,0.0,0.0,0.0,0.0,0.0,0.0,0.0,0.0,0.0,0.0,0.0,0.0,1.2e-05,1.2e-05,1.2e-05,8.7e-05,8.7e-05,8.7e-05,0.000602,0.000602,0.000602,1e-06,1e-06,1e-06,0.0,0.0,0.0,0.0,0.0,0.0,0.0,0.0,0.0,0.0,0.0,0.0
BBS_CA_123_ADELAIDA_2017,2017-05-28,2017-06-10,0.0,0.0,0.0,0.0,0.0,0.0,0.0,0.0,0.0,0.0,0.0,0.0,0.0,0.0,0.0,0.0,0.0,0.0,0.0,0.0,0.0,0.0,0.0,0.0,0.0,0.0,0.0,0.0,0.0,0.0,0.0,0.0,0.0,0.0,0.0,0.0,0.0,0.0,0.0,0.0,0.0,0.0,0.0,0.0,0.0,0.0,0.0,0.0,0.0,0.0,0.0,0.0,0.0,0.0,0.0,0.0,0.0,0.0,0.0,0.0,0.0,0.0,0.0,0.0,0.0,0.0,0.0,0.0,0.0,0.0,0.0,0.0,0.0483,0.0483,0.0483,0.4297,0.4297,0.4297,15.7864,15.7864,15.7864,0.0,0.0,0.0,0.0,0.0,0.0,0.0,0.0,0.0,0.0,0.0,0.0,0.0,0.0,0.0,0.0,0.0,0.0,0.0,0.0,0.0,0.0,0.0,0.0,0.0,0.0,0.0,0.0,0.0,0.0,0.0,0.0,0.0,0.0,0.0,0.0,0.0,0.0,0.0,0.0,0.0,0.0,0.0,0.0,0.0,0.0,0.0,0.0,0.0,0.0,0.0,0.0,0.0,0.0,0.0,0.0,0.0,0.0,0.0,0.0,0.0,0.0,0.0,0.0,0.0,0.0,0.0,0.0,0.0,0.0,0.0,0.0,0.0,0.0,0.0,0.0,0.0,0.0,0.0,0.0,0.0,0.0,0.0,0.0,0.0,0.0,0.0,0.001558,0.001558,0.001558,0.013863,0.013863,0.013863,0.509239,0.509239,0.509239,0.0,0.0,0.0,0.0,0.0,0.0,0.0,0.0,0.0,0.0,0.0,0.0,0.0,0.0,0.0,0.0,0.0,0.0,0.0,0.0,0.0,0.0,0.0,0.0,0.0,0.0,0.0,0.0,0.0,0.0,0.0,0.0,0.0,0.0,0.0,0.0,0.0,0.0,0.0,0.0,0.0,0.0,0.0,0.0,0.0,0.0,0.0,0.0,0.0,0.0,0.0,0.0,0.0,0.0,0.0,0.0,0.0,0.0,0.0,0.0,0.0,0.0,0.0,0.0,0.0,0.0,0.0,0.0,0.0,0.0,0.0,0.0,0.0,0.0,0.0,0.0,0.0,0.0,0.0,0.0,0.0,0.0,0.0,0.0,0.0,0.0,0.0,1e-06,1e-06,1e-06,5e-06,5e-06,5e-06,0.000186,0.000186,0.000186,0.0,0.0,0.0,0.0,0.0,0.0,0.0,0.0,0.0,0.0,0.0,0.0,0.0,0.0,0.0
BBS_CA_123_ADELAIDA_2018,2018-05-28,2018-06-10,0.0,0.0,0.0,0.0,0.0,0.0,0.0,0.0,0.0,0.0,0.0,0.0,0.0,0.0,0.0,0.0,0.0,0.0,0.0,0.0,0.0,0.0,0.0,0.0,0.0,0.0,0.0,0.0,0.0,0.0,0.0,0.0,0.0,0.0,0.0,0.0,0.0,0.0,0.0,0.0,0.0,0.0,0.0,0.0,0.0,0.0,0.0,0.0,0.0,0.0,0.0,0.0,0.0,0.0,0.0,0.0,0.0,0.0,0.0,0.0,0.0,0.0,0.0,0.0,0.0,0.0,0.0,0.0,0.0,0.0,0.0,0.0,0.0,0.763,0.763,0.0,6.7899,6.7899,5.8809,40.762,40.762,0.0,0.0,0.0,0.0,0.0,0.0,0.0,0.0,0.0,0.0,0.0,0.0,0.0,0.0,0.0,0.0,0.0,0.0,0.0,0.0,0.0,0.0,0.0,0.0,0.0,0.0,0.0,0.0,0.0,0.0,0.0,0.0,0.0,0.0,0.0,0.0,0.0,0.0,0.0,0.0,0.0,0.0,0.0,0.0,0.0,0.0,0.0,0.0,0.0,0.0,0.0,0.0,0.0,0.0,0.0,0.0,0.0,0.0,0.0,0.0,0.0,0.0,0.0,0.0,0.0,0.0,0.0,0.0,0.0,0.0,0.0,0.0,0.0,0.0,0.0,0.0,0.0,0.0,0.0,0.0,0.0,0.0,0.0,0.0,0.0,0.0,0.0,0.0,0.024614,0.024614,0.0,0.21903,0.21903,0.189706,1.314904,1.314904,0.0,0.0,0.0,0.0,0.0,0.0,0.0,0.0,0.0,0.0,0.0,0.0,0.0,0.0,0.0,0.0,0.0,0.0,0.0,0.0,0.0,0.0,0.0,0.0,0.0,0.0,0.0,0.0,0.0,0.0,0.0,0.0,0.0,0.0,0.0,0.0,0.0,0.0,0.0,0.0,0.0,0.0,0.0,0.0,0.0,0.0,0.0,0.0,0.0,0.0,0.0,0.0,0.0,0.0,0.0,0.0,0.0,0.0,0.0,0.0,0.0,0.0,0.0,0.0,0.0,0.0,0.0,0.0,0.0,0.0,0.0,0.0,0.0,0.0,0.0,0.0,0.0,0.0,0.0,0.0,0.0,0.0,0.0,0.0,0.0,0.0,0.0,0.0,9e-06,9e-06,0.0,8e-05,8e-05,6.9e-05,0.00048,0.00048,0.0,0.0,0.0,0.0,0.0,0.0,0.0,0.0,0.0,0.0,0.0,0.0,0.0,0.0,0.0
BBS_CA_123_ADELAIDA_2019,2019-05-28,2019-06-10,0.0,0.0,0.0,0.0,0.0,0.0,0.0,0.0,0.0,0.0,0.0,0.0,0.0,0.0,0.0,0.0,0.0,0.0,0.0,0.0,0.0,0.0,0.0,0.0,0.0,0.0,0.0,0.0,0.0,0.0,0.0,0.0,0.0,0.0,0.0,0.0,0.0,0.0,0.0,0.0,0.0,0.0,0.0,0.0,0.0,0.0,0.0,0.0,0.0,0.0,0.0,0.0,0.0,0.0,0.0,0.0,0.0,0.0,0.0,0.0,0.0,0.0,0.0,0.0,0.0,0.0,0.0,0.0,0.0,0.0,0.0,0.0,0.0,0.0,0.0,0.0,0.0,0.0,0.2521,0.2521,0.2521,0.0,0.0,0.0,0.0,0.0,0.0,0.0,0.0,0.0,0.0,0.0,0.0,0.0,0.0,0.0,0.0,0.0,0.0,0.0,0.0,0.0,0.0,0.0,0.0,0.0,0.0,0.0,0.0,0.0,0.0,0.0,0.0,0.0,0.0,0.0,0.0,0.0,0.0,0.0,0.0,0.0,0.0,0.0,0.0,0.0,0.0,0.0,0.0,0.0,0.0,0.0,0.0,0.0,0.0,0.0,0.0,0.0,0.0,0.0,0.0,0.0,0.0,0.0,0.0,0.0,0.0,0.0,0.0,0.0,0.0,0.0,0.0,0.0,0.0,0.0,0.0,0.0,0.0,0.0,0.0,0.0,0.0,0.0,0.0,0.0,0.0,0.0,0.0,0.0,0.0,0.0,0.0,0.0,0.008133,0.008133,0.008133,0.0,0.0,0.0,0.0,0.0,0.0,0.0,0.0,0.0,0.0,0.0,0.0,0.0,0.0,0.0,0.0,0.0,0.0,0.0,0.0,0.0,0.0,0.0,0.0,0.0,0.0,0.0,0.0,0.0,0.0,0.0,0.0,0.0,0.0,0.0,0.0,0.0,0.0,0.0,0.0,0.0,0.0,0.0,0.0,0.0,0.0,0.0,0.0,0.0,0.0,0.0,0.0,0.0,0.0,0.0,0.0,0.0,0.0,0.0,0.0,0.0,0.0,0.0,0.0,0.0,0.0,0.0,0.0,0.0,0.0,0.0,0.0,0.0,0.0,0.0,0.0,0.0,0.0,0.0,0.0,0.0,0.0,0.0,0.0,0.0,0.0,0.0,0.0,0.0,0.0,0.0,0.0,0.0,3e-06,3e-06,3e-06,0.0,0.0,0.0,0.0,0.0,0.0,0.0,0.0,0.0,0.0,0.0,0.0,0.0,0.0,0.0
BBS_CA_123_ADELAIDA_2020,2020-05-28,2020-06-10,0.0,0.0,0.0,0.0,0.0,0.0,0.0,0.0,0.0,0.0,0.0,0.0,0.0,0.0,0.0,0.0,0.0,0.0,0.0,0.0,0.0,0.0,0.0,0.0,0.0,0.0,0.0,0.0,0.0,0.0,0.0,0.0,0.0,0.0,0.0,0.0,0.0,0.0,0.0,0.0,0.0,0.0,0.0,0.0,0.0,0.0,0.0,0.0,0.0,0.0,0.0,0.0,0.0,0.0,0.0,0.0,0.0,0.0,0.0,0.0,0.0,0.0,0.0,0.0,0.0,0.0,0.0,0.0,0.0,0.0,0.0,0.0,1.9383,1.9383,1.9383,4.0199,4.0199,4.0199,4.0199,4.0199,4.0199,0.4859,0.4859,0.4859,0.0,0.0,0.0,0.0,0.0,0.0,0.0,0.0,0.0,0.0,0.0,0.0,0.0,0.0,0.0,0.0,0.0,0.0,0.0,0.0,0.0,0.0,0.0,0.0,0.0,0.0,0.0,0.0,0.0,0.0,0.0,0.0,0.0,0.0,0.0,0.0,0.0,0.0,0.0,0.0,0.0,0.0,0.0,0.0,0.0,0.0,0.0,0.0,0.0,0.0,0.0,0.0,0.0,0.0,0.0,0.0,0.0,0.0,0.0,0.0,0.0,0.0,0.0,0.0,0.0,0.0,0.0,0.0,0.0,0.0,0.0,0.0,0.0,0.0,0.0,0.0,0.0,0.0,0.0,0.0,0.0,0.0,0.0,0.0,0.062527,0.062527,0.062527,0.129675,0.129675,0.129675,0.129675,0.129675,0.129675,0.015673,0.015673,0.015673,0.0,0.0,0.0,0.0,0.0,0.0,0.0,0.0,0.0,0.0,0.0,0.0,0.0,0.0,0.0,0.0,0.0,0.0,0.0,0.0,0.0,0.0,0.0,0.0,0.0,0.0,0.0,0.0,0.0,0.0,0.0,0.0,0.0,0.0,0.0,0.0,0.0,0.0,0.0,0.0,0.0,0.0,0.0,0.0,0.0,0.0,0.0,0.0,0.0,0.0,0.0,0.0,0.0,0.0,0.0,0.0,0.0,0.0,0.0,0.0,0.0,0.0,0.0,0.0,0.0,0.0,0.0,0.0,0.0,0.0,0.0,0.0,0.0,0.0,0.0,0.0,0.0,0.0,0.0,0.0,0.0,0.0,0.0,0.0,2.3e-05,2.3e-05,2.3e-05,4.7e-05,4.7e-05,4.7e-05,4.7e-05,4.7e-05,4.7e-05,6e-06,6e-06,6e-06,0.0,0.0,0.0,0.0,0.0,0.0,0.0,0.0,0.0,0.0,0.0,0.0
BBS_CA_123_ADELAIDA_2021,2021-05-28,2021-06-10,0.0,0.0,0.0,0.0,0.0,0.0,0.0,0.0,0.0,0.0,0.0,0.0,0.0,0.0,0.0,0.0,0.0,0.0,0.0,0.0,0.0,0.0,0.0,0.0,0.0,0.0,0.0,0.0,0.0,0.0,0.0,0.0,0.0,0.0,0.0,0.0,0.0,0.0,0.0,0.0,0.0,0.0,0.0,0.0,0.0,0.0,0.0,0.0,0.0,0.0,0.0,0.0,0.0,0.0,0.0,0.0,0.0,0.0,0.0,0.0,0.0,0.0,0.0,0.0,0.0,0.0,0.0,0.0,0.0,0.0,0.0,0.0,0.0,0.0,0.0,0.0,0.0,0.0,10.3733,10.3733,10.3733,0.0,0.0,0.0,0.0,0.0,0.0,0.0,0.0,0.0,0.0,0.0,0.0,0.0,0.0,0.0,0.0,0.0,0.0,0.0,0.0,0.0,0.0,0.0,0.0,0.0,0.0,0.0,0.0,0.0,0.0,0.0,0.0,0.0,0.0,0.0,0.0,0.0,0.0,0.0,0.0,0.0,0.0,0.0,0.0,0.0,0.0,0.0,0.0,0.0,0.0,0.0,0.0,0.0,0.0,0.0,0.0,0.0,0.0,0.0,0.0,0.0,0.0,0.0,0.0,0.0,0.0,0.0,0.0,0.0,0.0,0.0,0.0,0.0,0.0,0.0,0.0,0.0,0.0,0.0,0.0,0.0,0.0,0.0,0.0,0.0,0.0,0.0,0.0,0.0,0.0,0.0,0.0,0.0,0.334622,0.334622,0.334622,0.0,0.0,0.0,0.0,0.0,0.0,0.0,0.0,0.0,0.0,0.0,0.0,0.0,0.0,0.0,0.0,0.0,0.0,0.0,0.0,0.0,0.0,0.0,0.0,0.0,0.0,0.0,0.0,0.0,0.0,0.0,0.0,0.0,0.0,0.0,0.0,0.0,0.0,0.0,0.0,0.0,0.0,0.0,0.0,0.0,0.0,0.0,0.0,0.0,0.0,0.0,0.0,0.0,0.0,0.0,0.0,0.0,0.0,0.0,0.0,0.0,0.0,0.0,0.0,0.0,0.0,0.0,0.0,0.0,0.0,0.0,0.0,0.0,0.0,0.0,0.0,0.0,0.0,0.0,0.0,0.0,0.0,0.0,0.0,0.0,0.0,0.0,0.0,0.0,0.0,0.0,0.0,0.0,0.000122,0.000122,0.000122,0.0,0.0,0.0,0.0,0.0,0.0,0.0,0.0,0.0,0.0,0.0,0.0,0.0,0.0,0.0
BBS_CA_123_ADELAIDA_2022,2022-05-28,2022-06-10,0.0,0.0,0.0,0.0,0.0,0.0,0.0,0.0,0.0,0.0,0.0,0.0,0.0,0.0,0.0,0.0,0.0,0.0,0.0,0.0,0.0,0.0,0.0,0.0,0.0,0.0,0.0,0.0,0.0,0.0,0.0,0.0,0.0,0.0,0.0,0.0,0.0,0.0,0.0,0.0,0.0,0.0,0.0,0.0,0.0,0.0,0.0,0.0,0.0,0.0,0.0,0.0,0.0,0.0,0.0,0.0,0.0,0.0,0.0,0.0,0.0,0.0,0.0,0.0,0.0,0.0,0.0,0.0,0.0,0.0,0.0,0.0,0.0,0.0,0.0,0.0026,0.0026,0.0026,0.9377,0.9377,0.9377,0.0,0.0,0.0,0.0,0.0,0.0,0.0,0.0,0.0,0.0,1.5452,1.5452,0.0,0.0,0.0,0.0,0.0,0.0,0.0,0.0,0.0,0.0,0.0,0.0,0.0,0.0,0.0,0.0,0.0,0.0,0.0,0.0,0.0,0.0,0.0,0.0,0.0,0.0,0.0,0.0,0.0,0.0,0.0,0.0,0.0,0.0,0.0,0.0,0.0,0.0,0.0,0.0,0.0,0.0,0.0,0.0,0.0,0.0,0.0,0.0,0.0,0.0,0.0,0.0,0.0,0.0,0.0,0.0,0.0,0.0,0.0,0.0,0.0,0.0,0.0,0.0,0.0,0.0,0.0,0.0,0.0,0.0,0.0,0.0,0.0,0.0,0.0,0.0,0.0,0.0,8.5e-05,8.5e-05,8.5e-05,0.030247,0.030247,0.030247,0.0,0.0,0.0,0.0,0.0,0.0,0.0,0.0,0.0,0.0,0.000687,0.000687,0.0,0.0,0.0,0.0,0.0,0.0,0.0,0.0,0.0,0.0,0.0,0.0,0.0,0.0,0.0,0.0,0.0,0.0,0.0,0.0,0.0,0.0,0.0,0.0,0.0,0.0,0.0,0.0,0.0,0.0,0.0,0.0,0.0,0.0,0.0,0.0,0.0,0.0,0.0,0.0,0.0,0.0,0.0,0.0,0.0,0.0,0.0,0.0,0.0,0.0,0.0,0.0,0.0,0.0,0.0,0.0,0.0,0.0,0.0,0.0,0.0,0.0,0.0,0.0,0.0,0.0,0.0,0.0,0.0,0.0,0.0,0.0,0.0,0.0,0.0,0.0,0.0,0.0,0.0,0.0,0.0,1.1e-05,1.1e-05,1.1e-05,0.0,0.0,0.0,0.0,0.0,0.0,0.0,0.0,0.0,0.0,0.006777,0.006777,0.0,0.0,0.0
BBS_CA_123_ADELAIDA_2023,2023-05-28,2023-06-10,0.0,0.0,0.0,0.0,0.0,0.0,0.0,0.0,0.0,0.0,0.0,0.0,0.0,0.0,0.0,0.0,0.0,0.0,0.0,0.0,0.0,0.0,0.0,0.0,0.0,0.0,0.0,0.0,0.0,0.0,0.0,0.0,0.0,0.0,0.0,0.0,0.0,0.0,0.0,0.0,0.0,0.0,0.0,0.0,0.0,0.0,0.0,0.0,0.0,0.0,0.0,0.0,0.0,0.0,0.0,0.0,0.0,0.0,0.0,0.0,0.0,0.0,0.0,0.0,0.0,0.0,0.0,0.0,0.0,0.0,0.0,0.0,0.0,0.0,0.0,0.0,0.0,0.0,12.7246,12.7246,12.7246,0.0,0.0,0.0,0.0,0.0,0.0,0.0,0.0,0.0,0.0,0.0,0.0,0.0,0.0,0.0,0.0,0.0,0.0,0.0,0.0,0.0,0.0,0.0,0.0,0.0,0.0,0.0,0.0,0.0,0.0,0.0,0.0,0.0,0.0,0.0,0.0,0.0,0.0,0.0,0.0,0.0,0.0,0.0,0.0,0.0,0.0,0.0,0.0,0.0,0.0,0.0,0.0,0.0,0.0,0.0,0.0,0.0,0.0,0.0,0.0,0.0,0.0,0.0,0.0,0.0,0.0,0.0,0.0,0.0,0.0,0.0,0.0,0.0,0.0,0.0,0.0,0.0,0.0,0.0,0.0,0.0,0.0,0.0,0.0,0.0,0.0,0.0,0.0,0.0,0.0,0.0,0.0,0.0,0.410471,0.410471,0.410471,0.0,0.0,0.0,0.0,0.0,0.0,0.0,0.0,0.0,0.0,0.0,0.0,0.0,0.0,0.0,0.0,0.0,0.0,0.0,0.0,0.0,0.0,0.0,0.0,0.0,0.0,0.0,0.0,0.0,0.0,0.0,0.0,0.0,0.0,0.0,0.0,0.0,0.0,0.0,0.0,0.0,0.0,0.0,0.0,0.0,0.0,0.0,0.0,0.0,0.0,0.0,0.0,0.0,0.0,0.0,0.0,0.0,0.0,0.0,0.0,0.0,0.0,0.0,0.0,0.0,0.0,0.0,0.0,0.0,0.0,0.0,0.0,0.0,0.0,0.0,0.0,0.0,0.0,0.0,0.0,0.0,0.0,0.0,0.0,0.0,0.0,0.0,0.0,0.0,0.0,0.0,0.0,0.0,0.00015,0.00015,0.00015,0.0,0.0,0.0,0.0,0.0,0.0,0.0,0.0,0.0,0.0,0.0,0.0,0.0,0.0,0.0
BBS_CA_125_MARICOPA_2015,2015-05-28,2015-06-10,0.0,0.0,0.0,0.0,0.0,0.0,0.0,0.0,0.0,0.0,0.0,0.0,0.0,0.0,0.0,0.0,0.0,0.0,0.0556,0.2188,0.3507,0.0,0.0,0.0,0.0,0.0,0.0,0.0,0.0,0.0,0.0,0.0,0.0,0.0,0.0,0.0,0.0,0.0,0.0,0.0,0.0,0.0,0.8073,8.8422,9.3416,0.0,0.0,0.0,0.0,0.0,0.0,0.0,0.0,0.0,0.0,0.0,0.0,0.0,0.0,0.0,0.0,0.0,0.0,0.0,0.01,0.01,0.1064,0.5639,2.4122,0.0,0.0,0.0,0.0,0.0,0.0,0.0,0.0,0.0,20.3661,21.4526,22.0114,0.0,0.0,0.0,0.0,0.0,0.0,0.003,0.0612,0.0612,3.4779,14.2937,14.2937,0.0,0.0,0.0,0.0,0.0,0.0,0.0,0.0,0.0,0.0,0.0,0.0,0.0,0.0,0.0,0.0,0.0,0.0,0.0,0.0,0.0,2.5e-05,9.7e-05,0.000156,0.0,0.0,0.0,0.0,0.0,0.0,0.0,0.0,0.0,0.0,0.0,0.0,0.0,0.0,0.0,0.0,0.0,0.0,0.0,0.0,0.0,0.002307,0.20728,0.220018,0.0,0.0,0.0,0.0,0.0,0.0,0.0,0.0,0.0,0.0,0.0,0.0,0.0,0.0,0.0,0.0,0.0,0.0,0.0,5e-06,5e-06,2.8e-05,0.000256,0.001954,0.0,0.0,0.0,0.0,0.0,0.0,0.0,0.0,0.0,0.656971,0.69202,0.710047,0.0,0.0,0.0,0.0,0.0,0.0,1e-06,2.7e-05,2.7e-05,0.001725,0.007058,0.007058,0.0,0.0,0.0,0.0,0.0,0.0,0.0,0.0,0.0,0.0,0.0,0.0,0.0,0.0,0.0,0.0,0.0,0.0,0.0,0.0,0.0,0.002779,0.010939,0.022309,0.0,0.0,0.0,0.0,0.0,0.0,0.0,0.0,0.0,0.0,0.0,0.0,0.0,0.0,0.0,0.0,0.0,0.0,0.0,0.0,0.0,1.2e-05,80.349608,85.343079,0.0,0.0,0.0,0.0,0.0,0.0,0.0,0.0,0.0,0.0,0.0,0.0,0.0,0.0,0.0,0.0,0.0,0.0,0.0,0.034427,0.034427,0.459781,2.889806,6.377213,0.0,0.0,0.0,0.0,0.0,0.0,0.0,0.0,0.0,0.00024,0.000252,0.000259,0.0,0.0,0.0,0.0,0.0,0.0,1.3e-05,0.000268,0.000268,0.004315,0.019688,0.019688,0.0,0.0,0.0
BBS_CA_125_MARICOPA_2016,2016-05-28,2016-06-10,0.0,0.0,0.0,0.0,0.0,0.0,0.0,0.0,0.0,0.0,0.0,0.0,0.0,0.0,0.0,0.0,0.0,0.0,0.0013,0.0013,0.0013,0.0,0.0,0.0,0.0,0.0,0.0,0.0,0.0,0.0,0.0,0.0,0.0,0.0,0.0,0.0,0.0,0.0,0.0,3.0915,3.0915,3.0915,56.9709,56.9709,56.9709,0.0,0.0,0.0,0.0,0.0,0.0,0.0,0.0,0.0,0.0,0.0,0.0,0.0,0.0,0.0,0.0,0.0,0.0,0.009,0.0128,0.0128,0.1392,1.9608,1.9608,0.0,0.0,0.0,0.0,0.0,0.0,0.0,0.0,0.2893,11.0757,11.6183,17.8022,0.0,0.0,0.0,0.0,0.0,0.0,0.0287,0.0989,0.0989,4.6993,6.271,6.271,0.0,0.0,0.0,0.0,0.0,0.0,0.0,0.0,0.0,0.0,0.0,0.0,0.0,0.0,0.0,0.0,0.0,0.0,0.0,0.0,0.0,1e-06,1e-06,1e-06,0.0,0.0,0.0,0.0,0.0,0.0,0.0,0.0,0.0,0.0,0.0,0.0,0.0,0.0,0.0,0.0,0.0,0.0,0.078864,0.078864,0.078864,1.45334,1.45334,1.45334,0.0,0.0,0.0,0.0,0.0,0.0,0.0,0.0,0.0,0.0,0.0,0.0,0.0,0.0,0.0,0.0,0.0,0.0,5e-06,6e-06,6e-06,7e-05,0.001023,0.001023,0.0,0.0,0.0,0.0,0.0,0.0,0.0,0.0,0.009331,0.357281,0.358543,0.558024,0.0,0.0,0.0,0.0,0.0,0.0,1.3e-05,4.4e-05,4.4e-05,0.002143,0.002842,0.002842,0.0,0.0,0.0,0.0,0.0,0.0,0.0,0.0,0.0,0.0,0.0,0.0,0.0,0.0,0.0,0.0,0.0,0.0,0.0,0.0,0.0,6.6e-05,6.6e-05,6.6e-05,0.0,0.0,0.0,0.0,0.0,0.0,0.0,0.0,0.0,0.0,0.0,0.0,0.0,0.0,0.0,0.0,0.0,0.0,30.91455,30.91455,30.91455,569.709251,569.709251,569.709251,0.0,0.0,0.0,0.0,0.0,0.0,0.0,0.0,0.0,0.0,0.0,0.0,0.0,0.0,0.0,0.0,0.0,0.0,0.031113,0.044092,0.044092,0.484807,12.944564,12.944564,0.0,0.0,0.0,0.0,0.0,0.0,0.0,0.0,3e-06,0.00013,0.000144,0.000217,0.0,0.0,0.0,0.0,0.0,0.0,0.000126,0.000434,0.000434,0.017321,0.024148,0.024148,0.0,0.0,0.0
BBS_CA_125_MARICOPA_2017,2017-05-28,2017-06-10,0.0,0.0,0.0,0.0,0.0,0.0,0.0,0.0,0.0,0.0,0.0,0.0,0.0,0.0,0.0,0.0,0.0,0.0,0.0,0.0,0.0,0.0,0.0,0.0,0.0,0.0,0.0,0.0,0.0,0.0,0.0,0.0,0.0,0.0,0.0,0.0,0.0,0.0,0.0,0.1606,0.1606,0.1606,22.0676,25.5517,25.5517,0.0,0.0,0.0,0.0,0.0,0.0,0.0,0.0,0.0,0.0,0.0,0.0,0.0,0.0,0.0,0.0,0.0,0.0,0.0059,0.0059,0.0059,0.1187,0.138,0.138,0.0,0.0,0.0,0.0,0.0,0.0,0.0,0.0,0.1987,5.5879,5.5879,9.1608,0.0,0.0,0.0,0.0,0.0,0.0,0.0364,0.0364,0.0364,0.6883,2.2358,2.2358,0.0,0.0,0.0,0.0,0.0,0.0,0.0,0.0,0.0,0.0,0.0,0.0,0.0,0.0,0.0,0.0,0.0,0.0,0.0,0.0,0.0,0.0,0.0,0.0,0.0,0.0,0.0,0.0,0.0,0.0,0.0,0.0,0.0,0.0,0.0,0.0,0.0,0.0,0.0,0.0,0.0,0.0,0.015297,0.015297,0.015297,0.730531,0.819409,0.819409,0.0,0.0,0.0,0.0,0.0,0.0,0.0,0.0,0.0,0.0,0.0,0.0,0.0,0.0,0.0,0.0,0.0,0.0,3e-06,3e-06,3e-06,5.9e-05,6.9e-05,6.9e-05,0.0,0.0,0.0,0.0,0.0,0.0,0.0,0.0,0.006411,0.002794,0.002794,0.11805,0.0,0.0,0.0,0.0,0.0,0.0,1.6e-05,1.6e-05,1.6e-05,0.000306,0.000994,0.000994,0.0,0.0,0.0,0.0,0.0,0.0,0.0,0.0,0.0,0.0,0.0,0.0,0.0,0.0,0.0,0.0,0.0,0.0,0.0,0.0,0.0,0.0,0.0,0.0,0.0,0.0,0.0,0.0,0.0,0.0,0.0,0.0,0.0,0.0,0.0,0.0,0.0,0.0,0.0,0.0,0.0,0.0,8e-05,8e-05,8e-05,194.898518,229.738955,229.738955,0.0,0.0,0.0,0.0,0.0,0.0,0.0,0.0,0.0,0.0,0.0,0.0,0.0,0.0,0.0,0.0,0.0,0.0,0.020512,0.020512,0.020512,0.409242,0.475901,0.475901,0.0,0.0,0.0,0.0,0.0,0.0,0.0,0.0,2e-06,6e-06,6e-06,4.8e-05,0.0,0.0,0.0,0.0,0.0,0.0,0.00016,0.00016,0.00016,0.003019,0.009806,0.009806,0.0,0.0,0.0
BBS_CA_125_MARICOPA_2018,2018-05-28,2018-06-10,0.0,0.0,0.0,0.0,0.0,0.0,0.0,0.0,0.0,0.0,0.0,0.0,0.0,0.0,0.0,0.0,0.0,0.0,0.6994,0.6994,0.6994,0.0,0.0,0.0,0.0,0.0,0.0,0.0,0.0,0.0,0.0,0.0,0.0,0.0,0.0,0.0,0.0,0.0,0.0,0.0,0.0,0.0,117.6497,120.076,120.076,0.0,0.0,0.0,0.0,0.0,0.0,0.0,0.0,0.0,0.0,0.0,0.0,0.0,0.0,0.0,0.0,0.0,0.0,0.7679,0.7679,0.7679,35.0727,37.7802,37.7802,0.0,0.0,0.0,0.0,0.0,0.0,0.0,0.0,0.0,31.7218,31.8534,31.8534,0.0,0.0,0.0,0.0,0.0,0.0,0.0,0.0,0.0,0.223,6.0538,6.0538,0.0,0.0,0.0,0.0,0.0,0.0,0.0,0.0,0.0,0.0,0.0,0.0,0.0,0.0,0.0,0.0,0.0,0.0,0.0,0.0,0.0,0.000311,0.000311,0.000311,0.0,0.0,0.0,0.0,0.0,0.0,0.0,0.0,0.0,0.0,0.0,0.0,0.0,0.0,0.0,0.0,0.0,0.0,0.0,0.0,0.0,3.001255,3.063151,3.063151,0.0,0.0,0.0,0.0,0.0,0.0,0.0,0.0,0.0,0.0,0.0,0.0,0.0,0.0,0.0,0.0,0.0,0.0,0.000384,0.000384,0.000384,0.019133,0.020487,0.020487,0.0,0.0,0.0,0.0,0.0,0.0,0.0,0.0,0.0,1.023284,1.027528,1.027528,0.0,0.0,0.0,0.0,0.0,0.0,0.0,0.0,0.0,9.9e-05,0.002691,0.002691,0.0,0.0,0.0,0.0,0.0,0.0,0.0,0.0,0.0,0.0,0.0,0.0,0.0,0.0,0.0,0.0,0.0,0.0,0.0,0.0,0.0,0.053,0.053,0.053,0.0,0.0,0.0,0.0,0.0,0.0,0.0,0.0,0.0,0.0,0.0,0.0,0.0,0.0,0.0,0.0,0.0,0.0,0.0,0.0,0.0,1176.49128,1200.754463,1200.754463,0.0,0.0,0.0,0.0,0.0,0.0,0.0,0.0,0.0,0.0,0.0,0.0,0.0,0.0,0.0,0.0,0.0,0.0,2.647987,2.647987,2.647987,289.518255,298.854573,298.854573,0.0,0.0,0.0,0.0,0.0,0.0,0.0,0.0,0.0,0.000373,0.000375,0.000375,0.0,0.0,0.0,0.0,0.0,0.0,0.0,0.0,0.0,0.000978,0.026552,0.026552,0.0,0.0,0.0
BBS_CA_125_MARICOPA_2019,2019-05-28,2019-06-10,0.0,0.0,0.0,0.0,0.0,0.0,0.0,0.0,0.0,0.0,0.0,0.0,0.0,0.0,0.0,0.0003,0.0003,0.0003,0.0272,0.0272,0.0272,0.0,0.0,0.0,0.0,0.0,0.0,0.0,0.0,0.0,0.0,0.0,0.0,0.0,0.0,0.0,0.0,0.0,0.0,0.0075,0.0075,0.0075,0.1435,0.1435,0.1435,0.0,0.0,0.0,0.0,0.0,0.0,0.0,0.0,0.0,0.0,0.0,0.0,0.0,0.0,0.0,0.0,0.0,0.0,0.007,0.007,0.007,0.0472,0.7795,0.7795,0.0,0.0,0.0,0.0,0.0,0.0,0.0,0.0,0.0,90.1741,90.1741,90.1741,0.0,0.0,0.0,0.0,0.0,0.0,0.0012,0.0012,0.0012,7.4486,7.4511,7.4511,0.0,0.0,0.0,0.0,0.0,0.0,0.0,0.0,0.0,0.0,0.0,0.0,0.0,0.0,0.0,0.0,0.0,0.0,0.0,0.0,0.0,1.2e-05,1.2e-05,1.2e-05,0.0,0.0,0.0,0.0,0.0,0.0,0.0,0.0,0.0,0.0,0.0,0.0,0.0,0.0,0.0,0.0,0.0,0.0,0.000714,0.000714,0.000714,0.01367,0.01367,0.01367,0.0,0.0,0.0,0.0,0.0,0.0,0.0,0.0,0.0,0.0,0.0,0.0,0.0,0.0,0.0,0.0,0.0,0.0,6e-06,6e-06,6e-06,3.8e-05,0.000404,0.000404,0.0,0.0,0.0,0.0,0.0,0.0,0.0,0.0,0.0,2.908843,2.908843,2.908843,0.0,0.0,0.0,0.0,0.0,0.0,1e-06,1e-06,1e-06,0.00331,0.003312,0.003312,0.0,0.0,0.0,0.0,0.0,0.0,0.0,0.0,0.0,0.0,0.0,0.0,0.0,0.0,0.0,0.0,0.0,0.0,1.5e-05,1.5e-05,1.5e-05,0.00136,0.00136,0.00136,0.0,0.0,0.0,0.0,0.0,0.0,0.0,0.0,0.0,0.0,0.0,0.0,0.0,0.0,0.0,0.0,0.0,0.0,4e-06,4e-06,4e-06,7.2e-05,7.2e-05,7.2e-05,0.0,0.0,0.0,0.0,0.0,0.0,0.0,0.0,0.0,0.0,0.0,0.0,0.0,0.0,0.0,0.0,0.0,0.0,0.015922,0.015922,0.015922,0.109728,2.634796,2.634796,0.0,0.0,0.0,0.0,0.0,0.0,0.0,0.0,0.0,0.001061,0.001061,0.001061,0.0,0.0,0.0,0.0,0.0,0.0,5e-06,5e-06,5e-06,0.032669,0.03268,0.03268,0.0,0.0,0.0
BBS_CA_125_MARICOPA_2020,2020-05-28,2020-06-10,0.0,0.0,0.0,0.0,0.0,0.0,0.0,0.0,0.0,0.0,0.0,0.0,0.0,0.0,0.0,0.2839,0.2839,0.2839,4.323,4.323,4.323,0.0,0.0,0.0,0.0,0.0,0.0,0.0,0.0,0.0,0.0,0.0,0.0,0.0,0.0,0.0,0.0,0.0,0.0,0.0,0.0,0.0,0.0,0.0,0.0,0.0,0.0,0.0,0.0,0.0,0.0,0.0,0.0,0.0,0.0,0.0,0.0,0.0,0.0,0.0,0.0,0.0,0.0,0.0,0.0,0.0,0.7299,1.4946,1.4946,0.0,0.0,0.0,0.0,0.0,0.0,0.0,0.0,0.0,0.0,0.0877,0.0877,0.0,0.0,0.0,0.0,0.0,0.0,2.9192,2.9192,2.9192,44.9059,44.9059,44.9059,0.0,0.0,0.0,0.0,0.0,0.0,0.0,0.0,0.0,0.0,0.0,0.0,0.0,0.0,0.0,0.0,0.0,0.0,0.000126,0.000126,0.000126,0.001921,0.001921,0.001921,0.0,0.0,0.0,0.0,0.0,0.0,0.0,0.0,0.0,0.0,0.0,0.0,0.0,0.0,0.0,0.0,0.0,0.0,0.0,0.0,0.0,0.0,0.0,0.0,0.0,0.0,0.0,0.0,0.0,0.0,0.0,0.0,0.0,0.0,0.0,0.0,0.0,0.0,0.0,0.0,0.0,0.0,0.0,0.0,0.0,0.000365,0.000747,0.000747,0.0,0.0,0.0,0.0,0.0,0.0,0.0,0.0,0.0,0.0,0.00283,0.00283,0.0,0.0,0.0,0.0,0.0,0.0,0.00146,0.00146,0.00146,0.022452,0.022452,0.022452,0.0,0.0,0.0,0.0,0.0,0.0,0.0,0.0,0.0,0.0,0.0,0.0,0.0,0.0,0.0,0.0,0.0,0.0,0.014193,0.014193,0.014193,0.21615,0.21615,0.21615,0.0,0.0,0.0,0.0,0.0,0.0,0.0,0.0,0.0,0.0,0.0,0.0,0.0,0.0,0.0,0.0,0.0,0.0,0.0,0.0,0.0,0.0,0.0,0.0,0.0,0.0,0.0,0.0,0.0,0.0,0.0,0.0,0.0,0.0,0.0,0.0,0.0,0.0,0.0,0.0,0.0,0.0,0.0,0.0,0.0,2.516764,5.153689,5.153689,0.0,0.0,0.0,0.0,0.0,0.0,0.0,0.0,0.0,0.0,1e-06,1e-06,0.0,0.0,0.0,0.0,0.0,0.0,0.002919,0.002919,0.002919,0.044969,0.044969,0.044969,0.0,0.0,0.0
BBS_CA_125_MARICOPA_2021,2021-05-28,2021-06-10,0.0,0.0,0.0,0.0,0.0,0.0,0.0,0.0,0.0,0.0,0.0,0.0,0.0,0.0,0.0,0.0001,0.0001,0.0001,2.3902,2.3902,2.3902,0.0,0.0,0.0,0.0,0.0,0.0,0.0,0.0,0.0,0.0,0.0,0.0,0.0,0.0,0.0,0.0,0.0,0.0,0.0039,0.0039,0.0039,16.3687,17.0209,17.0209,0.0,0.0,0.0,0.0,0.0,0.0,0.0,0.0,0.0,0.0,0.0,0.0,0.0,0.0,0.0,0.0,0.0,0.0,0.0018,0.0018,0.0018,0.2336,1.0748,1.0748,0.0,0.0,0.0,0.0,0.0,0.0,0.0,0.0,0.0,0.0,0.967,0.967,0.0,0.0,0.0,0.0,0.0,0.0,0.0013,0.0013,0.0013,2.9076,2.9076,2.9076,0.0,0.0,0.0,0.0,0.0,0.0,0.0,0.0,0.0,0.0,0.0,0.0,0.0,0.0,0.0,0.0,0.0,0.0,0.0,0.0,0.0,0.001062,0.001062,0.001062,0.0,0.0,0.0,0.0,0.0,0.0,0.0,0.0,0.0,0.0,0.0,0.0,0.0,0.0,0.0,0.0,0.0,0.0,1.1e-05,1.1e-05,1.1e-05,0.046768,0.048631,0.048631,0.0,0.0,0.0,0.0,0.0,0.0,0.0,0.0,0.0,0.0,0.0,0.0,0.0,0.0,0.0,0.0,0.0,0.0,1e-06,1e-06,1e-06,0.000117,0.000537,0.000537,0.0,0.0,0.0,0.0,0.0,0.0,0.0,0.0,0.0,0.0,0.003154,0.003154,0.0,0.0,0.0,0.0,0.0,0.0,1e-06,1e-06,1e-06,0.00131,0.00131,0.00131,0.0,0.0,0.0,0.0,0.0,0.0,0.0,0.0,0.0,0.0,0.0,0.0,0.0,0.0,0.0,0.0,0.0,0.0,5e-06,5e-06,5e-06,0.119512,0.119512,0.119512,0.0,0.0,0.0,0.0,0.0,0.0,0.0,0.0,0.0,0.0,0.0,0.0,0.0,0.0,0.0,0.0,0.0,0.0,0.0,0.0,0.0,0.000244,0.000253,0.000253,0.0,0.0,0.0,0.0,0.0,0.0,0.0,0.0,0.0,0.0,0.0,0.0,0.0,0.0,0.0,0.0,0.0,0.0,0.006179,0.006179,0.006179,0.805409,3.706212,3.706212,0.0,0.0,0.0,0.0,0.0,0.0,0.0,0.0,0.0,0.0,2.4e-05,2.4e-05,0.0,0.0,0.0,0.0,0.0,0.0,6e-06,6e-06,6e-06,0.011664,0.011664,0.011664,0.0,0.0,0.0
BBS_CA_125_MARICOPA_2022,2022-05-28,2022-06-10,0.0,0.0,0.0,0.0,0.0,0.0,0.0,0.0,0.0,0.0,0.0,0.0,0.0,0.0,0.0,0.0003,0.0004,0.0004,0.0041,0.1049,0.1049,0.0,0.0,0.0,0.0,0.0,0.0,0.0,0.0,0.0,0.0,0.0,0.0,0.0,0.0,0.0,0.0,0.0,0.0,0.0009,0.0027,0.0027,0.0139,0.0418,0.0418,0.0,0.0,0.0,0.0,0.0,0.0,0.0,0.0,0.0,0.0,0.0,0.0,0.0,0.0,0.0,0.0,0.0,0.0,0.0024,0.0024,0.0024,0.0155,4.8539,4.8539,0.0,0.0,0.0,0.0,0.0,0.0,0.0,0.0,0.0,0.0,0.0,0.0,0.0,0.0,0.0,0.0,0.0,0.0,0.0083,0.0083,0.0083,0.4166,2.7191,2.7191,0.0,0.0,0.0,0.0,0.0,0.0,0.0,0.0,0.0,0.0,0.0,0.0,0.0,0.0,0.0,0.0,0.0,0.0,0.0,0.0,0.0,2e-06,4.7e-05,4.7e-05,0.0,0.0,0.0,0.0,0.0,0.0,0.0,0.0,0.0,0.0,0.0,0.0,0.0,0.0,0.0,0.0,0.0,0.0,3e-06,8e-06,8e-06,4e-05,0.000119,0.000119,0.0,0.0,0.0,0.0,0.0,0.0,0.0,0.0,0.0,0.0,0.0,0.0,0.0,0.0,0.0,0.0,0.0,0.0,1e-06,1e-06,1e-06,8e-06,0.002487,0.002487,0.0,0.0,0.0,0.0,0.0,0.0,0.0,0.0,0.0,0.0,0.0,0.0,0.0,0.0,0.0,0.0,0.0,0.0,4e-06,4e-06,4e-06,0.000201,0.001225,0.001225,0.0,0.0,0.0,0.0,0.0,0.0,0.0,0.0,0.0,0.0,0.0,0.0,0.0,0.0,0.0,0.0,0.0,0.0,1.3e-05,2.1e-05,2.1e-05,0.000204,0.005244,0.005244,0.0,0.0,0.0,0.0,0.0,0.0,0.0,0.0,0.0,0.0,0.0,0.0,0.0,0.0,0.0,0.0,0.0,0.0,0.0,0.0,0.0,0.0,1e-06,1e-06,0.0,0.0,0.0,0.0,0.0,0.0,0.0,0.0,0.0,0.0,0.0,0.0,0.0,0.0,0.0,0.0,0.0,0.0,0.008239,0.008239,0.008239,0.053492,22.796322,22.796322,0.0,0.0,0.0,0.0,0.0,0.0,0.0,0.0,0.0,0.0,0.0,0.0,0.0,0.0,0.0,0.0,0.0,0.0,3.6e-05,3.6e-05,3.6e-05,0.000885,0.010892,0.010892,0.0,0.0,0.0
BBS_CA_125_MARICOPA_2023,2023-05-28,2023-06-10,0.0,0.0,0.0,0.0,0.0,0.0,0.0,0.0,0.0,0.0,0.0,0.0,0.0,0.0,0.0,0.0074,0.0074,0.0074,11.8422,11.8422,11.8422,0.0,0.0,0.0,0.0,0.0,0.0,0.0,0.0,0.0,0.0,0.0,0.0,0.0,0.0,0.0,0.0,0.0,0.0,0.0011,0.0017,0.0017,0.0171,0.0257,0.0257,0.0,0.0,0.0,0.0,0.0,0.0,0.0,0.0,0.0,0.0,0.0,0.0,0.0,0.0,0.0,0.0,0.0,0.0,0.0018,0.0018,0.0018,4.1211,4.1211,4.1211,0.0,0.0,0.0,0.0,0.0,0.0,0.0,0.0,0.0,0.0,0.0,0.0,0.0,0.0,0.0,0.0,0.0,0.0,0.0,0.0,0.0,2.4594,2.4594,2.4594,0.0,0.0,0.0,0.0,0.0,0.0,0.0,0.0,0.0,0.0,0.0,0.0,0.0,0.0,0.0,0.0,0.0,0.0,3e-06,3e-06,3e-06,0.005263,0.005263,0.005263,0.0,0.0,0.0,0.0,0.0,0.0,0.0,0.0,0.0,0.0,0.0,0.0,0.0,0.0,0.0,0.0,0.0,0.0,3e-06,5e-06,5e-06,4.9e-05,7.3e-05,7.3e-05,0.0,0.0,0.0,0.0,0.0,0.0,0.0,0.0,0.0,0.0,0.0,0.0,0.0,0.0,0.0,0.0,0.0,0.0,1e-06,1e-06,1e-06,0.002064,0.002064,0.002064,0.0,0.0,0.0,0.0,0.0,0.0,0.0,0.0,0.0,0.0,0.0,0.0,0.0,0.0,0.0,0.0,0.0,0.0,0.0,0.0,0.0,0.001094,0.001094,0.001094,0.0,0.0,0.0,0.0,0.0,0.0,0.0,0.0,0.0,0.0,0.0,0.0,0.0,0.0,0.0,0.0,0.0,0.0,0.00037,0.00037,0.00037,0.592109,0.592109,0.592109,0.0,0.0,0.0,0.0,0.0,0.0,0.0,0.0,0.0,0.0,0.0,0.0,0.0,0.0,0.0,0.0,0.0,0.0,0.0,0.0,0.0,0.0,0.0,0.0,0.0,0.0,0.0,0.0,0.0,0.0,0.0,0.0,0.0,0.0,0.0,0.0,0.0,0.0,0.0,0.0,0.0,0.0,0.006179,0.006179,0.006179,16.316248,16.316248,16.316248,0.0,0.0,0.0,0.0,0.0,0.0,0.0,0.0,0.0,0.0,0.0,0.0,0.0,0.0,0.0,0.0,0.0,0.0,0.0,0.0,0.0,0.010756,0.010756,0.010756,0.0,0.0,0.0
BBS_CA_127_SANGER_2015,2015-05-28,2015-06-10,0.0,0.0,0.0,0.0,0.0,0.0,0.0,1.0467,4.8382,0.0,0.0,0.0,0.2169,0.217,0.217,2.7314,2.732,2.732,6.3812,6.4233,8.2063,0.0,0.0,0.0,0.0,0.0,0.0,0.0,0.0,0.0,0.0,0.0,0.0,0.0,0.0,0.0,0.0,0.0,0.0,0.0,0.0004,0.0004,0.6483,41.9186,49.9041,0.0,0.0,0.0,0.0,0.0,0.0,0.0,0.0,0.0,0.0,0.0,0.0,0.0,0.0,0.0,0.0,0.552,0.552,0.0,6.4388,6.4388,0.7382,45.6586,46.1749,0.0,0.0,0.0,0.0001,0.0001,0.0001,0.001,0.001,0.001,17.0237,18.4177,18.4177,0.0,0.0,0.0,0.0,0.0,0.0006,0.0001,0.132,0.139,1.1968,8.8267,10.0635,0.0,0.0,0.0,0.0,0.0,0.0,0.0,0.0,0.0,0.0,0.000523,0.157196,0.0,0.0,0.0,9.6e-05,9.6e-05,9.6e-05,0.001214,0.001215,0.001215,0.002876,0.002894,0.003687,0.0,0.0,0.0,0.0,0.0,0.0,0.0,0.0,0.0,0.0,0.0,0.0,0.0,0.0,0.0,0.0,0.0,0.0,0.0,1e-05,1e-05,0.011981,1.008158,1.211871,0.0,0.0,0.0,0.0,0.0,0.0,0.0,0.0,0.0,0.0,0.0,0.0,0.0,0.0,0.0,0.0,0.000113,0.000113,0.0,0.001473,0.001473,0.000338,0.010698,0.010865,0.0,0.0,0.0,2e-06,2e-06,2e-06,3.1e-05,3.1e-05,3.1e-05,0.549151,0.561353,0.561353,0.0,0.0,0.0,0.0,0.0,0.0,0.0,5.9e-05,6.2e-05,0.000581,0.003976,0.004525,0.0,0.0,0.0,0.0,0.0,0.0,0.0,0.0,0.0,0.0,0.140117,0.638997,0.0,0.0,0.0,0.01868,0.018683,0.018683,0.235049,0.235107,0.235107,0.500516,0.504141,0.657846,0.0,0.0,0.0,0.0,0.0,0.0,0.0,0.0,0.0,0.0,0.0,0.0,0.0,0.0,0.0,0.0,0.0,0.0,0.0,0.003744,0.003744,6.3e-05,390.808104,470.663678,0.0,0.0,0.0,0.0,0.0,0.0,0.0,0.0,0.0,0.0,0.0,0.0,0.0,0.0,0.0,0.0,1.841183,1.841183,0.0,23.877739,23.877739,4.438023,169.683586,172.299489,0.0,0.0,0.0,0.0,0.0,0.0,0.0,0.0,0.0,0.0002,0.000231,0.000231,0.0,0.0,0.0,0.0,0.0,2e-06,1e-06,0.000579,0.000609,0.002264,0.035499,0.040923,0.0,0.0,0.0
BBS_CA_127_SANGER_2016,2016-05-28,2016-06-10,0.0,0.0,0.0,0.0,0.0,0.0,1.389,1.389,10.1358,0.0,0.0,0.0,0.1693,0.1693,0.1693,2.0555,2.0555,2.0555,6.4528,6.4698,6.4698,0.0,0.0,0.0,0.0,0.0,0.0,0.0,0.0,0.0,0.1076,0.1076,0.1076,0.0,0.0,0.0,0.0,0.0,0.0,0.0,0.0,0.0,0.3087,2.3225,6.5873,0.0,0.0,0.0,0.0,0.0,0.0,0.0,0.0,0.0,0.0,0.0,0.2527,0.0,0.0,0.0,0.3735,0.3735,0.3735,4.4956,4.4968,4.4968,8.4808,10.7081,10.7102,0.0,0.0,0.0,0.0117,0.0192,0.0192,0.19,0.2527,0.2527,5.6559,26.1442,26.1494,0.0,0.0,0.0,0.1179,0.1214,0.1316,1.2101,1.2705,1.4294,11.5536,13.497,19.1879,0.0167,0.0167,0.0167,0.0,0.0,0.0,0.0,0.0,0.0,0.000695,0.000695,0.36213,0.0,0.0,0.0,7.5e-05,7.5e-05,7.5e-05,0.000914,0.000914,0.000914,0.002872,0.00288,0.00288,0.0,0.0,0.0,0.0,0.0,0.0,0.0,0.0,0.0,0.000464,0.000464,0.000464,0.0,0.0,0.0,0.0,0.0,0.0,0.0,0.0,0.0,0.000882,0.040213,0.14901,0.0,0.0,0.0,0.0,0.0,0.0,0.0,0.0,0.0,0.0,0.0,0.002579,0.0,0.0,0.0,0.000208,0.000208,0.000208,0.002495,0.002496,0.002496,0.004353,0.005149,0.00515,0.0,0.0,0.0,0.000377,0.000618,0.000618,0.006129,0.008152,0.008152,0.18245,0.843361,0.843373,0.0,0.0,0.0,5.2e-05,5.4e-05,5.9e-05,0.000539,0.000566,0.000637,0.00514,0.00602,0.00855,7e-06,7e-06,7e-06,0.0,0.0,0.0,0.0,0.0,0.0,0.18595,0.18595,1.336835,0.0,0.0,0.0,0.014597,0.014597,0.014597,0.177201,0.177201,0.177201,0.551226,0.55269,0.55269,0.0,0.0,0.0,0.0,0.0,0.0,0.0,0.0,0.0,1e-06,1e-06,1e-06,0.0,0.0,0.0,0.0,0.0,0.0,0.0,0.0,0.0,5e-06,14.822477,57.470693,0.0,0.0,0.0,0.0,0.0,0.0,0.0,0.0,0.0,0.0,0.0,5e-06,0.0,0.0,0.0,3.395802,3.395802,3.395802,40.650306,40.658008,40.658008,68.470575,80.433623,80.442405,0.0,0.0,0.0,0.0,0.0,0.0,2e-06,3e-06,3e-06,6.7e-05,0.000308,0.000308,0.0,0.0,0.0,0.000514,0.000527,0.000572,0.005254,0.005482,0.006178,0.050384,0.05788,0.082829,7.3e-05,7.3e-05,7.3e-05
BBS_CA_127_SANGER_2017,2017-05-28,2017-06-10,0.0,0.0,0.0,0.0,0.0,0.0,0.0,0.7958,20.6476,0.0,0.0,0.0,0.043,0.043,0.043,0.6821,0.6821,0.6821,3.7861,4.683,4.9974,0.0,0.0,0.0,0.0,0.0,0.0,0.0,0.0,0.0,0.2747,0.2747,0.2747,0.0,0.0,0.0,0.0,0.0,4.2913,0.0,0.0,29.3567,3.9773,12.8768,64.049,0.0,0.0,0.8198,0.0,0.0,0.0,0.0,0.0,0.0,0.0,0.0,0.0059,0.0,0.0,0.0,0.4062,0.4081,0.4081,13.3277,13.5157,13.5157,59.3578,63.3655,63.581,0.0,0.0,0.0,0.0031,1.9809,1.9809,0.0503,13.1158,13.1158,1.2462,73.6528,73.6528,0.0,0.3882,0.3882,0.0,0.0,0.0704,0.1851,0.1851,1.0673,2.3103,5.0377,20.2143,0.0,0.0,0.0,0.0,0.0,0.0,0.0,0.0,0.0,0.0,0.032883,0.853206,0.0,0.0,0.0,1.9e-05,1.9e-05,1.9e-05,0.000303,0.000303,0.000303,0.001683,0.002081,0.002221,0.0,0.0,0.0,0.0,0.0,0.0,0.0,0.0,0.0,0.001184,0.001184,0.001184,0.0,0.0,0.0,0.0,0.0,0.109471,0.0,0.0,0.748896,0.101461,0.32849,1.63387,0.0,0.0,0.020914,0.0,0.0,0.0,0.0,0.0,0.0,0.0,0.0,6e-05,0.0,0.0,0.0,0.000373,0.000373,0.000373,0.012239,0.012333,0.012333,0.05329,0.055319,0.055374,0.0,0.0,0.0,0.0001,0.063898,0.063898,0.001624,0.423089,0.423089,0.018785,2.353863,2.353863,0.0,0.012522,0.012522,0.0,0.0,3.1e-05,8.2e-05,8.2e-05,0.000474,0.001028,0.00224,0.008985,0.0,0.0,0.0,0.0,0.0,0.0,0.0,0.0,0.0,0.0,0.104708,2.716786,0.0,0.0,0.0,0.003709,0.003709,0.003709,0.058806,0.058806,0.058806,0.254355,0.331674,0.358779,0.0,0.0,0.0,0.0,0.0,0.0,0.0,0.0,0.0,4e-06,4e-06,4e-06,0.0,0.0,0.0,0.0,0.0,42.912791,0.0,0.0,293.567174,39.772873,128.768034,640.475553,0.0,0.0,8.198399,0.0,0.0,0.0,0.0,0.0,0.0,0.0,0.0,0.0,0.0,0.0,0.0,0.766447,0.774679,0.774679,25.146676,26.691172,26.691172,119.263702,151.647541,152.584472,0.0,0.0,0.0,0.0,2.3e-05,2.3e-05,1e-06,0.000154,0.000154,2.4e-05,0.000876,0.000876,0.0,5e-06,5e-06,0.0,0.0,0.000309,0.000812,0.000812,0.004681,0.010055,0.022017,0.088581,0.0,0.0,0.0
BBS_CA_127_SANGER_2018,2018-05-28,2018-06-10,0.0,0.0,0.0,0.0,0.0,0.0,0.0,76.7864,109.7659,0.0,0.0,0.0,0.0207,0.0207,0.0207,0.3513,0.3513,0.3513,4.3074,9.9951,10.0501,0.0,0.0,0.0,0.0,0.0,0.0,0.0,0.0,0.0,6.597,6.597,6.597,0.0,0.0,0.0,0.0,0.0,0.0,0.0,0.0,0.0,137.8732,138.4646,139.5855,0.0,0.0,0.0,0.0,0.0,0.0,0.0,0.0,0.0,0.0,0.0,0.067,0.0,0.0,0.0,0.0,0.1765,0.1765,2.8379,3.0845,3.0845,28.6438,31.0998,31.97,0.0,0.0545,0.0545,4.9738,4.9738,4.9738,5.2001,5.2001,5.2001,54.7808,55.3274,55.3274,1.5354,1.5354,1.5354,0.0,0.0257,0.0275,0.2195,0.5319,0.5604,8.9457,17.1702,25.3228,0.0,0.0,0.0,0.0,0.0,0.0,0.0,0.0,0.0,0.0,0.350251,1.71304,0.0,0.0,0.0,9e-06,9e-06,9e-06,0.000156,0.000156,0.000156,0.001914,0.004442,0.004467,0.0,0.0,0.0,0.0,0.0,0.0,0.0,0.0,0.0,0.028435,0.028435,0.028435,0.0,0.0,0.0,0.0,0.0,0.0,0.0,0.0,0.0,3.517174,3.53226,3.560854,0.0,0.0,0.0,0.0,0.0,0.0,0.0,0.0,0.0,0.0,0.0,0.000683,0.0,0.0,0.0,0.0,4.5e-05,4.5e-05,0.002547,0.002609,0.002609,0.024031,0.025054,0.025489,0.0,1.4e-05,1.4e-05,0.160446,0.160446,0.160446,0.167744,0.167744,0.167744,1.767122,1.78453,1.78453,0.049529,0.049529,0.049529,0.0,1.1e-05,1.2e-05,9.8e-05,0.000236,0.000249,0.00398,0.007635,0.011259,0.0,0.0,0.0,0.0,0.0,0.0,0.0,0.0,0.0,0.0,10.261816,14.601223,0.0,0.0,0.0,0.001787,0.001787,0.001787,0.030285,0.030285,0.030285,0.350671,0.713978,0.716728,0.0,0.0,0.0,0.0,0.0,0.0,0.0,0.0,0.0,8.5e-05,8.5e-05,8.5e-05,0.0,0.0,0.0,0.0,0.0,0.0,0.0,0.0,0.0,1378.732219,1384.645827,1395.854655,0.0,0.0,0.0,0.0,0.0,0.0,0.0,0.0,0.0,0.0,0.0,1e-06,0.0,0.0,0.0,0.0,0.767256,0.767256,6.509482,7.581909,7.581909,73.074507,85.176745,88.177383,0.0,0.236913,0.236913,5.9e-05,5.9e-05,5.9e-05,6.1e-05,6.1e-05,6.1e-05,0.000644,0.000651,0.000651,1.8e-05,1.8e-05,1.8e-05,0.0,0.000113,0.00012,0.000963,0.002333,0.002458,0.038984,0.075056,0.110813,0.0,0.0,0.0
BBS_CA_127_SANGER_2019,2019-05-28,2019-06-10,0.0,0.0,0.0,0.0,0.0,0.0,0.0,5.7429,16.233,0.0,0.0,0.0,0.016,0.016,0.016,0.1901,0.1901,0.1901,14.5537,14.5733,14.5733,0.0,0.0,0.0,0.0,0.0,0.0,0.1912,0.1912,0.1912,4.5203,4.5203,4.5652,0.0,0.0,0.0,0.0,0.0,0.0,0.9556,0.9556,0.9556,5.3298,15.3297,15.3297,0.0,0.0,0.0,0.0,0.0,0.0,0.0,0.0,0.0,0.0,0.0301,0.0301,0.0,0.0,0.0,0.6307,0.6888,0.7181,4.8333,5.8974,6.1437,43.6518,55.4275,55.7645,0.0545,0.0545,0.0545,5.1587,5.1588,5.1588,5.3718,6.1053,6.1053,65.4211,70.4439,70.4439,1.5929,1.5929,1.5929,0.0024,0.0149,0.0155,0.2346,0.385,0.3949,14.8866,22.5858,30.2555,0.0,0.0,0.0,0.0,0.0,0.0,0.0,0.0,0.0,0.0,0.237309,0.670786,0.0,0.0,0.0,7e-06,7e-06,7e-06,8.4e-05,8.4e-05,8.4e-05,0.006468,0.006477,0.006477,0.0,0.0,0.0,0.0,0.0,0.0,0.000824,0.000824,0.000824,0.019484,0.019484,0.019678,0.0,0.0,0.0,0.0,0.0,0.0,0.002662,0.002662,0.002662,0.014846,0.967218,0.967218,0.0,0.0,0.0,0.0,0.0,0.0,0.0,0.0,0.0,0.0,0.000307,0.000307,0.0,0.0,0.0,0.000462,0.000515,0.000542,0.003991,0.004806,0.005032,0.034309,0.04372,0.04403,1.4e-05,1.4e-05,1.4e-05,0.166409,0.166414,0.166414,0.173284,0.175075,0.175075,2.11036,2.134747,2.134747,0.051384,0.051384,0.051384,1e-06,7e-06,7e-06,0.000104,0.000171,0.000176,0.006756,0.010296,0.013773,0.0,0.0,0.0,0.0,0.0,0.0,0.0,0.0,0.0,0.0,0.755643,2.135924,0.0,0.0,0.0,0.001383,0.001383,0.001383,0.01639,0.01639,0.01639,0.925104,0.926799,0.926799,0.0,0.0,0.0,0.0,0.0,0.0,2e-06,2e-06,2e-06,5.8e-05,5.8e-05,5.9e-05,0.0,0.0,0.0,0.0,0.0,0.0,1.365173,1.365173,1.365173,7.613934,7.618934,7.618934,0.0,0.0,0.0,0.0,0.0,0.0,0.0,0.0,0.0,0.0,1e-06,1e-06,0.0,0.0,0.0,1.62425,1.73391,1.789288,14.958597,20.180936,20.645788,158.704945,200.922426,201.558259,0.236913,0.236913,0.236913,6.1e-05,6.1e-05,6.1e-05,6.3e-05,8.1e-05,8.1e-05,0.00077,0.00089,0.00089,1.9e-05,1.9e-05,1.9e-05,1e-05,6.6e-05,6.8e-05,0.001029,0.001688,0.001732,0.056753,0.083359,0.112814,0.0,0.0,0.0
BBS_CA_127_SANGER_2020,2020-05-28,2020-06-10,0.0,0.0,0.0,0.0,0.0,0.0,0.0,0.0,2.8116,0.0,0.0,0.0,0.0025,0.0025,0.0025,0.0329,0.0329,0.0329,8.0243,9.7797,9.7797,0.0,0.0,0.0,0.0,0.0,0.0,0.0,0.0,0.0,5.4474,5.4474,5.4474,0.0,0.0,0.0,0.0,0.0,0.0,0.0,0.0,0.0,8.7562,12.9707,13.4007,0.0,0.0,0.0,0.0,0.0,0.0,0.0,0.0,0.0,0.0019,0.0019,0.9829,0.0,0.0,0.0,1.749,2.7516,2.7516,3.3189,11.8334,11.8334,42.0505,66.2737,67.1194,0.5401,0.5401,0.5401,5.5296,5.5296,5.5296,6.9661,6.9661,6.9661,103.6053,111.0512,111.0512,1.706,1.706,1.706,0.0006,0.0006,0.0031,0.1173,0.1173,0.1499,11.1562,11.2976,12.9331,0.0,0.0,0.0,0.0,0.0,0.0,0.0,0.0,0.0,0.0,0.0,0.116184,0.0,0.0,0.0,1e-06,1e-06,1e-06,1.5e-05,1.5e-05,1.5e-05,0.003566,0.004347,0.004347,0.0,0.0,0.0,0.0,0.0,0.0,0.0,0.0,0.0,0.02348,0.02348,0.02348,0.0,0.0,0.0,0.0,0.0,0.0,0.0,0.0,0.0,0.833922,1.235302,1.276261,0.0,0.0,0.0,0.0,0.0,0.0,0.0,0.0,0.0,2e-05,2e-05,0.01003,0.0,0.0,0.0,0.000178,0.001099,0.001099,0.000772,0.008525,0.008525,0.023625,0.040767,0.041524,5.5e-05,5.5e-05,5.5e-05,0.178376,0.178376,0.178376,0.189571,0.189571,0.189571,3.12989,3.291215,3.291215,0.055033,0.055033,0.055033,0.0,0.0,1e-06,5.3e-05,5.3e-05,6.7e-05,0.004973,0.005039,0.00577,0.0,0.0,0.0,0.0,0.0,0.0,0.0,0.0,0.0,0.0,0.0,0.369953,0.0,0.0,0.0,0.000217,0.000217,0.000217,0.00284,0.00284,0.00284,0.477598,0.628926,0.628926,0.0,0.0,0.0,0.0,0.0,0.0,0.0,0.0,0.0,7e-05,7e-05,7e-05,0.0,0.0,0.0,0.0,0.0,0.0,0.0,0.0,0.0,0.004378,0.006485,0.0067,0.0,0.0,0.0,0.0,0.0,0.0,0.0,0.0,0.0,0.0,0.0,2e-05,0.0,0.0,0.0,2.915033,4.80675,4.80675,12.449344,28.75688,28.75688,201.186523,330.45701,332.224734,0.900103,0.900103,0.900103,6.5e-05,6.5e-05,6.5e-05,9.7e-05,9.7e-05,9.7e-05,0.001313,0.001435,0.001435,2e-05,2e-05,2e-05,1e-06,1e-06,1.2e-05,0.000491,0.000491,0.000634,0.048048,0.04846,0.055395,0.0,0.0,0.0
BBS_CA_127_SANGER_2021,2021-05-28,2021-06-10,0.0,0.0,0.0,0.0,0.0,0.0,149.0435,149.0435,151.1507,0.0,0.0,0.0,0.0041,0.03,0.03,0.0524,0.2698,0.2698,10.8677,13.0883,14.3012,0.0,0.0,0.0,0.0,0.0,0.0,0.0,0.0,0.0,0.8699,0.8699,0.8699,0.0,0.0,0.0,0.0,0.0,0.0,0.0,0.0,0.0,0.0,0.0,0.0,0.0,0.0,0.0,0.0,0.0,0.0,0.0,0.0007,0.0007,0.9946,0.9977,1.9494,0.0,0.0,0.0,1.4132,1.4355,1.4355,3.6762,5.6183,5.6183,33.794,49.8783,50.0286,0.3711,0.3711,0.3711,2.3501,2.3501,2.3501,2.4743,2.4743,2.4743,89.5678,95.3084,95.3084,0.7257,0.7257,0.7257,0.0,0.0,0.0001,0.0808,0.0815,0.0844,4.8997,5.0841,5.6783,0.0,0.0,0.0,0.0,0.0,0.0,0.0,0.0,0.0,0.074522,0.074522,0.161596,0.0,0.0,0.0,2e-06,1.3e-05,1.3e-05,2.3e-05,0.00012,0.00012,0.00483,0.005817,0.006356,0.0,0.0,0.0,0.0,0.0,0.0,0.0,0.0,0.0,0.003749,0.003749,0.003749,0.0,0.0,0.0,0.0,0.0,0.0,0.0,0.0,0.0,0.0,0.0,0.0,0.0,0.0,0.0,0.0,0.0,0.0,0.0,8e-06,8e-06,0.010149,0.01018,0.019892,0.0,0.0,0.0,0.000785,0.000797,0.000797,0.00201,0.003049,0.003049,0.025821,0.034281,0.034319,0.000206,0.000206,0.000206,0.07581,0.07581,0.07581,0.079816,0.079816,0.079816,2.889283,3.074464,3.074464,0.023408,0.023408,0.023408,0.0,0.0,0.0,3.6e-05,3.6e-05,3.8e-05,0.002183,0.002267,0.002532,0.0,0.0,0.0,0.0,0.0,0.0,0.0,0.0,0.0,19.952275,19.952275,20.229536,0.0,0.0,0.0,0.000353,0.002585,0.002585,0.00452,0.023255,0.023255,0.577488,0.768916,0.873476,0.0,0.0,0.0,0.0,0.0,0.0,0.0,0.0,0.0,1.1e-05,1.1e-05,1.1e-05,0.0,0.0,0.0,0.0,0.0,0.0,0.0,0.0,0.0,0.0,0.0,0.0,0.0,0.0,0.0,0.0,0.0,0.0,0.0,0.0,0.0,2e-05,2e-05,3.9e-05,0.0,0.0,0.0,12.846994,13.049714,13.049714,32.783623,49.815775,49.815775,128.647803,266.461118,267.114511,3.374049,3.374049,3.374049,2.8e-05,2.8e-05,2.8e-05,2.9e-05,2.9e-05,2.9e-05,0.001054,0.001121,0.001121,9e-06,9e-06,9e-06,0.0,0.0,1e-06,0.000354,0.000357,0.00037,0.021135,0.021827,0.024378,0.0,0.0,0.0
BBS_CA_127_SANGER_2022,2022-05-28,2022-06-10,0.0,0.0,0.0,0.0,0.0,0.0,0.0,0.0,0.0,0.0,0.0,0.0,0.029,0.029,0.029,0.3462,0.3462,0.3462,42.2619,54.4152,54.5121,0.0,0.0,0.0,0.0,0.0,0.0,0.0,0.0437,0.0437,2.5238,3.4889,3.4889,0.0,0.0,0.0,0.0,0.0,0.0,0.0,0.0,0.0,0.0,0.0,0.0,0.0,0.0,0.0,0.0,0.0,0.0,0.0,0.0,0.0,2.1205,2.2422,2.2422,0.0,0.0,0.0,1.2404,1.2404,1.2404,2.0722,3.1684,3.1933,52.3221,85.6084,86.0702,0.3769,0.3769,0.3769,0.1894,1.4075,1.4075,2.1651,12.0203,12.0203,44.7224,91.7353,91.7353,0.0,0.2022,0.2022,0.0,0.0,0.0,0.0,0.0,0.0175,17.7801,17.9425,48.1693,0.0,0.0,0.0,0.0,0.0,0.0,0.0,0.0,0.0,0.0,0.0,0.0,0.0,0.0,0.0,1.3e-05,1.3e-05,1.3e-05,0.000154,0.000154,0.000154,0.018783,0.024185,0.024228,0.0,0.0,0.0,0.0,0.0,0.0,0.0,0.000189,0.000189,0.010878,0.015039,0.015039,0.0,0.0,0.0,0.0,0.0,0.0,0.0,0.0,0.0,0.0,0.0,0.0,0.0,0.0,0.0,0.0,0.0,0.0,0.0,0.0,0.0,0.021638,0.02288,0.02288,0.0,0.0,0.0,0.000689,0.000689,0.000689,0.00115,0.00129,0.001302,0.042096,0.052517,0.052845,0.000209,0.000209,0.000209,0.000441,0.039734,0.039734,0.005035,0.322944,0.322944,1.163944,2.676085,2.676085,0.0,0.006521,0.006521,0.0,0.0,0.0,0.0,0.0,8e-06,0.007927,0.008008,0.021449,0.0,0.0,0.0,0.0,0.0,0.0,0.0,0.0,0.0,0.0,0.0,0.0,0.0,0.0,0.0,0.00145,0.00145,0.00145,0.017312,0.017312,0.017312,3.407678,4.404355,4.409197,0.0,0.0,0.0,0.0,0.0,0.0,0.0,1e-06,1e-06,3.3e-05,4.5e-05,4.5e-05,0.0,0.0,0.0,0.0,0.0,0.0,0.0,0.0,0.0,0.0,0.0,0.0,0.0,0.0,0.0,0.0,0.0,0.0,0.0,0.0,0.0,4.3e-05,4.5e-05,4.5e-05,0.0,0.0,0.0,11.276268,11.276268,11.276268,18.688595,20.997111,21.152596,154.688935,321.349383,323.28824,3.426769,3.426769,3.426769,5e-06,1.9e-05,1.9e-05,5.4e-05,0.00017,0.00017,0.000649,0.001204,0.001204,0.0,2e-06,2e-06,0.0,0.0,0.0,0.0,0.0,7.7e-05,0.0765,0.076662,0.208782,0.0,0.0,0.0
BBS_CA_127_SANGER_2023,2023-05-28,2023-06-10,0.0,0.0,0.0,0.0,0.0,0.0,0.0,0.0,0.0,0.0,0.0,0.0,0.0,0.0,0.0,0.0,0.0,0.0,68.6943,68.6943,68.6943,0.0,0.0,0.0,0.0,0.0,0.0,0.0,0.0,0.0,0.0,0.0006,0.0006,0.0,0.0,0.0,0.0,0.0,0.0,0.0,0.0,0.0,0.319,0.319,0.319,0.0,0.0,0.0,0.0,0.0,0.0,0.0,0.0,0.0,1.846,1.846,1.846,0.0,0.0,0.0,0.0937,0.0937,0.0937,2.2538,2.2538,2.2538,78.5818,78.8545,78.8545,0.0,0.0,0.0,1.5109,1.5109,1.5109,15.1011,15.1011,15.1011,69.2701,69.2701,69.2701,0.1919,0.1919,0.1919,0.0,0.0,0.0,0.0881,0.0881,0.0881,15.5275,24.9001,70.8704,0.0,0.0,0.0,0.0,0.0,0.0,0.0,0.0,0.0,0.0,0.0,0.0,0.0,0.0,0.0,0.0,0.0,0.0,0.0,0.0,0.0,0.030531,0.030531,0.030531,0.0,0.0,0.0,0.0,0.0,0.0,0.0,0.0,0.0,0.0,3e-06,3e-06,0.0,0.0,0.0,0.0,0.0,0.0,0.0,0.0,0.0,0.030383,0.030383,0.030383,0.0,0.0,0.0,0.0,0.0,0.0,0.0,0.0,0.0,0.018837,0.018837,0.018837,0.0,0.0,0.0,2.8e-05,2.8e-05,2.8e-05,0.000913,0.000913,0.000913,0.055975,0.056049,0.056049,0.0,0.0,0.0,0.04874,0.04874,0.04874,0.487133,0.487133,0.487133,2.234519,2.234519,2.234519,0.006192,0.006192,0.006192,0.0,0.0,0.0,3.9e-05,3.9e-05,3.9e-05,0.00712,0.011285,0.031717,0.0,0.0,0.0,0.0,0.0,0.0,0.0,0.0,0.0,0.0,0.0,0.0,0.0,0.0,0.0,0.0,0.0,0.0,0.0,0.0,0.0,5.335839,5.335839,5.335839,0.0,0.0,0.0,0.0,0.0,0.0,0.0,0.0,0.0,0.0,0.0,0.0,0.0,0.0,0.0,0.0,0.0,0.0,0.0,0.0,0.0,0.00016,0.00016,0.00016,0.0,0.0,0.0,0.0,0.0,0.0,0.0,0.0,0.0,3.7e-05,3.7e-05,3.7e-05,0.0,0.0,0.0,0.39185,0.39185,0.39185,14.36196,14.36196,14.36196,293.852573,295.021773,295.021773,0.0,0.0,0.0,1.8e-05,1.8e-05,1.8e-05,0.000178,0.000178,0.000178,0.000815,0.000815,0.000815,2e-06,2e-06,2e-06,0.0,0.0,0.0,0.000387,0.000387,0.000387,0.054771,0.095879,0.297492,0.0,0.0,0.0
BBS_CA_147_ARVIN_2015,2015-05-28,2015-06-10,0.0,0.0,10.5154,0.0473,0.142,34.1641,0.4219,13.2238,56.9953,0.0,0.0,2.6384,0.7694,1.2806,1.2806,2.524,4.6546,4.6546,7.2914,14.1416,14.1416,0.1911,0.3194,0.3194,0.0,0.0,0.0,0.0,0.0,0.0,0.0,0.0,0.0,0.0,0.0,0.0,15.1916,47.6848,87.1414,64.0319,170.1583,298.7397,176.83,287.7892,423.6773,3.77,11.8335,21.6819,0.0,0.0,0.0,0.0,0.0,0.0,2.1012,2.1012,2.1012,0.0,0.0,0.0,0.9801,1.813,1.8588,3.2837,7.9013,8.081,8.6333,116.8038,117.4132,0.2442,0.4509,0.4624,7.1852,8.9495,12.0495,24.0904,34.5874,44.6664,42.9226,153.3281,218.6114,1.7937,2.2362,3.014,1.818,3.3048,3.3537,6.4867,11.8228,11.9809,40.5106,73.6748,75.3912,0.4528,0.8242,0.8364,0.0,0.0,0.005258,0.001956,0.005869,0.02288,0.017433,2.645225,5.077301,0.0,0.0,0.001319,0.000342,0.000569,0.000569,0.001122,0.002069,0.002069,0.003407,0.006452,0.006452,8.5e-05,0.000142,0.000142,0.0,0.0,0.0,0.0,0.0,0.0,0.0,0.0,0.0,0.0,0.0,0.0,0.387542,1.21645,2.222996,1.606888,4.314194,7.594332,4.274123,7.112153,10.578687,0.096173,0.301876,0.553111,0.0,0.0,0.0,0.0,0.0,0.0,0.021441,0.021441,0.021441,0.0,0.0,0.0,0.000884,0.001347,0.001359,0.002951,0.005516,0.005561,0.006507,0.069511,0.069714,0.00022,0.000335,0.000338,0.231781,0.235884,0.335886,0.777111,0.944782,1.26991,1.384601,4.36228,6.465095,0.057863,0.058892,0.083983,0.000909,0.001631,0.001655,0.003243,0.005834,0.005913,0.020239,0.03654,0.037398,0.000226,0.000407,0.000413,0.0,0.0,1.407683,0.006229,0.018688,4.573181,0.05551,0.760168,5.622539,0.0,0.0,0.353199,0.066328,0.110401,0.110401,0.217589,0.40126,0.40126,0.420335,1.010875,1.010875,0.016475,0.027536,0.027536,0.0,0.0,0.0,0.0,0.0,0.0,0.0,0.0,0.0,0.0,0.0,0.0,151.916318,476.848478,871.414415,630.293719,1691.557722,2977.371717,1678.964756,2787.489154,4146.37035,37.699722,118.335248,216.819476,0.0,0.0,0.0,0.0,0.0,0.0,4.2e-05,4.2e-05,4.2e-05,0.0,0.0,0.0,1.907689,9.479116,9.678273,6.550382,48.529147,49.310179,37.271504,961.602649,965.016985,0.475505,2.354439,2.404591,8.5e-05,0.000129,0.000165,0.000283,0.000482,0.000601,0.000505,0.002061,0.002829,2.1e-05,3.2e-05,4.1e-05,0.001818,0.004632,0.00468,0.006487,0.016565,0.016723,0.041529,0.09181,0.093527,0.000453,0.001153,0.001166
BBS_CA_147_ARVIN_2016,2016-05-28,2016-06-10,0.0,0.0,9.877,0.0,0.3993,32.3558,0.0,3.5586,150.6428,0.0,0.0,2.4782,0.2709,0.5304,0.5304,0.886,1.7257,1.7257,5.1599,6.0508,6.0508,0.0675,0.1326,0.1326,0.0,0.0,0.0,0.0,0.0,0.678,0.0,0.0,37.6737,0.0,0.0,0.0,0.0,0.0,43.0296,0.0,0.0,140.8916,0.0,0.1834,250.0088,0.0,0.0,10.6905,0.0,0.0,0.0,0.1645,0.1645,0.1645,1.5357,1.5357,1.5357,0.0,0.0,0.0,0.2568,0.2935,0.2935,0.8302,0.9487,1.0122,13.7348,25.0332,25.7507,0.0645,0.0737,0.0737,3.9106,21.5255,21.5255,13.5857,76.785,77.6653,32.9398,255.1686,263.99,0.9801,5.365,5.365,1.1721,2.6448,2.6907,4.6068,10.1595,10.3611,27.1797,50.1095,50.7395,0.2922,0.6592,0.6707,0.0,0.0,0.004938,0.0,0.016502,0.03248,0.0,0.14705,4.840613,0.0,0.0,0.001239,0.00012,0.000236,0.000236,0.000394,0.000767,0.000767,0.002495,0.002891,0.002891,3e-05,5.9e-05,5.9e-05,0.0,0.0,0.0,0.0,0.0,0.002922,0.0,0.0,0.162387,0.0,0.0,0.0,0.0,0.0,1.097694,0.0,0.0,3.594173,0.0,0.004677,6.244902,0.0,0.0,0.272716,0.0,0.0,0.0,0.001678,0.001678,0.001678,0.015671,0.015671,0.015671,0.0,0.0,0.0,0.00015,0.000159,0.000159,0.000485,0.000515,0.000531,0.011121,0.019286,0.019464,3.8e-05,4e-05,4e-05,0.078957,0.647181,0.647181,0.285565,2.324253,2.352648,0.900557,8.069228,8.353789,0.019777,0.161225,0.161225,0.000525,0.001205,0.001228,0.00207,0.004627,0.004728,0.012351,0.022918,0.023233,0.000131,0.0003,0.000306,0.0,0.0,1.322217,0.0,0.052546,4.330516,0.0,0.468238,19.899072,0.0,0.0,0.331755,0.023354,0.045727,0.045727,0.076378,0.148764,0.148764,0.192274,0.269079,0.269079,0.005817,0.01143,0.01143,0.0,0.0,0.0,0.0,0.0,9e-06,0.0,0.0,0.000485,0.0,0.0,0.0,0.0,0.0,430.296069,0.0,0.0,1408.91597,0.0,1.833572,2449.970102,0.0,0.0,106.904763,0.0,0.0,0.0,3e-06,3e-06,3e-06,3.1e-05,3.1e-05,3.1e-05,0.0,0.0,0.0,0.906558,1.066117,1.066117,2.930884,3.445961,3.723031,46.565494,103.364882,106.493065,0.227742,0.267923,0.267923,6.7e-05,0.000274,0.000274,0.000227,0.000971,0.000981,0.000459,0.003074,0.003177,1.7e-05,6.8e-05,6.8e-05,0.004879,0.009814,0.00986,0.018827,0.037752,0.037953,0.10266,0.180311,0.180941,0.001217,0.002445,0.002457
BBS_CA_147_ARVIN_2017,2017-05-28,2017-06-10,0.0,0.0121,9.5511,0.0,0.3345,34.7148,0.0,2.7664,347.9877,0.0,0.003,2.3964,0.0001,0.0002,0.0002,0.0037,0.0091,0.0091,0.0301,0.0757,0.0757,0.0,0.0001,0.0001,0.0,0.0,0.0,0.0,0.0,0.0,0.0,0.0,0.0,0.0,0.0,0.0,0.0,0.0,20.6974,9.8078,9.8078,78.6614,88.6189,89.1457,279.211,0.0,0.0,5.182,0.0,0.0,0.0,0.0,0.0,0.0,0.0,0.0,0.0,0.0,0.0,0.0,0.9277,0.95,4.4329,3.5447,3.6242,15.0953,15.3025,19.1259,31.7744,0.2331,0.2388,1.1031,28.7331,35.0102,37.8244,93.7387,118.1176,127.2805,125.2624,239.7456,278.8616,7.1675,8.7309,9.437,0.9232,4.2101,4.2544,4.3806,15.4495,15.6107,34.9995,59.5302,59.8691,0.2315,1.0477,1.0589,0.0,6e-06,0.004776,0.0,0.001552,0.162329,0.0,0.013721,12.941478,0.0,2e-06,0.001198,0.0,0.0,0.0,2e-06,4e-06,4e-06,1.3e-05,3.4e-05,3.4e-05,0.0,0.0,0.0,0.0,0.0,0.0,0.0,0.0,0.0,0.0,0.0,0.0,0.0,0.0,0.0,0.0,0.0,0.527995,0.250199,0.250199,2.006667,2.260687,2.274124,7.122729,0.0,0.0,0.132193,0.0,0.0,0.0,0.0,0.0,0.0,0.0,0.0,0.0,0.0,0.0,0.0,0.000437,0.000443,0.002378,0.001566,0.001585,0.007958,0.006405,0.008424,0.015451,0.00011,0.000111,0.000592,0.926876,1.129363,1.220143,3.023828,3.810244,4.105824,4.040721,7.680788,8.942595,0.23121,0.281643,0.304421,0.00041,0.001875,0.001897,0.001958,0.0069,0.00698,0.01582,0.027212,0.027372,0.000103,0.000467,0.000472,0.0,0.001626,1.278596,0.0,0.044707,4.639093,0.0,0.369637,45.868523,0.0,0.000405,0.320807,9e-06,1.9e-05,1.9e-05,0.000318,0.000787,0.000787,0.002591,0.00653,0.00653,2e-06,5e-06,5e-06,0.0,0.0,0.0,0.0,0.0,0.0,0.0,0.0,0.0,0.0,0.0,0.0,0.0,0.0,206.973918,98.07817,98.07817,786.613501,886.189249,891.456643,2792.1099,0.0,0.0,51.819518,0.0,0.0,0.0,0.0,0.0,0.0,0.0,0.0,0.0,0.0,0.0,0.0,3.777908,3.874761,35.537155,14.565632,14.890849,119.174078,85.650416,118.475463,233.462007,0.949252,0.973642,8.831017,0.000338,0.000412,0.000445,0.001103,0.00139,0.001497,0.001474,0.002844,0.003304,8.4e-05,0.000103,0.000111,0.004049,0.018248,0.018292,0.018552,0.065687,0.065898,0.137401,0.21514,0.216024,0.001015,0.00454,0.004552
BBS_CA_147_ARVIN_2018,2018-05-28,2018-06-10,0.0,23.7705,23.7705,0.0,78.5603,78.5603,0.0,232.707,280.1384,0.0,5.97,5.97,0.101,0.101,0.101,0.4729,0.4729,0.4729,2.4626,2.4626,2.4626,0.0251,0.0251,0.0251,0.0,0.0,0.0,0.0,0.0,0.0,0.0,0.0,0.0,0.0,0.0,0.0,0.0,0.0,27.7073,0.0,1.2601,93.3085,0.0,135.4435,290.0536,0.0,0.0,6.9132,0.0,0.0,0.0,0.0,0.0,0.0,0.0581,0.0581,0.0581,0.0,0.0,0.0,0.1704,0.1709,0.1709,0.5509,0.5801,0.5878,12.1477,18.2637,18.3349,0.0428,0.0429,0.0429,4.8944,11.9028,11.9028,16.3444,39.3118,39.3118,29.4641,65.7923,74.5206,1.2153,2.9755,2.9755,1.7963,1.7963,1.7963,6.8563,6.8721,6.8724,41.9508,43.8134,44.61,0.4487,0.4487,0.4487,0.0,0.011885,0.011885,0.0,0.108628,0.108628,0.0,6.883972,8.843944,0.0,0.002985,0.002985,4.5e-05,4.5e-05,4.5e-05,0.00021,0.00021,0.00021,0.001094,0.001094,0.001094,1.1e-05,1.1e-05,1.1e-05,0.0,0.0,0.0,0.0,0.0,0.0,0.0,0.0,0.0,0.0,0.0,0.0,0.0,0.0,0.706819,0.0,0.032145,2.380318,0.0,3.455192,7.399326,0.0,0.0,0.176357,0.0,0.0,0.0,0.0,0.0,0.0,0.000593,0.000593,0.000593,0.0,0.0,0.0,0.00013,0.00013,0.00013,0.00042,0.000436,0.000438,0.006623,0.011327,0.011345,3.3e-05,3.3e-05,3.3e-05,0.157883,0.38396,0.38396,0.527237,1.268124,1.268124,0.950455,2.122333,2.403891,0.039203,0.095983,0.095983,0.000806,0.000806,0.000806,0.003073,0.003081,0.003081,0.019037,0.019967,0.020365,0.000201,0.000201,0.000201,0.0,3.182123,3.182123,0.0,10.512884,10.512884,0.0,30.558828,36.799794,0.0,0.799199,0.799199,0.008708,0.008708,0.008708,0.04077,0.04077,0.04077,0.184029,0.184029,0.184029,0.002161,0.002161,0.002161,0.0,0.0,0.0,0.0,0.0,0.0,0.0,0.0,0.0,0.0,0.0,0.0,0.0,0.0,277.072912,0.0,12.600859,933.084521,0.0,1354.435164,2900.535918,0.0,0.0,69.131952,0.0,0.0,0.0,0.0,0.0,0.0,1e-06,1e-06,1e-06,0.0,0.0,0.0,0.630979,0.633317,0.633317,2.040394,2.297744,2.331104,87.012904,104.021972,104.331615,0.158456,0.159045,0.159045,5.8e-05,0.00014,0.00014,0.000192,0.000462,0.000462,0.000347,0.000774,0.000877,1.4e-05,3.5e-05,3.5e-05,0.007428,0.007428,0.007428,0.028473,0.02849,0.028492,0.160092,0.162036,0.162844,0.001856,0.001856,0.001856
BBS_CA_147_ARVIN_2019,2019-05-28,2019-06-10,0.0,0.0,3.6573,0.0,0.0,11.8062,0.0,0.0,14.73,0.0,0.0,0.921,0.0,0.0,0.0,0.0,0.0,0.0,0.5521,0.5534,0.5534,0.0,0.0,0.0,0.0,0.0,0.0,0.0,0.0,0.0,0.0,2.3361,2.3361,0.0,0.0,0.0,0.0,0.0,19.5736,0.0,3.2417,67.1711,0.0,29.6762,113.1487,0.0,0.0,4.8574,2.3493,2.3493,2.3493,7.634,7.634,7.634,9.5872,9.5872,9.5872,0.587,0.587,0.587,0.0229,2.3578,2.3578,0.0742,7.6966,7.8295,1.8377,31.9355,35.0688,0.0058,0.5855,0.5855,2.7073,7.0875,7.0875,8.7403,22.9693,23.3052,39.5732,89.4716,102.7705,0.6817,1.7765,1.7765,2.8051,3.0835,3.0835,10.9719,12.5189,12.5189,42.2102,49.9911,49.9911,0.7013,0.7704,0.7704,0.0,0.0,0.001829,0.0,0.0,0.005903,0.0,0.0,0.099654,0.0,0.0,0.00046,0.0,0.0,0.0,0.0,0.0,0.0,0.000245,0.000246,0.000246,0.0,0.0,0.0,0.0,0.0,0.0,0.0,0.0,0.0,0.0,0.010069,0.010069,0.0,0.0,0.0,0.0,0.0,0.054522,0.0,0.00903,0.187106,0.0,0.082633,0.70404,0.0,0.0,0.01353,0.023973,0.023973,0.023973,0.077898,0.077898,0.077898,0.097829,0.097829,0.097829,0.00599,0.00599,0.00599,1.7e-05,0.001297,0.001297,5.7e-05,0.004233,0.0043,0.000902,0.014505,0.016071,4e-06,0.000322,0.000322,0.087333,0.22772,0.22772,0.281944,0.737986,0.748822,1.244445,2.851001,3.279997,0.02199,0.057082,0.057082,0.001247,0.00137,0.00137,0.004876,0.005596,0.005596,0.018949,0.02272,0.02272,0.000312,0.000342,0.000342,0.0,0.0,0.4896,0.0,0.0,1.580488,0.0,0.0,1.966717,0.0,0.0,0.123292,0.0,0.0,0.0,0.0,0.0,0.0,0.047598,0.047661,0.047661,0.0,0.0,0.0,0.0,0.0,0.0,0.0,0.0,0.0,0.0,3e-05,3e-05,0.0,0.0,0.0,0.0,0.0,27.962252,0.0,4.630972,95.958749,0.0,42.379195,308.310638,0.0,0.0,6.939144,4.7e-05,4.7e-05,4.7e-05,0.000153,0.000153,0.000153,0.000193,0.000193,0.000193,1.2e-05,1.2e-05,1.2e-05,0.084911,20.830961,20.830961,0.274725,68.018567,68.47653,7.414432,166.148369,176.953013,0.021305,5.171098,5.171098,3.2e-05,8.3e-05,8.3e-05,0.000103,0.00027,0.000274,0.000464,0.001051,0.001207,8e-06,2.1e-05,2.1e-05,0.012303,0.013524,0.013524,0.048123,0.052926,0.052926,0.173642,0.188704,0.188704,0.003076,0.003379,0.003379
BBS_CA_147_ARVIN_2020,2020-05-28,2020-06-10,0.0,0.0,2.581,0.0,0.0,8.3318,0.0,94.0557,105.7548,0.0,0.0,0.65,0.0,0.0,0.0,0.855,0.855,0.855,7.5683,8.1532,8.1532,0.0,0.0,0.0,0.0,0.0,0.0,0.0,0.0,0.0,0.0,0.0,0.0,0.0,0.0,0.0,0.0,0.0,0.0,0.0,0.0,0.0,0.0,0.0274,0.0274,0.0,0.0,0.0,2.9129,2.9129,2.9129,9.449,9.449,9.449,11.066,11.7226,11.7226,0.7293,0.7293,0.7293,1.0768,3.4161,3.4161,5.3659,13.2643,13.2658,38.209,50.9004,51.6519,0.2672,0.8478,0.8478,1.512,8.334,9.0937,9.4246,33.2828,35.7513,64.5339,117.6185,120.7475,0.3769,2.0769,2.2682,3.5267,3.5267,3.5613,13.1269,13.4496,13.7975,42.0756,45.4489,47.6883,0.8823,0.8823,0.891,0.0,0.0,0.001291,0.0,0.0,0.004166,0.0,0.047028,0.052877,0.0,0.0,0.000325,0.0,0.0,0.0,0.00038,0.00038,0.00038,0.003364,0.003624,0.003624,0.0,0.0,0.0,0.0,0.0,0.0,0.0,0.0,0.0,0.0,0.0,0.0,0.0,0.0,0.0,0.0,0.0,0.0,0.0,0.0,0.0,0.0,2.6e-05,2.6e-05,0.0,0.0,0.0,0.029723,0.029723,0.029723,0.096418,0.096418,0.096418,0.112918,0.119618,0.119618,0.007442,0.007442,0.007442,0.0006,0.001899,0.001899,0.002911,0.007299,0.007299,0.020715,0.027109,0.027522,0.000149,0.000471,0.000471,0.048774,0.268839,0.293344,0.303959,1.073577,1.153206,2.081182,3.793588,3.894524,0.012157,0.066996,0.073167,0.001567,0.001567,0.001585,0.005834,0.005996,0.006169,0.018727,0.020386,0.021506,0.000392,0.000392,0.000396,0.0,0.0,0.345518,0.0,0.0,1.115373,0.0,12.591125,14.157269,0.0,0.0,0.087009,0.0,0.0,0.0,0.042981,0.042981,0.042981,0.388393,0.417636,0.417636,0.0,0.0,0.0,0.0,0.0,0.0,0.0,0.0,0.0,0.0,0.0,0.0,0.0,0.0,0.0,0.0,0.0,0.0,0.0,0.0,0.0,0.0,0.013698,0.013698,0.0,0.0,0.0,5.8e-05,5.8e-05,5.8e-05,0.00019,0.00019,0.00019,0.000222,0.000235,0.000235,1.5e-05,1.5e-05,1.5e-05,9.753598,31.017972,31.017972,47.479591,119.276466,119.282651,239.058186,342.412609,349.184299,2.4205,7.697498,7.697498,1.8e-05,9.8e-05,0.000107,0.000111,0.000392,0.000421,0.000759,0.001384,0.001421,4e-06,2.4e-05,2.7e-05,0.015468,0.015468,0.015502,0.057574,0.057897,0.058245,0.182896,0.187953,0.190193,0.00387,0.00387,0.003878
BBS_CA_147_ARVIN_2021,2021-05-28,2021-06-10,0.0,3.6469,3.6469,0.0,11.7725,11.7725,0.0,12.2085,12.4772,0.0,0.9184,0.9184,0.2411,0.3999,0.3999,1.6435,2.1572,2.1572,8.3831,9.8452,9.8452,0.0598,0.0997,0.0997,0.0,0.0,0.0,0.0,0.0,0.0,0.1005,0.1005,0.1005,0.0,0.0,0.0,0.0,0.0,0.0,0.0,0.0,0.0,0.0,0.0344,0.0344,0.0,0.0,0.0,0.0,0.0,0.0,0.0,0.0,0.0,0.0,0.0,0.0,0.0,0.0,0.0,1.211,3.5542,3.5542,7.2232,15.136,15.136,36.9404,74.6923,74.7892,0.3023,0.884,0.884,10.3813,16.2423,16.8445,41.5403,61.366,63.3576,130.2117,176.4868,222.6335,2.591,4.0608,4.2119,1.9588,1.9588,2.0284,8.0946,8.332,8.5944,39.9998,44.9762,45.5433,0.4885,0.4885,0.5059,0.0,0.001823,0.001823,0.0,0.005886,0.005886,0.0,0.006104,0.006239,0.0,0.000459,0.000459,0.000107,0.000178,0.000178,0.00073,0.000959,0.000959,0.003726,0.004376,0.004376,2.7e-05,4.4e-05,4.4e-05,0.0,0.0,0.0,0.0,0.0,0.0,0.000149,0.000149,0.000149,0.0,0.0,0.0,0.0,0.0,0.0,0.0,0.0,0.0,0.0,3.2e-05,3.2e-05,0.0,0.0,0.0,0.0,0.0,0.0,0.0,0.0,0.0,0.0,0.0,0.0,0.0,0.0,0.0,0.000647,0.001968,0.001968,0.00393,0.008386,0.008386,0.02128,0.039332,0.039356,0.000161,0.00049,0.00049,0.334881,0.523945,0.543369,1.339845,1.979385,2.043629,4.035236,5.527938,7.016541,0.083582,0.130994,0.135868,0.000871,0.000871,0.000905,0.003598,0.003703,0.003834,0.017784,0.019996,0.02028,0.000217,0.000217,0.000226,0.0,0.488201,0.488201,0.0,1.575973,1.575973,0.0,1.634336,1.670311,0.0,0.12294,0.12294,0.020784,0.034473,0.034473,0.110684,0.154973,0.154973,0.456435,0.552102,0.552102,0.005158,0.008592,0.008592,0.0,0.0,0.0,0.0,0.0,0.0,0.0,0.0,0.0,0.0,0.0,0.0,0.0,0.0,0.0,0.0,0.0,0.0,0.0,0.017177,0.017177,0.0,0.0,0.0,0.0,0.0,0.0,0.0,0.0,0.0,0.0,0.0,0.0,0.0,0.0,0.0,9.657426,30.458394,30.458394,61.181756,131.265292,131.265292,302.350956,587.531775,587.953185,2.40797,7.570907,7.570907,0.000122,0.000191,0.000198,0.000489,0.000722,0.000745,0.001522,0.002067,0.00261,3e-05,4.8e-05,5e-05,0.008591,0.008591,0.008661,0.035503,0.036544,0.036806,0.175035,0.196834,0.197401,0.002142,0.002142,0.00216
BBS_CA_147_ARVIN_2022,2022-05-28,2022-06-10,0.0,3.3229,3.3229,0.0,10.7268,10.7268,0.0,20.2678,33.3984,0.0,0.8368,0.8368,0.1225,0.1225,0.1225,1.4692,1.4722,1.4722,9.9455,9.9808,9.9808,0.0304,0.0304,0.0304,0.0,0.0,0.0,0.0,0.0,0.0,0.0,0.0,0.0,0.0,0.0,0.0,0.0,0.0,0.0,0.0,0.0,0.0,0.0,0.4558,0.4558,0.0,0.0,0.0,0.0,0.1164,0.1164,0.0,0.3756,0.3756,0.2944,0.7113,0.7113,0.0,0.0293,0.0293,0.0,0.5317,0.5317,2.1187,4.3279,4.3279,20.9947,40.6071,40.7186,0.0,0.1322,0.1322,9.3199,9.3199,10.3238,36.8503,37.8959,43.1655,110.3024,144.4104,169.7325,2.3243,2.3243,2.5772,0.3629,1.9667,2.0291,2.2709,7.7413,7.9433,37.4307,47.2478,47.4608,0.0901,0.4898,0.5055,0.0,0.001661,0.001661,0.0,0.005363,0.005363,0.0,0.010134,0.552721,0.0,0.000418,0.000418,5.4e-05,5.4e-05,5.4e-05,0.000653,0.000654,0.000654,0.00442,0.004436,0.004436,1.4e-05,1.4e-05,1.4e-05,0.0,0.0,0.0,0.0,0.0,0.0,0.0,0.0,0.0,0.0,0.0,0.0,0.0,0.0,0.0,0.0,0.0,0.0,0.0,0.011621,0.011621,0.0,0.0,0.0,0.0,0.001187,0.001187,0.0,0.003833,0.003833,0.003004,0.007259,0.007259,0.0,0.000299,0.000299,0.0,0.000177,0.000177,0.001069,0.001766,0.001766,0.009896,0.019051,0.019113,0.0,4.4e-05,4.4e-05,0.300641,0.300641,0.333026,1.18819,1.194118,1.364105,3.527419,4.379472,5.196314,0.074979,0.074979,0.083134,0.000161,0.000874,0.000905,0.001009,0.003441,0.003542,0.01739,0.021753,0.02186,4e-05,0.000218,0.000226,0.0,0.444837,0.444837,0.0,1.435986,1.435986,0.0,2.713224,4.440934,0.0,0.11202,0.11202,0.010563,0.010563,0.010563,0.095749,0.095981,0.095981,0.59189,0.594381,0.594381,0.002621,0.002621,0.002621,0.0,0.0,0.0,0.0,0.0,0.0,0.0,0.0,0.0,0.0,0.0,0.0,0.0,0.0,0.0,0.0,0.0,0.0,0.0,0.168607,0.168607,0.0,0.0,0.0,0.0,2e-06,2e-06,0.0,8e-06,8e-06,6e-06,1.4e-05,1.4e-05,0.0,1e-06,1e-06,0.0,2.257808,2.257808,16.781788,26.213439,26.213439,150.833739,291.974176,292.988103,0.0,0.561431,0.561431,0.00011,0.00011,0.000121,0.000434,0.000444,0.000506,0.001296,0.001683,0.001981,2.7e-05,2.7e-05,3e-05,0.001592,0.008626,0.008688,0.009958,0.033952,0.034154,0.118213,0.16127,0.161483,0.000395,0.002148,0.002164
BBS_CA_147_ARVIN_2023,2023-05-28,2023-06-10,0.0,14.2635,14.2635,0.0,46.09,46.09,0.0,48.1934,102.0627,0.0,3.5862,3.5862,0.0,0.0,0.0,0.25,0.25,0.25,2.5244,2.5244,2.5244,0.0,0.0,0.0,0.0,0.0,0.0,0.0,0.0,0.0,1.8442,1.8442,1.8442,0.0,0.0,0.0,0.0,0.0,0.0,0.0,0.0,0.0,0.0,0.0,0.0,0.0,0.0,0.0,0.0,0.0,0.0,0.0,0.0,0.0,0.0032,0.0032,0.0032,0.0,0.0,0.0,0.0,1.2324,1.2324,0.4132,4.9382,4.9382,23.4821,49.9862,49.9862,0.0,0.3058,0.3058,7.0137,11.3223,11.3223,25.0578,40.4933,40.5025,67.6348,123.6747,123.7594,1.7491,2.8324,2.8324,1.7768,1.7768,1.8886,7.4366,7.4792,7.8409,32.5718,32.9557,33.3306,0.4427,0.4427,0.4707,0.0,0.007132,0.007132,0.0,0.023045,0.023045,0.0,0.024097,0.052379,0.0,0.001793,0.001793,0.0,0.0,0.0,0.000111,0.000111,0.000111,0.001122,0.001122,0.001122,0.0,0.0,0.0,0.0,0.0,0.0,0.0,0.0,0.0,0.007949,0.007949,0.007949,0.0,0.0,0.0,0.0,0.0,0.0,0.0,0.0,0.0,0.0,0.0,0.0,0.0,0.0,0.0,0.0,0.0,0.0,0.0,0.0,0.0,3.2e-05,3.2e-05,3.2e-05,0.0,0.0,0.0,0.0,0.000312,0.000312,0.000217,0.001364,0.001364,0.012762,0.024904,0.024904,0.0,7.7e-05,7.7e-05,0.226247,0.365235,0.365235,0.791621,1.286569,1.286868,2.016163,3.797305,3.800037,0.056422,0.091366,0.091366,0.00079,0.00079,0.000846,0.003306,0.003327,0.003508,0.014483,0.014675,0.014863,0.000197,0.000197,0.000211,0.0,1.909437,1.909437,0.0,6.170014,6.170014,0.0,6.451595,13.662938,0.0,0.480075,0.480075,0.0,0.0,0.0,0.021555,0.021555,0.021555,0.216688,0.216688,0.216688,0.0,0.0,0.0,0.0,0.0,0.0,0.0,0.0,0.0,2.4e-05,2.4e-05,2.4e-05,0.0,0.0,0.0,0.0,0.0,0.0,0.0,0.0,0.0,0.0,0.0,0.0,0.0,0.0,0.0,0.0,0.0,0.0,0.0,0.0,0.0,0.0,0.0,0.0,0.0,0.0,0.0,0.0,5.358389,5.358389,2.524048,22.21385,22.21385,190.275729,389.330365,389.330365,0.0,1.329744,1.329744,8.3e-05,0.000133,0.000133,0.000294,0.000475,0.000475,0.000786,0.001444,0.001445,2.1e-05,3.3e-05,3.3e-05,0.007793,0.007793,0.007905,0.032573,0.032616,0.032977,0.142435,0.142819,0.143194,0.001941,0.001941,0.00197
BBS_CA_148_GLENN_2015,2015-05-28,2015-06-10,0.0,0.0,0.0,0.0,0.0,0.0,0.0,0.0,0.0,0.0,0.0,0.0,0.0,0.0,0.0,0.0,0.0,0.0,0.0,0.0,0.0,0.0,0.0,0.0,0.0,0.0,0.0,0.0,0.0,0.0,0.0,0.0,0.0,0.0,0.0,0.0,0.0,0.0,0.0,0.0,0.0,0.0,0.0,0.0,18.0073,0.0,0.0,0.0,0.0,0.0,0.0,0.0,0.0,0.0,0.0,0.0,0.0,0.0,0.0,0.0,0.0,0.0,0.0,0.0,0.0,0.0,7.6943,7.8166,8.8823,0.0,0.0,0.0,0.0,0.0,0.0,0.0,0.0,0.0,0.0,0.0,0.0,0.0,0.0,0.0,0.0,0.0,0.0,0.0,0.0,0.0,0.0,0.0,0.0,0.0,0.0,0.0,0.0,0.0,0.0,0.0,0.0,0.0,0.0,0.0,0.0,0.0,0.0,0.0,0.0,0.0,0.0,0.0,0.0,0.0,0.0,0.0,0.0,0.0,0.0,0.0,0.0,0.0,0.0,0.0,0.0,0.0,0.0,0.0,0.0,0.0,0.0,0.0,0.0,0.0,0.0,0.0,0.0,0.0,0.0,0.0,0.354603,0.0,0.0,0.0,0.0,0.0,0.0,0.0,0.0,0.0,0.0,0.0,0.0,0.0,0.0,0.0,0.0,0.0,0.0,0.0,0.0,0.0,0.001948,0.001979,0.002191,0.0,0.0,0.0,0.0,0.0,0.0,0.0,0.0,0.0,0.0,0.0,0.0,0.0,0.0,0.0,0.0,0.0,0.0,0.0,0.0,0.0,0.0,0.0,0.0,0.0,0.0,0.0,0.0,0.0,0.0,0.0,0.0,0.0,0.0,0.0,0.0,0.0,0.0,0.0,0.0,0.0,0.0,0.0,0.0,0.0,0.0,0.0,0.0,0.0,0.0,0.0,0.0,0.0,0.0,0.0,0.0,0.0,0.0,0.0,0.0,0.0,0.0,0.0,0.0,0.0,0.0,0.0,0.0,0.0,0.0,0.0,140.55647,0.0,0.0,0.0,0.0,0.0,0.0,0.0,0.0,0.0,0.0,0.0,0.0,0.0,0.0,0.0,0.0,0.0,0.0,0.0,0.0,0.0,33.453537,33.985254,37.600756,0.0,0.0,0.0,0.0,0.0,0.0,0.0,0.0,0.0,0.0,0.0,0.0,0.0,0.0,0.0,0.0,0.0,0.0,0.0,0.0,0.0,0.0,0.0,0.0,0.0,0.0,0.0
BBS_CA_148_GLENN_2016,2016-05-28,2016-06-10,0.0,0.0,0.0,0.0,0.0,0.0,0.032,0.032,0.032,0.0,0.0,0.0,0.0,0.0,0.0,0.0,0.0,0.0,0.0,0.0,0.0,0.0,0.0,0.0,0.0,0.0,0.0,0.0,0.0,0.0,0.0,0.0,0.0,0.0,0.0,0.0,0.0,0.0,0.0,0.0,0.0,0.0,0.0,0.0,13.0813,0.0,0.0,0.0,0.0,0.0,0.0,0.0,0.0,0.0,0.0,0.0,0.0,0.0,0.0,0.0,0.0,0.0,0.0,0.0,0.0,0.0,32.7118,33.4917,34.0682,0.0,0.0,0.0,0.0,0.0,0.0,0.0,0.0,0.0,0.0,0.0,0.0,0.0,0.0,0.0,0.0,0.0,0.0,0.0,0.0,0.0,0.0,0.0,0.0,0.0,0.0,0.0,0.0,0.0,0.0,0.0,0.0,0.0,0.001323,0.001323,0.001323,0.0,0.0,0.0,0.0,0.0,0.0,0.0,0.0,0.0,0.0,0.0,0.0,0.0,0.0,0.0,0.0,0.0,0.0,0.0,0.0,0.0,0.0,0.0,0.0,0.0,0.0,0.0,0.0,0.0,0.0,0.0,0.0,0.0,0.0,0.0,0.333706,0.0,0.0,0.0,0.0,0.0,0.0,0.0,0.0,0.0,0.0,0.0,0.0,0.0,0.0,0.0,0.0,0.0,0.0,0.0,0.0,0.0,0.008281,0.008479,0.008625,0.0,0.0,0.0,0.0,0.0,0.0,0.0,0.0,0.0,0.0,0.0,0.0,0.0,0.0,0.0,0.0,0.0,0.0,0.0,0.0,0.0,0.0,0.0,0.0,0.0,0.0,0.0,0.0,0.0,0.0,0.0,0.0,0.0,0.004211,0.004211,0.004211,0.0,0.0,0.0,0.0,0.0,0.0,0.0,0.0,0.0,0.0,0.0,0.0,0.0,0.0,0.0,0.0,0.0,0.0,0.0,0.0,0.0,0.0,0.0,0.0,0.0,0.0,0.0,0.0,0.0,0.0,0.0,0.0,0.0,0.0,0.0,130.812885,0.0,0.0,0.0,0.0,0.0,0.0,0.0,0.0,0.0,0.0,0.0,0.0,0.0,0.0,0.0,0.0,0.0,0.0,0.0,0.0,0.0,142.225108,145.616172,148.122466,0.0,0.0,0.0,0.0,0.0,0.0,0.0,0.0,0.0,0.0,0.0,0.0,0.0,0.0,0.0,0.0,0.0,0.0,0.0,0.0,0.0,0.0,0.0,0.0,0.0,0.0,0.0
BBS_CA_148_GLENN_2017,2017-05-28,2017-06-10,0.0,0.0,0.0,0.0,0.0,0.0,0.0,0.0,0.0,0.0,0.0,0.0,0.0,0.0,0.0,0.0,0.0,0.0,0.0,0.0,0.0,0.0,0.0,0.0,0.0,0.0,0.0,0.0,0.0,0.0,0.0,0.0,0.0,0.0,0.0,0.0,0.0,0.0,0.0,0.0,0.0,0.0,0.0,1.9592,1.9592,0.0,0.0,0.0,0.0,0.0,0.0,0.0,0.0,0.0,0.0,0.0,0.0,0.0,0.0,0.0,0.0,0.0,0.0,0.0,0.0,0.0,34.2297,34.2369,34.2774,0.0,0.0,0.0,0.0,0.0,0.0,0.0,0.0,0.0,0.0,0.0,0.0,0.0,0.0,0.0,0.0,0.0,0.0,0.0,0.0,0.0,0.0,0.0,0.0,0.0,0.0,0.0,0.0,0.0,0.0,0.0,0.0,0.0,0.0,0.0,0.0,0.0,0.0,0.0,0.0,0.0,0.0,0.0,0.0,0.0,0.0,0.0,0.0,0.0,0.0,0.0,0.0,0.0,0.0,0.0,0.0,0.0,0.0,0.0,0.0,0.0,0.0,0.0,0.0,0.0,0.0,0.0,0.0,0.0,0.0,0.049979,0.049979,0.0,0.0,0.0,0.0,0.0,0.0,0.0,0.0,0.0,0.0,0.0,0.0,0.0,0.0,0.0,0.0,0.0,0.0,0.0,0.0,0.0,0.008666,0.008668,0.008688,0.0,0.0,0.0,0.0,0.0,0.0,0.0,0.0,0.0,0.0,0.0,0.0,0.0,0.0,0.0,0.0,0.0,0.0,0.0,0.0,0.0,0.0,0.0,0.0,0.0,0.0,0.0,0.0,0.0,0.0,0.0,0.0,0.0,0.0,0.0,0.0,0.0,0.0,0.0,0.0,0.0,0.0,0.0,0.0,0.0,0.0,0.0,0.0,0.0,0.0,0.0,0.0,0.0,0.0,0.0,0.0,0.0,0.0,0.0,0.0,0.0,0.0,0.0,0.0,0.0,0.0,0.0,0.0,0.0,0.0,19.59193,19.59193,0.0,0.0,0.0,0.0,0.0,0.0,0.0,0.0,0.0,0.0,0.0,0.0,0.0,0.0,0.0,0.0,0.0,0.0,0.0,0.0,0.0,148.824859,148.856205,148.995897,0.0,0.0,0.0,0.0,0.0,0.0,0.0,0.0,0.0,0.0,0.0,0.0,0.0,0.0,0.0,0.0,0.0,0.0,0.0,0.0,0.0,0.0,0.0,0.0,0.0,0.0,0.0
BBS_CA_148_GLENN_2018,2018-05-28,2018-06-10,0.0,0.0,0.0,0.0,0.0,0.0,0.0,0.0,0.0,0.0,0.0,0.0,0.0,0.0,0.0,0.0,0.0,0.0,0.0,0.0,0.0,0.0,0.0,0.0,0.0,0.0,0.0,0.0,0.0,0.0,0.0,0.0,0.0,0.0,0.0,0.0,0.0,0.0,0.0,0.0,0.0,0.0,0.0,14.4196,14.4196,0.0,0.0,0.0,0.0,0.0,0.0,0.0,0.0,0.0,0.0,0.0,0.0,0.0,0.0,0.0,0.0,0.0,0.0,0.0,0.0,0.0,21.4876,23.7082,23.7542,0.0,0.0,0.0,0.0,0.0,0.0,0.0,0.0,0.0,0.0,0.0,0.0,0.0,0.0,0.0,0.0,0.0,0.0,0.0,0.0,0.0,0.0,0.0,0.0,0.0,0.0,0.0,0.0,0.0,0.0,0.0,0.0,0.0,0.0,0.0,0.0,0.0,0.0,0.0,0.0,0.0,0.0,0.0,0.0,0.0,0.0,0.0,0.0,0.0,0.0,0.0,0.0,0.0,0.0,0.0,0.0,0.0,0.0,0.0,0.0,0.0,0.0,0.0,0.0,0.0,0.0,0.0,0.0,0.0,0.0,0.367848,0.367848,0.0,0.0,0.0,0.0,0.0,0.0,0.0,0.0,0.0,0.0,0.0,0.0,0.0,0.0,0.0,0.0,0.0,0.0,0.0,0.0,0.0,0.00544,0.006002,0.006025,0.0,0.0,0.0,0.0,0.0,0.0,0.0,0.0,0.0,0.0,0.0,0.0,0.0,0.0,0.0,0.0,0.0,0.0,0.0,0.0,0.0,0.0,0.0,0.0,0.0,0.0,0.0,0.0,0.0,0.0,0.0,0.0,0.0,0.0,0.0,0.0,0.0,0.0,0.0,0.0,0.0,0.0,0.0,0.0,0.0,0.0,0.0,0.0,0.0,0.0,0.0,0.0,0.0,0.0,0.0,0.0,0.0,0.0,0.0,0.0,0.0,0.0,0.0,0.0,0.0,0.0,0.0,0.0,0.0,0.0,144.196365,144.196365,0.0,0.0,0.0,0.0,0.0,0.0,0.0,0.0,0.0,0.0,0.0,0.0,0.0,0.0,0.0,0.0,0.0,0.0,0.0,0.0,0.0,93.424558,103.079124,103.237765,0.0,0.0,0.0,0.0,0.0,0.0,0.0,0.0,0.0,0.0,0.0,0.0,0.0,0.0,0.0,0.0,0.0,0.0,0.0,0.0,0.0,0.0,0.0,0.0,0.0,0.0,0.0
BBS_CA_148_GLENN_2019,2019-05-28,2019-06-10,0.0,0.0,0.0,0.0,0.0,0.0,0.0,0.0,0.0,0.0,0.0,0.0,0.0,0.0,0.0,0.0,0.0,0.0,0.0,0.0,0.0,0.0,0.0,0.0,0.0,0.0,0.0,0.0,0.0,0.0,0.0,0.0,0.0,0.0,0.0,0.0,0.0,0.0,0.0,0.0,0.0,0.0,0.0,0.0,0.0,0.0,0.0,0.0,0.0,0.0,0.0,0.0,0.0,0.0,0.0,0.0,0.0,0.0,0.0,0.0,0.0,0.0,0.0,0.0,0.0,0.0,21.3703,22.8784,22.8784,0.0,0.0,0.0,0.0,0.0,0.0,0.0,0.0,0.0,0.0,0.0,0.0,0.0,0.0,0.0,0.0,0.0,0.0,0.0,0.0,0.0,0.0,0.0,0.0,0.0,0.0,0.0,0.0,0.0,0.0,0.0,0.0,0.0,0.0,0.0,0.0,0.0,0.0,0.0,0.0,0.0,0.0,0.0,0.0,0.0,0.0,0.0,0.0,0.0,0.0,0.0,0.0,0.0,0.0,0.0,0.0,0.0,0.0,0.0,0.0,0.0,0.0,0.0,0.0,0.0,0.0,0.0,0.0,0.0,0.0,0.0,0.0,0.0,0.0,0.0,0.0,0.0,0.0,0.0,0.0,0.0,0.0,0.0,0.0,0.0,0.0,0.0,0.0,0.0,0.0,0.0,0.0,0.0,0.00541,0.005792,0.005792,0.0,0.0,0.0,0.0,0.0,0.0,0.0,0.0,0.0,0.0,0.0,0.0,0.0,0.0,0.0,0.0,0.0,0.0,0.0,0.0,0.0,0.0,0.0,0.0,0.0,0.0,0.0,0.0,0.0,0.0,0.0,0.0,0.0,0.0,0.0,0.0,0.0,0.0,0.0,0.0,0.0,0.0,0.0,0.0,0.0,0.0,0.0,0.0,0.0,0.0,0.0,0.0,0.0,0.0,0.0,0.0,0.0,0.0,0.0,0.0,0.0,0.0,0.0,0.0,0.0,0.0,0.0,0.0,0.0,0.0,0.0,0.0,0.0,0.0,0.0,0.0,0.0,0.0,0.0,0.0,0.0,0.0,0.0,0.0,0.0,0.0,0.0,0.0,0.0,0.0,0.0,0.0,0.0,92.914143,99.471213,99.471213,0.0,0.0,0.0,0.0,0.0,0.0,0.0,0.0,0.0,0.0,0.0,0.0,0.0,0.0,0.0,0.0,0.0,0.0,0.0,0.0,0.0,0.0,0.0,0.0,0.0,0.0,0.0
BBS_CA_148_GLENN_2020,2020-05-28,2020-06-10,0.0,0.0,0.0,0.0,0.0,0.0,0.0,0.0,0.0,0.0,0.0,0.0,0.0,0.0,0.0,0.0,0.0,0.0,0.0,0.0,0.0,0.0,0.0,0.0,0.0,0.0,0.0,0.0,0.0,0.0,0.0,0.0,0.0,0.0,0.0,0.0,0.0,0.0,0.0,0.0,0.0,0.0,0.0,0.0,6.8103,0.0,0.0,0.0,0.0,0.0,0.0,0.0,0.0,0.0,0.0,0.0,0.0,0.0,0.0,0.0,0.0,0.0,0.0,0.0,0.0,0.0,17.3766,21.8612,22.0749,0.0,0.0,0.0,0.0,0.0,0.0,0.0,0.0,0.0,0.0,0.0,0.0,0.0,0.0,0.0,0.0,0.0,0.0,0.0,0.0,0.0,0.0,0.0,0.0,0.0,0.0,0.0,0.0,0.0,0.0,0.0,0.0,0.0,0.0,0.0,0.0,0.0,0.0,0.0,0.0,0.0,0.0,0.0,0.0,0.0,0.0,0.0,0.0,0.0,0.0,0.0,0.0,0.0,0.0,0.0,0.0,0.0,0.0,0.0,0.0,0.0,0.0,0.0,0.0,0.0,0.0,0.0,0.0,0.0,0.0,0.0,0.01897,0.0,0.0,0.0,0.0,0.0,0.0,0.0,0.0,0.0,0.0,0.0,0.0,0.0,0.0,0.0,0.0,0.0,0.0,0.0,0.0,0.0,0.004416,0.005584,0.005649,0.0,0.0,0.0,0.0,0.0,0.0,0.0,0.0,0.0,0.0,0.0,0.0,0.0,0.0,0.0,0.0,0.0,0.0,0.0,0.0,0.0,0.0,0.0,0.0,0.0,0.0,0.0,0.0,0.0,0.0,0.0,0.0,0.0,0.0,0.0,0.0,0.0,0.0,0.0,0.0,0.0,0.0,0.0,0.0,0.0,0.0,0.0,0.0,0.0,0.0,0.0,0.0,0.0,0.0,0.0,0.0,0.0,0.0,0.0,0.0,0.0,0.0,0.0,0.0,0.0,0.0,0.0,0.0,0.0,0.0,0.0,9.728956,0.0,0.0,0.0,0.0,0.0,0.0,0.0,0.0,0.0,0.0,0.0,0.0,0.0,0.0,0.0,0.0,0.0,0.0,0.0,0.0,0.0,75.528974,94.986749,95.874405,0.0,0.0,0.0,0.0,0.0,0.0,0.0,0.0,0.0,0.0,0.0,0.0,0.0,0.0,0.0,0.0,0.0,0.0,0.0,0.0,0.0,0.0,0.0,0.0,0.0,0.0,0.0
BBS_CA_148_GLENN_2021,2021-05-28,2021-06-10,0.0,0.0,0.0,0.0,0.0,0.0,0.0,0.0,0.0,0.0,0.0,0.0,0.0,0.0,0.0,0.0,0.0,0.0,0.0,0.0344,0.0344,0.0,0.0,0.0,0.0,0.0,0.0,0.0,0.0,0.0,0.0,0.0,0.0,0.0,0.0,0.0,0.0,0.0,0.0,0.0,0.0,0.0,0.0,0.0,0.0,0.0,0.0,0.0,0.0,0.0,0.0,0.0,0.0,0.0,0.0,0.0,0.0,0.0,0.0,0.0,0.0,0.0,0.0,0.0,0.0,0.0,19.3919,20.4403,20.4864,0.0,0.0,0.0,0.0,0.0,0.0,0.0,0.0,0.0,0.0,0.0,0.0,0.0,0.0,0.0,0.0,0.0,0.0,0.0,0.0,0.0,0.0,0.0,0.0,0.0,0.0,0.0,0.0,0.0,0.0,0.0,0.0,0.0,0.0,0.0,0.0,0.0,0.0,0.0,0.0,0.0,0.0,0.0,0.0,0.0,0.0,1.5e-05,1.5e-05,0.0,0.0,0.0,0.0,0.0,0.0,0.0,0.0,0.0,0.0,0.0,0.0,0.0,0.0,0.0,0.0,0.0,0.0,0.0,0.0,0.0,0.0,0.0,0.0,0.0,0.0,0.0,0.0,0.0,0.0,0.0,0.0,0.0,0.0,0.0,0.0,0.0,0.0,0.0,0.0,0.0,0.0,0.0,0.0,0.0,0.004909,0.005175,0.005198,0.0,0.0,0.0,0.0,0.0,0.0,0.0,0.0,0.0,0.0,0.0,0.0,0.0,0.0,0.0,0.0,0.0,0.0,0.0,0.0,0.0,0.0,0.0,0.0,0.0,0.0,0.0,0.0,0.0,0.0,0.0,0.0,0.0,0.0,0.0,0.0,0.0,0.0,0.0,0.0,0.0,0.0,0.0,0.0,0.0,0.0,0.001718,0.001718,0.0,0.0,0.0,0.0,0.0,0.0,0.0,0.0,0.0,0.0,0.0,0.0,0.0,0.0,0.0,0.0,0.0,0.0,0.0,0.0,0.0,0.0,0.0,0.0,0.0,0.0,0.0,0.0,0.0,0.0,0.0,0.0,0.0,0.0,0.0,0.0,0.0,0.0,0.0,0.0,0.0,0.0,0.0,0.0,0.0,84.312591,88.871078,89.030049,0.0,0.0,0.0,0.0,0.0,0.0,0.0,0.0,0.0,0.0,0.0,0.0,0.0,0.0,0.0,0.0,0.0,0.0,0.0,0.0,0.0,0.0,0.0,0.0,0.0,0.0,0.0
BBS_CA_148_GLENN_2022,2022-05-28,2022-06-10,0.0,0.0,0.0,0.0,0.0,0.0,0.0,0.0,0.0,0.0,0.0,0.0,0.0,0.0,0.0,0.0,0.0,0.0,0.2593,0.2593,0.2593,0.0,0.0,0.0,0.0,0.0,0.0,0.0,0.0,0.0,0.0,0.0,0.0,0.0,0.0,0.0,0.0,0.0,0.0,0.0,0.0,0.0,0.0,0.0,0.3731,0.0,0.0,0.0,0.0,0.0,0.0,0.0,0.0,0.0,0.0,0.0,0.0,0.0,0.0,0.0,0.0,0.0,0.0,0.0,0.0,0.0,0.0,0.0,0.0457,0.0,0.0,0.0,0.0,0.0,0.0,0.0,0.0,0.0,0.0,0.0,0.0,0.0,0.0,0.0,0.0,0.0,0.0,0.0,0.0,0.0,0.0,0.0,0.0,0.0,0.0,0.0,0.0,0.0,0.0,0.0,0.0,0.0,0.0,0.0,0.0,0.0,0.0,0.0,0.0,0.0,0.0,0.0,0.0,0.0,0.000115,0.000115,0.000115,0.0,0.0,0.0,0.0,0.0,0.0,0.0,0.0,0.0,0.0,0.0,0.0,0.0,0.0,0.0,0.0,0.0,0.0,0.0,0.0,0.0,0.0,0.0,0.001039,0.0,0.0,0.0,0.0,0.0,0.0,0.0,0.0,0.0,0.0,0.0,0.0,0.0,0.0,0.0,0.0,0.0,0.0,0.0,0.0,0.0,0.0,0.0,1.2e-05,0.0,0.0,0.0,0.0,0.0,0.0,0.0,0.0,0.0,0.0,0.0,0.0,0.0,0.0,0.0,0.0,0.0,0.0,0.0,0.0,0.0,0.0,0.0,0.0,0.0,0.0,0.0,0.0,0.0,0.0,0.0,0.0,0.0,0.0,0.0,0.0,0.0,0.0,0.0,0.0,0.0,0.0,0.0,0.0,0.0,0.022354,0.022354,0.022354,0.0,0.0,0.0,0.0,0.0,0.0,0.0,0.0,0.0,0.0,0.0,0.0,0.0,0.0,0.0,0.0,0.0,0.0,0.0,0.0,0.0,0.0,0.0,0.533063,0.0,0.0,0.0,0.0,0.0,0.0,0.0,0.0,0.0,0.0,0.0,0.0,0.0,0.0,0.0,0.0,0.0,0.0,0.0,0.0,0.0,0.0,0.0,0.198565,0.0,0.0,0.0,0.0,0.0,0.0,0.0,0.0,0.0,0.0,0.0,0.0,0.0,0.0,0.0,0.0,0.0,0.0,0.0,0.0,0.0,0.0,0.0,0.0,0.0,0.0,0.0
BBS_CA_148_GLENN_2023,2023-05-28,2023-06-10,0.0,0.0,0.0,0.0,0.0,0.0,0.0,0.0,0.0,0.0,0.0,0.0,0.0,0.0,0.0,0.0,0.0,0.0,0.0,0.0,0.0,0.0,0.0,0.0,0.0,0.0,0.0,0.0,0.0,0.0,0.0,0.0,0.0,0.0,0.0,0.0,0.0,0.0,0.0,0.0,0.0,0.0,0.0,0.7291,0.7291,0.0,0.0,0.0,0.0,0.0,0.0,0.0,0.0,0.0,0.0,0.0,0.0,0.0,0.0,0.0,0.0,0.0,0.0,0.0,0.0,0.0,50.4755,53.9859,53.9859,0.0,0.0,0.0,0.0,0.0,0.0,0.0,0.0,0.0,0.0,0.0,0.0,0.0,0.0,0.0,0.0,0.0,0.0,0.0,0.0,0.0,0.0,0.0,0.0,0.0,0.0,0.0,0.0,0.0,0.0,0.0,0.0,0.0,0.0,0.0,0.0,0.0,0.0,0.0,0.0,0.0,0.0,0.0,0.0,0.0,0.0,0.0,0.0,0.0,0.0,0.0,0.0,0.0,0.0,0.0,0.0,0.0,0.0,0.0,0.0,0.0,0.0,0.0,0.0,0.0,0.0,0.0,0.0,0.0,0.0,0.002031,0.002031,0.0,0.0,0.0,0.0,0.0,0.0,0.0,0.0,0.0,0.0,0.0,0.0,0.0,0.0,0.0,0.0,0.0,0.0,0.0,0.0,0.0,0.012779,0.013908,0.013908,0.0,0.0,0.0,0.0,0.0,0.0,0.0,0.0,0.0,0.0,0.0,0.0,0.0,0.0,0.0,0.0,0.0,0.0,0.0,0.0,0.0,0.0,0.0,0.0,0.0,0.0,0.0,0.0,0.0,0.0,0.0,0.0,0.0,0.0,0.0,0.0,0.0,0.0,0.0,0.0,0.0,0.0,0.0,0.0,0.0,0.0,0.0,0.0,0.0,0.0,0.0,0.0,0.0,0.0,0.0,0.0,0.0,0.0,0.0,0.0,0.0,0.0,0.0,0.0,0.0,0.0,0.0,0.0,0.0,0.0,1.041524,1.041524,0.0,0.0,0.0,0.0,0.0,0.0,0.0,0.0,0.0,0.0,0.0,0.0,0.0,0.0,0.0,0.0,0.0,0.0,0.0,0.0,0.0,219.458679,233.843284,233.843284,0.0,0.0,0.0,0.0,0.0,0.0,0.0,0.0,0.0,0.0,0.0,0.0,0.0,0.0,0.0,0.0,0.0,0.0,0.0,0.0,0.0,0.0,0.0,0.0,0.0,0.0,0.0
BBS_CA_149_ATWATER_2015,2015-05-28,2015-06-10,0.0,0.0,0.0,0.0,0.0,0.0,104.12,149.5834,149.5834,0.0,0.0,0.0,0.0,0.0,0.0,0.0,0.0,0.0,0.0,0.0,0.0,0.0,0.0,0.0,0.0,0.0,0.0,0.0,0.0,0.0,0.0,0.0,0.0,0.0,0.0,0.0,0.0,0.0,0.0,0.0,0.0,27.7077,0.0,0.0,385.0634,0.0,0.0,0.0,0.0,0.0,0.0,0.0,0.0,0.0,0.0,0.0,0.0,0.0,0.0,0.0,0.0,0.0,0.0,1.1334,1.1334,1.7455,54.6543,57.3368,65.0439,0.0,0.0,0.0,0.0,0.0,0.0,0.0,0.0,0.0,78.7207,113.0704,113.0704,0.0,0.0,0.0,0.0,0.0,0.0,0.0,0.0,0.0,0.1653,0.1653,0.1653,0.0,0.0,0.0,0.0,0.0,0.0,0.0,0.0,0.0,0.05206,0.074792,0.074792,0.0,0.0,0.0,0.0,0.0,0.0,0.0,0.0,0.0,0.0,0.0,0.0,0.0,0.0,0.0,0.0,0.0,0.0,0.0,0.0,0.0,0.0,0.0,0.0,0.0,0.0,0.0,0.0,0.0,0.0,0.0,0.0,0.07718,0.0,0.0,1.492552,0.0,0.0,0.0,0.0,0.0,0.0,0.0,0.0,0.0,0.0,0.0,0.0,0.0,0.0,0.0,0.0,0.0,0.0,0.00063,0.00063,0.000936,0.032683,0.033362,0.037216,0.0,0.0,0.0,0.0,0.0,0.0,0.0,0.0,0.0,2.539378,3.647431,3.647431,0.0,0.0,0.0,0.0,0.0,0.0,0.0,0.0,0.0,7.3e-05,7.3e-05,7.3e-05,0.0,0.0,0.0,0.0,0.0,0.0,0.0,0.0,0.0,13.938426,20.024547,20.024547,0.0,0.0,0.0,0.0,0.0,0.0,0.0,0.0,0.0,0.0,0.0,0.0,0.0,0.0,0.0,0.0,0.0,0.0,0.0,0.0,0.0,0.0,0.0,0.0,0.0,0.0,0.0,0.0,0.0,0.0,0.0,0.0,39.582445,0.0,0.0,567.3806,0.0,0.0,0.0,0.0,0.0,0.0,0.0,0.0,0.0,0.0,0.0,0.0,0.0,0.0,0.0,0.0,0.0,0.0,10.303904,10.303904,12.414518,436.390877,448.053879,474.629982,0.0,0.0,0.0,0.0,0.0,0.0,0.0,0.0,0.0,0.000926,0.00133,0.00133,0.0,0.0,0.0,0.0,0.0,0.0,0.0,0.0,0.0,0.000725,0.000725,0.000725,0.0,0.0,0.0
BBS_CA_149_ATWATER_2016,2016-05-28,2016-06-10,0.0,0.0,0.0,0.0,0.0,0.0,95.8968,142.049,142.049,0.0,0.0,0.0,0.0,0.0,0.0,0.0,0.0,0.0,0.0,0.0,0.0,0.0,0.0,0.0,0.0,0.0,0.0,0.0,0.0,0.0,0.0,0.0,0.0,0.0,0.0,0.0,0.0,0.0,17.2015,0.0,0.0,67.957,0.0,0.0,203.5199,0.0,0.0,4.3547,0.0,0.0,0.0,0.0,0.0,0.0,0.0,0.0,0.0,0.0,0.0,0.0,0.0,0.0,1.6233,0.0,2.1057,8.5248,1.7733,20.498,39.0793,0.0,0.0,0.4109,0.0,0.0,0.0,0.1973,3.3384,3.3384,50.1688,112.9299,112.9299,0.0,0.0,0.0,0.0,0.0,0.0,0.0,0.0,0.0,0.4804,0.4804,0.4804,0.0,0.0,0.0,0.0,0.0,0.0,0.0,0.0,0.0,0.047948,0.071024,0.071024,0.0,0.0,0.0,0.0,0.0,0.0,0.0,0.0,0.0,0.0,0.0,0.0,0.0,0.0,0.0,0.0,0.0,0.0,0.0,0.0,0.0,0.0,0.0,0.0,0.0,0.0,0.0,0.0,0.0,0.438814,0.0,0.0,2.152326,0.0,0.0,11.073809,0.0,0.0,0.111089,0.0,0.0,0.0,0.0,0.0,0.0,0.0,0.0,0.0,0.0,0.0,0.0,0.0,0.0,0.000812,0.0,0.000215,0.003424,0.000985,0.002896,0.012186,0.0,0.0,0.000205,0.0,0.0,0.0,0.006365,0.107691,0.107691,1.618349,3.6429,3.6429,0.0,0.0,0.0,0.0,0.0,0.0,0.0,0.0,0.0,0.000214,0.000214,0.000214,0.0,0.0,0.0,0.0,0.0,0.0,0.0,0.0,0.0,12.837591,19.015926,19.015926,0.0,0.0,0.0,0.0,0.0,0.0,0.0,0.0,0.0,0.0,0.0,0.0,0.0,0.0,0.0,0.0,0.0,0.0,0.0,0.0,0.0,0.0,0.0,0.0,0.0,0.0,0.0,0.0,0.0,172.015276,0.0,0.0,619.520656,0.0,0.0,1191.679924,0.0,0.0,43.546696,0.0,0.0,0.0,0.0,0.0,0.0,0.0,0.0,0.0,0.0,0.0,0.0,0.0,0.0,5.597597,0.0,3.509549,25.644314,16.120591,47.328463,111.402019,0.0,0.0,1.417065,0.0,0.0,0.0,2e-06,3.9e-05,3.9e-05,0.00059,0.001329,0.001329,0.0,0.0,0.0,0.0,0.0,0.0,0.0,0.0,0.0,0.002107,0.002107,0.002107,0.0,0.0,0.0
BBS_CA_149_ATWATER_2017,2017-05-28,2017-06-10,0.0,0.0,0.0,0.0,0.0,0.0,39.6497,108.0809,108.0809,0.0,0.0,0.0,0.0,0.0,0.0,0.0,0.0,0.0,18.5119,18.5119,18.5119,0.0,0.0,0.0,0.0,0.0,0.0,0.0,0.0,0.0,0.0,0.0,0.0,0.0,0.0,0.0,0.0,0.0,0.0,0.0,0.0,0.0,0.0,0.0,0.0,0.0,0.0,0.0,0.0,0.0,0.0,0.0,0.0,0.0,0.0,0.0,0.0,0.0,0.0,0.0,0.0,0.0,0.0,2.9695,2.9695,3.4178,48.5391,48.5391,59.5266,0.0,0.0,0.0,0.0,0.0,0.0,1.8813,1.8813,1.8813,42.8355,64.7348,64.7348,0.0,0.0,0.0,0.0,0.0,0.0,0.0,0.0,0.0,0.0,0.0,0.0,0.0,0.0,0.0,0.0,0.0,0.0,0.0,0.0,0.0,0.209635,0.24385,0.24385,0.0,0.0,0.0,0.0,0.0,0.0,0.0,0.0,0.0,0.008228,0.008228,0.008228,0.0,0.0,0.0,0.0,0.0,0.0,0.0,0.0,0.0,0.0,0.0,0.0,0.0,0.0,0.0,0.0,0.0,0.0,0.0,0.0,0.0,0.0,0.0,0.0,0.0,0.0,0.0,0.0,0.0,0.0,0.0,0.0,0.0,0.0,0.0,0.0,0.0,0.0,0.0,0.0,0.0,0.0,0.000303,0.000303,0.000481,0.018727,0.018727,0.022041,0.0,0.0,0.0,0.0,0.0,0.0,0.060686,0.060686,0.060686,1.38179,2.088218,2.088218,0.0,0.0,0.0,0.0,0.0,0.0,0.0,0.0,0.0,0.0,0.0,0.0,0.0,0.0,0.0,0.0,0.0,0.0,0.0,0.0,0.0,5.297205,14.458009,14.458009,0.0,0.0,0.0,0.0,0.0,0.0,0.0,0.0,0.0,1.595852,1.595852,1.595852,0.0,0.0,0.0,0.0,0.0,0.0,0.0,0.0,0.0,0.0,0.0,0.0,0.0,0.0,0.0,0.0,0.0,0.0,0.0,0.0,0.0,0.0,0.0,0.0,0.0,0.0,0.0,0.0,0.0,0.0,0.0,0.0,0.0,0.0,0.0,0.0,0.0,0.0,0.0,0.0,0.0,0.0,4.949106,4.949106,6.661883,158.735311,158.735311,204.567613,0.0,0.0,0.0,0.0,0.0,0.0,2.2e-05,2.2e-05,2.2e-05,0.000504,0.000762,0.000762,0.0,0.0,0.0,0.0,0.0,0.0,0.0,0.0,0.0,0.0,0.0,0.0,0.0,0.0,0.0
BBS_CA_149_ATWATER_2018,2018-05-28,2018-06-10,0.0,0.0,0.0,0.0,0.0,0.0,56.0321,86.6854,86.6854,0.0,0.0,0.0,0.0,0.0,0.0,0.0,0.4843,0.4843,0.3555,4.5694,4.5694,0.0,0.0,0.0,0.0,0.0,0.0,0.0,0.0,0.0,0.0,0.0,0.0,0.0,0.0,0.0,0.0,114.8748,114.8748,0.0,365.4002,365.4002,0.0,568.1213,568.1213,0.0,29.0812,29.0812,0.0,0.0,0.0,0.0,0.0,0.0,32.0504,54.4165,54.4165,0.0,0.0,0.0,0.29,3.8826,3.8826,0.9566,12.3842,12.3842,10.7686,27.9082,27.9082,0.0703,0.9798,0.9798,0.5799,0.5799,0.5799,4.278,4.278,4.278,71.6897,94.8674,94.8674,0.1406,0.1406,0.1406,0.0,0.0,0.0,0.0,0.0,0.0,1.2032,1.2032,1.2032,0.0,0.0,0.0,0.0,0.0,0.0,0.0,0.0,0.0,0.028016,0.043343,0.043343,0.0,0.0,0.0,0.0,0.0,0.0,0.0,0.000215,0.000215,0.000158,0.002031,0.002031,0.0,0.0,0.0,0.0,0.0,0.0,0.0,0.0,0.0,0.0,0.0,0.0,0.0,0.0,0.0,0.0,0.319985,0.319985,0.0,1.017828,1.017828,0.0,1.582511,1.582511,0.0,0.081006,0.081006,0.0,0.0,0.0,0.0,0.0,0.0,0.327045,0.555271,0.555271,0.0,0.0,0.0,0.000145,0.001055,0.001055,0.000478,0.003371,0.003371,0.00571,0.010241,0.010241,3.5e-05,0.000265,0.000265,0.018708,0.018708,0.018708,0.138,0.138,0.138,2.312571,3.060238,3.060238,0.004534,0.004534,0.004534,0.0,0.0,0.0,0.0,0.0,0.0,0.000535,0.000535,0.000535,0.0,0.0,0.0,0.0,0.0,0.0,0.0,0.0,0.0,7.500953,11.604474,11.604474,0.0,0.0,0.0,0.0,0.0,0.0,0.0,0.024214,0.024214,0.017775,0.228471,0.228471,0.0,0.0,0.0,0.0,0.0,0.0,0.0,0.0,0.0,0.0,0.0,0.0,0.0,0.0,0.0,0.0,164.106832,164.106832,0.0,522.000247,522.000247,0.0,811.601825,811.601825,0.0,41.544626,41.544626,0.0,0.0,0.0,0.0,0.0,0.0,0.000644,0.001093,0.001093,0.0,0.0,0.0,0.999905,16.620068,16.620068,3.298554,52.984046,52.984046,70.2052,147.737839,147.737839,0.242328,4.196666,4.196666,7e-06,7e-06,7e-06,5e-05,5e-05,5e-05,0.000843,0.001116,0.001116,2e-06,2e-06,2e-06,0.0,0.0,0.0,0.0,0.0,0.0,0.005277,0.005277,0.005277,0.0,0.0,0.0
BBS_CA_149_ATWATER_2019,2019-05-28,2019-06-10,0.0,0.0,0.0,0.0,0.0,0.0,27.1457,97.299,97.299,0.0,0.0,0.0,0.0,0.0,0.0,1.8842,2.3685,2.3685,95.8805,100.4499,100.4499,0.0,0.0,0.0,0.0,0.0,0.0,0.0,0.0,0.0,0.0,0.0,0.0,0.0,0.0,0.0,0.0,0.0,0.0,0.0,0.0,0.0,0.0,0.0,0.0,0.0,0.0,0.0,0.0,0.0,0.0,0.0,0.0,0.0,0.0,0.0,0.0,0.0,0.0,0.0,0.0,0.0,1.4383,0.0,0.0,4.6539,1.7146,1.7146,14.9669,0.0,0.0,0.3641,0.0,0.0,0.0,0.0,0.0,0.0,15.9073,68.9803,68.9803,0.0,0.0,0.0,0.0,0.0,0.0,0.0,0.0,0.0,1.4798,1.4798,1.4798,0.0,0.0,0.0,0.0,0.0,0.0,0.0,0.0,0.0,0.446845,0.481922,0.481922,0.0,0.0,0.0,0.0,0.0,0.0,0.000837,0.001053,0.001053,0.042614,0.044644,0.044644,0.0,0.0,0.0,0.0,0.0,0.0,0.0,0.0,0.0,0.0,0.0,0.0,0.0,0.0,0.0,0.0,0.0,0.0,0.0,0.0,0.0,0.0,0.0,0.0,0.0,0.0,0.0,0.0,0.0,0.0,0.0,0.0,0.0,0.0,0.0,0.0,0.0,0.0,0.0,0.0,0.0,0.000364,0.0,0.0,0.001198,0.000857,0.000857,0.005154,0.0,0.0,9.2e-05,0.0,0.0,0.0,0.0,0.0,0.0,0.513137,2.225172,2.225172,0.0,0.0,0.0,0.0,0.0,0.0,0.0,0.0,0.0,0.000658,0.000658,0.000658,0.0,0.0,0.0,0.0,0.0,0.0,0.0,0.0,0.0,3.609664,13.001002,13.001002,0.0,0.0,0.0,0.0,0.0,0.0,0.09421,0.118425,0.118425,4.794026,5.022497,5.022497,0.0,0.0,0.0,0.0,0.0,0.0,0.0,0.0,0.0,0.0,0.0,0.0,0.0,0.0,0.0,0.0,0.0,0.0,0.0,0.0,0.0,0.0,0.0,0.0,0.0,0.0,0.0,0.0,0.0,0.0,0.0,0.0,0.0,0.0,0.0,0.0,0.0,0.0,0.0,0.0,0.0,6.253631,0.0,0.0,20.16343,5.912273,5.912273,60.099121,0.0,0.0,1.583144,0.0,0.0,0.0,0.0,0.0,0.0,0.000187,0.000812,0.000812,0.0,0.0,0.0,0.0,0.0,0.0,0.0,0.0,0.0,0.00649,0.00649,0.00649,0.0,0.0,0.0
BBS_CA_149_ATWATER_2020,2020-05-28,2020-06-10,0.0,0.0,0.0,0.0,0.0,0.0,165.1505,165.1505,165.1505,0.0,0.0,0.0,0.0,0.0,0.0,0.364,0.364,0.364,7.4912,7.8467,7.8467,0.0,0.0,0.0,0.0,0.0,0.0,0.0,0.0,0.0,0.0,0.0,0.0,0.0,0.0,0.0,0.0,11.4195,11.4195,0.0,73.9344,73.9344,0.0,345.5736,345.5736,0.0,2.7675,2.7675,0.0,0.0,0.0,0.0,0.0,0.0,0.0,0.0,0.0,0.0,0.0,0.0,0.0,0.2613,0.2613,0.0,1.9181,1.9181,29.7282,39.5041,44.197,0.0,0.0633,0.0633,0.0,0.0,0.0,0.0,0.0,0.0,48.3654,48.3654,48.3654,0.0,0.0,0.0,0.0,0.0,0.0,0.0,0.0,0.0,7.1077,7.1077,7.1077,0.0,0.0,0.0,0.0,0.0,0.0,0.0,0.0,0.0,1.604761,1.604761,1.604761,0.0,0.0,0.0,0.0,0.0,0.0,0.000162,0.000162,0.000162,0.003329,0.003487,0.003487,0.0,0.0,0.0,0.0,0.0,0.0,0.0,0.0,0.0,0.0,0.0,0.0,0.0,0.0,0.0,0.0,0.031809,0.031809,0.0,0.205945,0.205945,0.0,0.962601,0.962601,0.0,0.007709,0.007709,0.0,0.0,0.0,0.0,0.0,0.0,0.0,0.0,0.0,0.0,0.0,0.0,0.0,0.000131,0.000131,0.0,0.000744,0.000744,0.009468,0.012583,0.013771,0.0,3.2e-05,3.2e-05,0.0,0.0,0.0,0.0,0.0,0.0,1.560174,1.560174,1.560174,0.0,0.0,0.0,0.0,0.0,0.0,0.0,0.0,0.0,0.003554,0.003554,0.003554,0.0,0.0,0.0,0.0,0.0,0.0,0.0,0.0,0.0,22.023115,22.023115,22.023115,0.0,0.0,0.0,0.0,0.0,0.0,0.031382,0.031382,0.031382,0.489246,0.507021,0.507021,0.0,0.0,0.0,0.0,0.0,0.0,0.0,0.0,0.0,0.0,0.0,0.0,0.0,0.0,0.0,0.0,16.313503,16.313503,0.0,105.620599,105.620599,0.0,493.676628,493.676628,0.0,3.953601,3.953601,0.0,0.0,0.0,0.0,0.0,0.0,0.0,0.0,0.0,0.0,0.0,0.0,0.0,0.901025,0.901025,0.0,7.39731,7.39731,159.707603,199.878815,220.282832,0.0,0.218365,0.218365,0.0,0.0,0.0,0.0,0.0,0.0,0.000569,0.000569,0.000569,0.0,0.0,0.0,0.0,0.0,0.0,0.0,0.0,0.0,0.007108,0.007108,0.007108,0.0,0.0,0.0
BBS_CA_149_ATWATER_2021,2021-05-28,2021-06-10,0.0,0.0,0.0,0.0,0.0,0.0,47.8743,87.3743,87.3743,0.0,0.0,0.0,0.0,0.0,0.0,0.0,0.0,0.0,0.0,0.0,0.0,0.0,0.0,0.0,0.0,0.0,0.0,0.0,0.5148,0.5148,0.0,4.7046,4.7046,0.0,0.0,0.0,0.0,0.0,0.0,0.0,0.0,0.0,0.0,0.0,0.0,0.0,0.0,0.0,0.0,0.0,0.0,0.0,0.0,0.0,0.0,0.0,10.311,0.0,0.0,0.0,0.0,0.0,0.0,1.2131,1.2131,1.2131,41.6034,41.6034,46.322,0.0,0.0,0.0,0.0,0.0,0.0,0.0,0.0,0.0,36.2394,66.1348,66.1348,0.0,0.0,0.0,0.0,0.0,0.0,0.0,0.0,0.0,2.1959,2.1959,2.1959,0.0,0.0,0.0,0.0,0.0,0.0,0.0,0.0,0.0,0.023937,0.043687,0.043687,0.0,0.0,0.0,0.0,0.0,0.0,0.0,0.0,0.0,0.0,0.0,0.0,0.0,0.0,0.0,0.0,0.0,0.0,0.0,0.002219,0.002219,0.0,0.020279,0.020279,0.0,0.0,0.0,0.0,0.0,0.0,0.0,0.0,0.0,0.0,0.0,0.0,0.0,0.0,0.0,0.0,0.0,0.0,0.0,0.0,0.0,0.0,0.0,0.105214,0.0,0.0,0.0,0.0,0.0,0.0,0.000607,0.000607,0.000607,0.020701,0.020701,0.021895,0.0,0.0,0.0,0.0,0.0,0.0,0.0,0.0,0.0,1.169013,2.133381,2.133381,0.0,0.0,0.0,0.0,0.0,0.0,0.0,0.0,0.0,0.000976,0.000976,0.000976,0.0,0.0,0.0,0.0,0.0,0.0,0.0,0.0,0.0,6.40887,11.696688,11.696688,0.0,0.0,0.0,0.0,0.0,0.0,0.0,0.0,0.0,0.0,0.0,0.0,0.0,0.0,0.0,0.0,0.0,0.0,0.0,7e-06,7e-06,0.0,6.1e-05,6.1e-05,0.0,0.0,0.0,0.0,0.0,0.0,0.0,0.0,0.0,0.0,0.0,0.0,0.0,0.0,0.0,0.0,0.0,0.0,0.0,0.0,0.0,0.0,0.0,0.000207,0.0,0.0,0.0,0.0,0.0,0.0,7.582008,7.582008,7.582008,261.312378,261.312378,281.827917,0.0,0.0,0.0,0.0,0.0,0.0,0.0,0.0,0.0,0.000426,0.000778,0.000778,0.0,0.0,0.0,0.0,0.0,0.0,0.0,0.0,0.0,0.009631,0.009631,0.009631,0.0,0.0,0.0
BBS_CA_149_ATWATER_2022,2022-05-28,2022-06-10,0.0,0.0,0.0,0.0,0.0,0.0,87.3743,87.3743,87.3743,0.0,0.0,0.0,0.0,0.0,0.0,0.0,0.0,0.0,16.36,29.2776,29.2776,0.0,0.0,0.0,0.0,0.0,2.6467,0.0,0.0,9.594,0.0,0.0,16.583,0.0,0.0,0.6414,0.0,0.0,0.0,0.0,0.0,0.0,0.0,0.0,0.0,0.0,0.0,0.0,0.0,0.0,0.0,1.078,1.078,1.078,9.38,9.38,9.38,0.0,0.0,0.0,0.0,0.0,0.2644,0.0,0.0,1.3449,2.5454,8.6488,17.4303,0.0,0.0,0.0641,0.0,0.0,0.0,0.0,0.0,0.0,66.107,66.107,66.107,0.0,0.0,0.0,0.0,0.0,0.0,0.0,0.0,0.0,1.2347,1.2347,1.2347,0.0,0.0,0.0,0.0,0.0,0.0,0.0,0.0,0.0,0.043687,0.043687,0.043687,0.0,0.0,0.0,0.0,0.0,0.0,0.0,0.0,0.0,0.007271,0.013012,0.013012,0.0,0.0,0.0,0.0,0.0,0.011408,0.0,0.0,0.041354,0.0,0.0,0.071478,0.0,0.0,0.002765,0.0,0.0,0.0,0.0,0.0,0.0,0.0,0.0,0.0,0.0,0.0,0.0,0.0,0.0,0.0,0.011,0.011,0.011,0.095714,0.095714,0.095714,0.0,0.0,0.0,0.0,0.0,0.000132,0.0,0.0,0.000672,0.001106,0.002651,0.007042,0.0,0.0,3.2e-05,0.0,0.0,0.0,0.0,0.0,0.0,2.132485,2.132485,2.132485,0.0,0.0,0.0,0.0,0.0,0.0,0.0,0.0,0.0,0.000549,0.000549,0.000549,0.0,0.0,0.0,0.0,0.0,0.0,0.0,0.0,0.0,11.696688,11.696688,11.696688,0.0,0.0,0.0,0.0,0.0,0.0,0.0,0.0,0.0,0.817998,1.905849,1.905849,0.0,0.0,0.0,0.0,0.0,3.4e-05,0.0,0.0,0.000124,0.0,0.0,0.000214,0.0,0.0,8e-06,0.0,0.0,0.0,0.0,0.0,0.0,0.0,0.0,0.0,0.0,0.0,0.0,0.0,0.0,0.0,2.2e-05,2.2e-05,2.2e-05,0.000188,0.000188,0.000188,0.0,0.0,0.0,0.0,0.0,0.91163,0.0,0.0,4.637484,18.30607,44.842351,75.123569,0.0,0.0,0.220935,0.0,0.0,0.0,0.0,0.0,0.0,0.000778,0.000778,0.000778,0.0,0.0,0.0,0.0,0.0,0.0,0.0,0.0,0.0,0.005416,0.005416,0.005416,0.0,0.0,0.0
BBS_CA_149_ATWATER_2023,2023-05-28,2023-06-10,0.0,0.0,0.0,0.0,0.0,0.0,52.221,81.1522,81.1522,0.0,0.0,0.0,0.0,0.0,0.0,0.0,0.0,0.0,0.0,0.0,0.0,0.0,0.0,0.0,0.0,0.0,0.0,0.0,0.0,0.0,0.0,0.0,0.0,0.0,0.0,0.0,0.0,0.0,0.0,0.0,0.0,0.0,0.0,0.0,0.0,0.0,0.0,0.0,0.0,0.0,0.0,0.0,0.0,0.0,105.0,105.0,105.0,0.0,0.0,0.0,0.0,0.3166,0.3166,0.0,1.0445,1.0445,0.9487,2.0345,2.0345,0.0,0.0767,0.0767,0.0,0.0,0.0,0.0,0.0,0.0,56.8514,86.8876,86.8876,0.0,0.0,0.0,0.0,0.0,0.0,0.0,0.0,0.0,0.0,0.0,0.0,0.0,0.0,0.0,0.0,0.0,0.0,0.0,0.0,0.0,0.02611,0.040576,0.040576,0.0,0.0,0.0,0.0,0.0,0.0,0.0,0.0,0.0,0.0,0.0,0.0,0.0,0.0,0.0,0.0,0.0,0.0,0.0,0.0,0.0,0.0,0.0,0.0,0.0,0.0,0.0,0.0,0.0,0.0,0.0,0.0,0.0,0.0,0.0,0.0,0.0,0.0,0.0,0.0,0.0,0.0,0.0,0.0,0.0,1.071429,1.071429,1.071429,0.0,0.0,0.0,0.0,0.000158,0.000158,0.0,0.000522,0.000522,0.00024,0.000783,0.000783,0.0,3.8e-05,3.8e-05,0.0,0.0,0.0,0.0,0.0,0.0,1.301027,2.021582,2.021582,0.0,0.0,0.0,0.0,0.0,0.0,0.0,0.0,0.0,0.0,0.0,0.0,0.0,0.0,0.0,0.0,0.0,0.0,0.0,0.0,0.0,6.990757,10.863743,10.863743,0.0,0.0,0.0,0.0,0.0,0.0,0.0,0.0,0.0,0.0,0.0,0.0,0.0,0.0,0.0,0.0,0.0,0.0,0.0,0.0,0.0,0.0,0.0,0.0,0.0,0.0,0.0,0.0,0.0,0.0,0.0,0.0,0.0,0.0,0.0,0.0,0.0,0.0,0.0,0.0,0.0,0.0,0.0,0.0,0.0,0.002108,0.002108,0.002108,0.0,0.0,0.0,0.0,1.09183,1.09183,0.0,3.601802,3.601802,4.124927,7.868784,7.868784,0.0,0.264607,0.264607,0.0,0.0,0.0,0.0,0.0,0.0,0.000614,0.000953,0.000953,0.0,0.0,0.0,0.0,0.0,0.0,0.0,0.0,0.0,0.0,0.0,0.0,0.0,0.0,0.0
BBS_CA_150_BRAWLEY_2015,2015-05-28,2015-06-10,0.0,0.0,0.0,17.8869,17.8869,17.8869,115.8824,115.8824,115.8824,0.0,0.0,0.0,0.0,0.0,0.0,1.4842,1.4842,1.4842,15.9479,15.9479,15.9479,0.0,0.0,0.0,0.0,0.0,0.0,0.0,0.0,0.0,0.0,0.0,0.0,0.0,0.0,0.0,0.0,0.0,0.0,8.5602,8.5602,57.5671,243.2575,243.2575,613.8217,0.0,0.0,0.0,0.0,0.0,0.0,0.0,0.0,0.0,0.0,0.0,0.0,0.0,0.0,0.0,0.0,0.0,0.0,0.6872,0.6872,2.8748,15.583,16.4047,41.2244,0.0,0.0,0.0,0.0,0.0,0.0,0.0,0.0,0.0,0.0,0.0,5.3898,0.0,0.0,0.0,0.0,0.0,0.0,0.0,0.0,0.0,0.0,0.0,0.3973,0.0,0.0,0.0,0.0,0.0,0.0,0.73913,0.73913,0.73913,4.788527,4.788527,4.788527,0.0,0.0,0.0,0.0,0.0,0.0,0.00066,0.00066,0.00066,0.007088,0.007088,0.007088,0.0,0.0,0.0,0.0,0.0,0.0,0.0,0.0,0.0,0.0,0.0,0.0,0.0,0.0,0.0,0.0,0.0,0.0,0.16462,0.16462,4.831937,4.678029,4.678029,39.656829,0.0,0.0,0.0,0.0,0.0,0.0,0.0,0.0,0.0,0.0,0.0,0.0,0.0,0.0,0.0,0.0,0.0,0.0,0.000409,0.000409,0.000963,0.008861,0.009069,0.015365,0.0,0.0,0.0,0.0,0.0,0.0,0.0,0.0,0.0,0.0,0.0,0.173864,0.0,0.0,0.0,0.0,0.0,0.0,0.0,0.0,0.0,0.0,0.0,0.000199,0.0,0.0,0.0,0.0,0.0,0.0,2.353544,2.353544,2.353544,15.247679,15.247679,15.247679,0.0,0.0,0.0,0.0,0.0,0.0,0.127948,0.127948,0.127948,1.374822,1.374822,1.374822,0.0,0.0,0.0,0.0,0.0,0.0,0.0,0.0,0.0,0.0,0.0,0.0,0.0,0.0,0.0,0.0,0.0,0.0,24.457799,24.457799,24.482302,695.02148,695.02148,725.280117,0.0,0.0,0.0,0.0,0.0,0.0,0.0,0.0,0.0,0.0,0.0,0.0,0.0,0.0,0.0,0.0,0.0,0.0,2.690483,2.690483,12.201797,61.53169,65.1042,170.950773,0.0,0.0,0.0,0.0,0.0,0.0,0.0,0.0,0.0,0.0,0.0,6.3e-05,0.0,0.0,0.0,0.0,0.0,0.0,0.0,0.0,0.0,0.0,0.0,0.000397,0.0,0.0,0.0
BBS_CA_150_BRAWLEY_2016,2016-05-28,2016-06-10,0.0,0.0,0.0,12.7764,12.7764,12.7764,54.0,54.0,54.0,0.0,0.0,0.0,0.0,0.0,0.0,0.7274,0.7274,0.7274,7.5055,7.5055,7.5055,0.0,0.0,0.0,0.0,0.0,0.0,0.0,0.0,0.0,0.428,0.428,29.0403,0.0,0.0,0.0,0.0,0.0,0.0,0.0,9.8116,22.8153,13.5943,90.4135,214.4209,0.0,0.0,0.0,0.0,0.0,0.0,0.0,0.0,0.0,0.0,0.0,0.0,0.0,0.0,0.0,0.0,0.0,6.9588,0.3555,0.6103,20.0562,6.9489,13.2527,42.96,0.0,0.0,1.9756,0.0,0.0,0.0,0.0,0.0,0.0,0.0,0.0,0.0,0.0,0.0,0.0,0.0,0.0,0.0,0.0,0.0,0.0,2.7973,4.5081,10.3939,0.0,0.0,0.0,0.0,0.0,0.0,0.52795,0.52795,0.52795,2.231405,2.231405,2.231405,0.0,0.0,0.0,0.0,0.0,0.0,0.000364,0.000364,0.000364,0.003753,0.003753,0.003753,0.0,0.0,0.0,0.0,0.0,0.0,0.0,0.0,0.0,0.001845,0.001845,0.125174,0.0,0.0,0.0,0.0,0.0,0.0,0.0,0.02733,1.26578,1.294692,1.508673,13.160524,0.0,0.0,0.0,0.0,0.0,0.0,0.0,0.0,0.0,0.0,0.0,0.0,0.0,0.0,0.0,0.0,0.0,0.001046,9e-05,0.000155,0.003266,0.001759,0.002707,0.009026,0.0,0.0,0.000297,0.0,0.0,0.0,0.0,0.0,0.0,0.0,0.0,0.0,0.0,0.0,0.0,0.0,0.0,0.0,0.0,0.0,0.0,0.001399,0.002202,0.004954,0.0,0.0,0.0,0.0,0.0,0.0,1.681103,1.681103,1.681103,7.105263,7.105263,7.105263,0.0,0.0,0.0,0.0,0.0,0.0,0.012124,0.012124,0.012124,0.125092,0.125092,0.125092,0.0,0.0,0.0,0.0,0.0,0.0,0.0,0.0,0.0,6e-06,6e-06,0.000374,0.0,0.0,0.0,0.0,0.0,0.0,0.0,14.016517,14.023019,0.006797,109.748597,112.257014,0.0,0.0,0.0,0.0,0.0,0.0,0.0,0.0,0.0,0.0,0.0,0.0,0.0,0.0,0.0,0.0,0.0,17.55572,1.54554,2.653518,54.071721,30.212436,46.121201,141.080804,0.0,0.0,4.983939,0.0,0.0,0.0,0.0,0.0,0.0,0.0,0.0,0.0,0.0,0.0,0.0,0.0,0.0,0.0,0.0,0.0,0.0,0.002797,0.007678,0.025203,0.0,0.0,0.0
BBS_CA_150_BRAWLEY_2017,2017-05-28,2017-06-10,0.0,0.0,0.0,0.0,0.0,0.0,0.0,0.0,0.0,0.0,0.0,0.0,0.0,0.0,0.0,0.0,0.0,0.0,0.0,0.4085,0.4085,0.0,0.0,0.0,0.0,0.0,2.8597,2.2613,2.2613,13.1483,22.9254,22.9254,51.6814,0.0,0.0,0.9327,0.0,0.0,0.0,0.0,0.0,6.2178,0.0,0.0791,212.0484,0.0,0.0,0.0,0.0,0.0,0.0,0.0,0.0,0.0,0.0,0.0,0.0,0.0,0.0,0.0,0.0,0.0,0.855,0.0,0.3947,4.9104,9.9215,25.0542,68.4444,0.0,0.0,0.2789,0.0,0.0,0.0,0.0,0.0,0.0,0.0,0.0,0.0,0.0,0.0,0.0,0.0,0.2475,0.835,0.0,1.0243,3.4556,0.0,1.5659,9.3186,0.0,0.0382,0.1289,0.0,0.0,0.0,0.0,0.0,0.0,0.0,0.0,0.0,0.0,0.0,0.0,0.0,0.0,0.0,0.0,0.0,0.0,0.0,0.000182,0.000182,0.0,0.0,0.0,0.0,0.0,0.012326,0.009747,0.009747,0.056674,0.098817,0.098817,0.222765,0.0,0.0,0.00402,0.0,0.0,0.0,0.0,0.0,0.592173,0.0,0.002017,20.18957,0.0,0.0,0.0,0.0,0.0,0.0,0.0,0.0,0.0,0.0,0.0,0.0,0.0,0.0,0.0,0.0,0.0,0.000216,0.0,0.0001,0.000862,0.005344,0.009175,0.015027,0.0,0.0,7.1e-05,0.0,0.0,0.0,0.0,0.0,0.0,0.0,0.0,0.0,0.0,0.0,0.0,0.0,0.000124,0.000417,0.0,0.000512,0.001728,0.0,0.000758,0.004626,0.0,1.9e-05,6.4e-05,0.0,0.0,0.0,0.0,0.0,0.0,0.0,0.0,0.0,0.0,0.0,0.0,0.0,0.0,0.0,0.0,0.0,0.0,0.0,0.035214,0.035214,0.0,0.0,0.0,0.0,0.0,3.7e-05,2.9e-05,2.9e-05,0.000169,0.000295,0.000295,0.000666,0.0,0.0,1.2e-05,0.0,0.0,0.0,0.0,0.0,0.003109,0.0,0.790545,0.89653,0.0,0.0,0.0,0.0,0.0,0.0,0.0,0.0,0.0,0.0,0.0,0.0,0.0,0.0,0.0,0.0,0.0,3.717397,0.0,1.716247,14.584288,39.552958,105.347606,202.935147,0.0,0.0,1.212459,0.0,0.0,0.0,0.0,0.0,0.0,0.0,0.0,0.0,0.0,0.0,0.0,0.0,0.000248,0.000835,0.0,0.001024,0.003456,0.0,0.003101,0.011346,0.0,3.8e-05,0.000129
BBS_CA_150_BRAWLEY_2018,2018-05-28,2018-06-10,0.0,0.0,0.0,0.0,0.0,0.0,2.4528,2.4528,2.4528,0.0,0.0,0.0,0.0,0.0,0.0,0.0,0.0,0.0,0.0,0.0,0.0,0.0,0.0,0.0,0.0,0.0,13.5858,0.0,0.0,52.9437,0.0,15.7211,212.3608,0.0,0.0,3.7747,0.0,0.0,33.5592,16.3559,16.3559,113.6215,305.3841,401.4082,868.9422,0.0,0.0,10.0167,0.0,0.0,0.0,0.0,0.0,0.0,0.0,0.0,0.0,0.0,0.0,0.0,0.0,0.0,4.7189,0.3995,0.755,15.4332,12.9936,23.7302,65.877,0.0,0.0,1.2504,0.0,0.0,0.0,0.0,0.0,0.0,0.0,0.0,0.0,0.0,0.0,0.0,0.0,0.1105,1.3835,0.0,0.4573,5.7253,0.0,9.715,15.4367,0.0,0.0171,0.2135,0.0,0.0,0.0,0.0,0.0,0.0,0.101355,0.101355,0.101355,0.0,0.0,0.0,0.0,0.0,0.0,0.0,0.0,0.0,0.0,0.0,0.0,0.0,0.0,0.0,0.0,0.0,0.058559,0.0,0.0,0.228206,0.0,0.067763,0.915348,0.0,0.0,0.01627,0.0,0.0,3.196114,0.04556,0.04556,9.308955,0.850652,1.118129,27.909033,0.0,0.0,0.953967,0.0,0.0,0.0,0.0,0.0,0.0,0.0,0.0,0.0,0.0,0.0,0.0,0.0,0.0,0.002145,0.000124,0.000214,0.006863,0.004328,0.007046,0.018401,0.0,0.0,0.000555,0.0,0.0,0.0,0.0,0.0,0.0,0.0,0.0,0.0,0.0,0.0,0.0,0.0,5.5e-05,0.000692,0.0,0.000229,0.002863,0.0,0.004858,0.007718,0.0,9e-06,0.000107,0.0,0.0,0.0,0.0,0.0,0.0,0.322737,0.322737,0.322737,0.0,0.0,0.0,0.0,0.0,0.0,0.0,0.0,0.0,0.0,0.0,0.0,0.0,0.0,0.0,0.0,0.0,0.000175,0.0,0.0,0.000682,0.0,0.000203,0.002737,0.0,0.0,4.9e-05,0.0,0.0,0.01678,23.365533,23.365533,23.414166,436.263056,573.440306,847.635868,0.0,0.0,0.005008,0.0,0.0,0.0,0.0,0.0,0.0,0.0,0.0,0.0,0.0,0.0,0.0,0.0,0.0,27.842157,1.708544,3.254084,89.676546,55.180213,101.861207,266.503279,0.0,0.0,7.276622,0.0,0.0,0.0,0.0,0.0,0.0,0.0,0.0,0.0,0.0,0.0,0.0,0.0,0.000111,0.001383,0.0,0.000457,0.005725,0.0,0.009715,0.015437,0.0,1.7e-05,0.000214
BBS_CA_150_BRAWLEY_2019,2019-05-28,2019-06-10,0.0,0.0,0.0,0.0,0.0,0.0,0.0,0.0,0.0,0.0,0.0,0.0,0.0,0.0,0.0,0.0,0.0,0.0,1.5159,1.5159,1.5159,0.0,0.0,0.0,0.0,0.0,15.8728,0.0,0.6958,59.0648,0.0,44.6526,318.4399,0.0,0.0,4.7821,0.0,0.0,0.0,14.8841,14.8841,47.8378,296.4085,317.383,908.0938,0.0,0.0,0.0,0.0,0.0,0.0,0.0,0.0,0.0,0.0,0.0,0.0,0.0,0.0,0.0,0.0,0.0,0.0,0.5393,1.5451,11.2415,14.8553,35.984,107.1226,0.0,0.0,0.0,0.0,0.0,0.0,0.0,0.0,0.0,0.0,0.5092,0.5092,0.0,0.0,0.0,0.0,0.0,0.0,0.0,0.0,0.0,0.5548,0.5548,0.5548,0.0,0.0,0.0,0.0,0.0,0.0,0.0,0.0,0.0,0.0,0.0,0.0,0.0,0.0,0.0,0.0,0.0,0.0,0.0,0.0,0.0,0.000674,0.000674,0.000674,0.0,0.0,0.0,0.0,0.0,0.068417,0.0,0.002999,0.25459,0.0,0.192468,1.372586,0.0,0.0,0.020612,0.0,0.0,0.0,0.04146,0.04146,2.5967,0.82565,2.823219,26.651321,0.0,0.0,0.0,0.0,0.0,0.0,0.0,0.0,0.0,0.0,0.0,0.0,0.0,0.0,0.0,0.0,0.0,0.0,0.00027,0.000773,0.002667,0.007428,0.017483,0.035538,0.0,0.0,0.0,0.0,0.0,0.0,0.0,0.0,0.0,0.0,0.000884,0.000884,0.0,0.0,0.0,0.0,0.0,0.0,0.0,0.0,0.0,0.000247,0.000247,0.000247,0.0,0.0,0.0,0.0,0.0,0.0,0.0,0.0,0.0,0.0,0.0,0.0,0.0,0.0,0.0,0.0,0.0,0.0,0.0,0.0,0.0,0.075793,0.075793,0.075793,0.0,0.0,0.0,0.0,0.0,0.000205,0.0,9e-06,0.000761,0.0,0.000575,0.004104,0.0,0.0,6.2e-05,0.0,0.0,0.0,21.262929,21.262929,30.288074,423.44073,423.451217,924.678559,0.0,0.0,0.0,0.0,0.0,0.0,0.0,0.0,0.0,0.0,0.0,0.0,0.0,0.0,0.0,0.0,0.0,0.0,3.370782,9.65698,37.89734,92.845395,220.979982,434.236511,0.0,0.0,0.0,0.0,0.0,0.0,0.0,0.0,0.0,0.0,5e-06,5e-06,0.0,0.0,0.0,0.0,0.0,0.0,0.0,0.0,0.0,0.002433,0.002433,0.002433,0.0,0.0,0.0
BBS_CA_150_BRAWLEY_2020,2020-05-28,2020-06-10,0.0,0.0,0.0,0.0,0.0,0.0,0.0,0.0,0.0,0.0,0.0,0.0,0.0,0.0,0.0,0.0,0.0,0.0,0.0,0.0,0.0,0.0,0.0,0.0,0.0,0.0,0.0,1.1234,1.1234,6.4446,50.9336,50.9336,78.9748,0.0,0.0,0.0,0.0,0.0,0.0,0.0,5.736,5.736,0.0,29.6225,29.6225,0.0,0.0,0.0,0.0,0.0,0.0,0.0,0.0,0.0,0.0,0.0,0.0,0.0,0.0,0.0,0.0,0.0,0.0,0.0,0.8358,0.8358,0.732,6.2045,13.3821,0.0,0.0,0.0,0.0,0.0,0.0,0.0,0.0,0.0,0.0,0.6804,0.6804,0.0,0.0,0.0,0.0,0.0,1.0254,0.0,0.0,4.2437,0.0,0.0,4.6092,0.0,0.0,0.1583,0.0,0.0,0.0,0.0,0.0,0.0,0.0,0.0,0.0,0.0,0.0,0.0,0.0,0.0,0.0,0.0,0.0,0.0,0.0,0.0,0.0,0.0,0.0,0.0,0.0,0.0,0.0,0.004842,0.004842,0.027779,0.219541,0.219541,0.340409,0.0,0.0,0.0,0.0,0.0,0.0,0.0,0.546285,0.546285,0.0,2.821195,2.821195,0.0,0.0,0.0,0.0,0.0,0.0,0.0,0.0,0.0,0.0,0.0,0.0,0.0,0.0,0.0,0.0,0.0,0.0,0.0,0.000354,0.000354,0.000185,0.002424,0.005047,0.0,0.0,0.0,0.0,0.0,0.0,0.0,0.0,0.0,0.0,0.001181,0.001181,0.0,0.0,0.0,0.0,0.0,0.000513,0.0,0.0,0.002122,0.0,0.0,0.002305,0.0,0.0,7.9e-05,0.0,0.0,0.0,0.0,0.0,0.0,0.0,0.0,0.0,0.0,0.0,0.0,0.0,0.0,0.0,0.0,0.0,0.0,0.0,0.0,0.0,0.0,0.0,0.0,0.0,0.0,0.0,1.4e-05,1.4e-05,8.3e-05,0.000656,0.000656,0.001018,0.0,0.0,0.0,0.0,0.0,0.0,0.0,0.002868,0.002868,0.0,0.014811,0.014811,0.0,0.0,0.0,0.0,0.0,0.0,0.0,0.0,0.0,0.0,0.0,0.0,0.0,0.0,0.0,0.0,0.0,0.0,0.0,4.24018,4.24018,3.182526,29.684074,61.399103,0.0,0.0,0.0,0.0,0.0,0.0,0.0,0.0,0.0,0.0,7e-06,7e-06,0.0,0.0,0.0,0.0,0.0,0.001025,0.0,0.0,0.004244,0.0,0.0,0.004609,0.0,0.0,0.000158
BBS_CA_150_BRAWLEY_2021,2021-05-28,2021-06-10,0.0,0.0,0.0,3.825,3.825,3.825,45.0881,45.0881,45.0881,0.0,0.0,0.0,0.0,0.0,0.0,0.0,0.0,0.0,0.0,0.0,0.0,0.0,0.0,0.0,0.0,0.0,0.0,0.0,3.1041,6.3684,0.0,36.0718,88.302,0.0,0.0,0.0,58.7759,58.7759,84.7498,156.862,156.862,226.1818,164.8232,164.8232,251.556,16.686,16.686,24.0598,0.0,0.0,0.0,0.0,0.0,0.0,0.0,0.0,0.0,0.0,0.0,0.0,1.4814,2.1974,3.7528,4.0681,5.9473,10.9448,23.3696,31.7025,42.7632,0.4206,0.6541,1.0957,0.0,0.0,0.0,0.0,0.0,0.0,0.0,0.0,0.0,0.0,0.0,0.0,0.0,0.0,0.663,0.0,0.0,2.7438,0.0,0.0,3.4138,0.0,0.0,0.1023,0.0,0.0,0.0,0.158056,0.158056,0.158056,1.863145,1.863145,1.863145,0.0,0.0,0.0,0.0,0.0,0.0,0.0,0.0,0.0,0.0,0.0,0.0,0.0,0.0,0.0,0.0,0.0,0.0,0.0,0.01338,0.02745,0.0,0.155482,0.380612,0.0,0.0,0.0,0.163721,0.163721,2.637432,0.436942,0.436942,7.038821,0.459117,0.459117,8.719391,0.046479,0.046479,0.748747,0.0,0.0,0.0,0.0,0.0,0.0,0.0,0.0,0.0,0.0,0.0,0.0,0.000375,0.000733,0.001127,0.001058,0.001998,0.00344,0.006244,0.01014,0.014018,0.000106,0.000223,0.000335,0.0,0.0,0.0,0.0,0.0,0.0,0.0,0.0,0.0,0.0,0.0,0.0,0.0,0.0,0.000332,0.0,0.0,0.001372,0.0,0.0,0.001707,0.0,0.0,5.1e-05,0.0,0.0,0.0,0.503284,0.503284,0.503284,5.932646,5.932646,5.932646,0.0,0.0,0.0,0.0,0.0,0.0,0.0,0.0,0.0,0.0,0.0,0.0,0.0,0.0,0.0,0.0,0.0,0.0,0.0,4e-05,8.2e-05,0.0,0.000465,0.001138,0.0,0.0,0.0,83.965533,83.965533,83.97852,224.088608,224.088608,224.123267,235.461675,235.461675,235.505042,23.837192,23.837192,23.840878,0.0,0.0,0.0,0.0,0.0,0.0,0.0,0.0,0.0,0.0,0.0,0.0,6.440757,8.909818,15.672605,17.584157,24.064434,45.148108,100.412559,130.133133,174.296273,1.828483,2.633788,4.553692,0.0,0.0,0.0,0.0,0.0,0.0,0.0,0.0,0.0,0.0,0.0,0.0,0.0,0.0,0.000663,0.0,0.0,0.002744,0.0,0.0,0.003414,0.0,0.0,0.000102
BBS_CA_150_BRAWLEY_2022,2022-05-28,2022-06-10,0.0,0.0,0.0,12.1991,12.1991,12.1991,63.0,63.0,63.0,0.0,0.0,0.0,0.0,0.0,0.0,0.0,0.0,0.0,0.0,0.0,0.0,0.0,0.0,0.0,0.0,0.0,5.0357,0.0,0.0,37.3005,0.0,0.0,145.8503,0.0,0.0,0.6201,0.0,0.0,0.0,0.0,0.0,0.0,6.4961,6.4961,6.4961,0.0,0.0,0.0,0.0,0.0,0.0,0.0,0.0,0.0,0.0,0.0,0.0,0.0,0.0,0.0,4.5236,4.5236,6.3722,13.8832,14.2026,23.0681,18.516,25.2011,49.2311,1.2069,1.2069,1.4346,0.0,0.0,0.0,0.0,0.0,0.0,0.0,0.0,0.0,0.0,0.0,0.0,0.0,0.0,0.0,0.0,0.0,0.0391,0.0,0.0,1.3907,0.0,0.0,0.0,0.0,0.0,0.0,0.504094,0.504094,0.504094,2.603306,2.603306,2.603306,0.0,0.0,0.0,0.0,0.0,0.0,0.0,0.0,0.0,0.0,0.0,0.0,0.0,0.0,0.0,0.0,0.0,0.021706,0.0,0.0,0.160778,0.0,0.0,0.628665,0.0,0.0,0.002673,0.0,0.0,0.0,0.0,0.0,0.0,0.018095,0.018095,0.018095,0.0,0.0,0.0,0.0,0.0,0.0,0.0,0.0,0.0,0.0,0.0,0.0,0.0,0.0,0.0,0.001145,0.001145,0.001814,0.003581,0.00374,0.006968,0.005021,0.008363,0.014536,0.000306,0.000306,0.000388,0.0,0.0,0.0,0.0,0.0,0.0,0.0,0.0,0.0,0.0,0.0,0.0,0.0,0.0,0.0,0.0,0.0,2e-05,0.0,0.0,0.000695,0.0,0.0,0.0,0.0,0.0,0.0,1.605142,1.605142,1.605142,8.289474,8.289474,8.289474,0.0,0.0,0.0,0.0,0.0,0.0,0.0,0.0,0.0,0.0,0.0,0.0,0.0,0.0,0.0,0.0,0.0,6.5e-05,0.0,0.0,0.000481,0.0,0.0,0.00188,0.0,0.0,8e-06,0.0,0.0,0.0,0.0,0.0,0.0,9.280087,9.280087,9.280087,0.0,0.0,0.0,0.0,0.0,0.0,0.0,0.0,0.0,0.0,0.0,0.0,0.0,0.0,0.0,19.667859,19.667859,26.973413,60.121547,61.222844,96.186871,79.624773,109.593003,185.738702,5.247445,5.247445,6.147093,0.0,0.0,0.0,0.0,0.0,0.0,0.0,0.0,0.0,0.0,0.0,0.0,0.0,0.0,0.0,0.0,0.0,3.9e-05,0.0,0.0,0.001391,0.0,0.0,0.0
BBS_CA_150_BRAWLEY_2023,2023-05-28,2023-06-10,0.0,0.0,0.0,0.0,0.0,0.0,9.6918,9.6918,9.6918,0.0,0.0,0.0,0.0,0.0,0.0,0.0,0.0,0.0,0.0,0.0,0.0,0.0,0.0,0.0,6.2946,9.8692,18.122,29.7001,38.0298,74.3107,39.3724,79.4244,199.3191,0.7752,1.941,3.6104,0.0,0.0,0.0,0.0,2.0794,2.0794,0.0,19.5708,320.1212,0.0,0.0,0.0,0.0,0.0,0.0,0.0,0.0,0.0,0.0,0.0,0.0,0.0,0.0,0.0,0.6929,3.6378,8.6451,1.9237,10.0523,33.8366,22.277,42.6262,115.9685,0.226,1.062,1.7901,0.0,0.0,0.0,0.0,0.0,0.0,0.0,0.0,0.0,0.0,0.0,0.0,0.0,0.0,0.6144,0.0,0.0,2.5426,2.2261,2.2261,4.9876,0.0,0.0,0.0948,0.0,0.0,0.0,0.0,0.0,0.0,0.400489,0.400489,0.400489,0.0,0.0,0.0,0.0,0.0,0.0,0.0,0.0,0.0,0.0,0.0,0.0,0.0,0.0,0.0,0.027132,0.04254,0.078112,0.128018,0.163922,0.320305,0.169709,0.342347,0.859134,0.003341,0.008367,0.015562,0.0,0.0,0.0,0.0,0.198035,0.198035,0.0,1.863884,18.72054,0.0,0.0,0.0,0.0,0.0,0.0,0.0,0.0,0.0,0.0,0.0,0.0,0.0,0.0,0.0,0.000346,0.001092,0.002007,0.000868,0.002926,0.007329,0.006832,0.012763,0.029032,0.000113,0.000325,0.000459,0.0,0.0,0.0,0.0,0.0,0.0,0.0,0.0,0.0,0.0,0.0,0.0,0.0,0.0,0.000307,0.0,0.0,0.001271,0.000989,0.000989,0.00237,0.0,0.0,4.7e-05,0.0,0.0,0.0,0.0,0.0,0.0,1.27524,1.27524,1.27524,0.0,0.0,0.0,0.0,0.0,0.0,0.0,0.0,0.0,0.0,0.0,0.0,0.0,0.0,0.0,8.1e-05,0.000127,0.000234,0.000383,0.00049,0.000958,0.000507,0.001024,0.002569,1e-05,2.5e-05,4.7e-05,0.0,0.0,0.0,0.0,0.00104,0.00104,0.0,0.009785,300.539806,0.0,0.0,0.0,0.0,0.0,0.0,0.0,0.0,0.0,0.0,0.0,0.0,0.0,0.0,0.0,2.389416,15.193237,28.855321,7.774688,43.116444,104.039953,96.633154,184.956433,425.212069,0.779328,4.414237,6.892311,0.0,0.0,0.0,0.0,0.0,0.0,0.0,0.0,0.0,0.0,0.0,0.0,0.0,0.0,0.000614,0.0,0.0,0.002543,0.009764,0.009764,0.012525,0.0,0.0,9.5e-05
BBS_CA_155_WESTLEY_2015,2015-05-28,2015-06-10,0.0,0.0,0.0,0.0,0.0,0.0,0.0,0.0,0.0,0.0,0.0,0.0,11.3253,11.3253,11.3253,37.8669,37.8669,37.8669,159.6815,162.1315,162.1315,3.4329,3.4329,3.4329,0.0,0.0,0.0,0.0,0.0,0.0,0.0,0.0,0.0,0.0,0.0,0.0,0.0,4.3212,4.3212,0.0,59.0271,59.0271,0.0,97.2374,140.2597,0.0,0.0,0.0,0.0,0.0,0.0,0.0,0.0,0.0,0.0,0.0,0.0,0.0,0.0,0.0,2.5431,8.502,8.502,8.8638,32.3505,33.8974,28.1623,86.1676,99.5661,0.8741,2.8401,2.8401,6.8489,6.8489,6.8489,21.6444,21.6444,21.6444,91.9657,92.3073,92.3073,1.7615,1.7615,1.7615,0.0108,0.0108,0.0108,0.4307,0.656,0.8361,2.7592,23.0605,31.4292,0.0,0.0,0.0,0.0,0.0,0.0,0.0,0.0,0.0,0.0,0.0,0.0,0.0,0.0,0.0,0.005185,0.005185,0.005185,0.017466,0.017466,0.017466,0.07755,0.078639,0.078639,0.001586,0.001586,0.001586,0.0,0.0,0.0,0.0,0.0,0.0,0.0,0.0,0.0,0.0,0.0,0.0,0.0,0.031297,0.031297,0.0,0.597445,0.597445,0.0,1.678177,4.948204,0.0,0.0,0.0,0.0,0.0,0.0,0.0,0.0,0.0,0.0,0.0,0.0,0.0,0.0,0.0,0.001551,0.005757,0.005757,0.006545,0.015801,0.016397,0.016947,0.0491,0.055875,0.000486,0.002118,0.002118,0.220931,0.220931,0.220931,0.698205,0.698205,0.698205,2.966637,2.975025,2.975025,0.056821,0.056821,0.056821,5e-06,5e-06,5e-06,0.000196,0.000308,0.000398,0.001351,0.011502,0.015686,0.0,0.0,0.0,0.0,0.0,0.0,0.0,0.0,0.0,0.0,0.0,0.0,0.0,0.0,0.0,0.786212,0.786212,0.786212,2.468198,2.468198,2.468198,5.528409,5.739616,5.739616,0.220141,0.220141,0.220141,0.0,0.0,0.0,0.0,0.0,0.0,0.0,0.0,0.0,0.0,0.0,0.0,0.0,13.437852,13.437852,0.0,247.654774,247.654774,0.0,367.623311,486.290346,0.0,0.0,0.0,0.0,0.0,0.0,0.0,0.0,0.0,0.0,0.0,0.0,0.0,0.0,0.0,19.404471,37.388055,37.388055,34.869782,138.272486,144.739353,107.362268,314.39551,368.369355,7.946492,12.294888,12.294888,8.1e-05,8.1e-05,8.1e-05,0.000255,0.000255,0.000255,0.001082,0.001086,0.001086,2.1e-05,2.1e-05,2.1e-05,4.7e-05,4.7e-05,4.7e-05,0.001639,0.001865,0.002045,0.004483,0.024785,0.033153,0.0,0.0,0.0
BBS_CA_155_WESTLEY_2016,2016-05-28,2016-06-10,0.0,0.0,0.0,0.0,0.0,0.0,0.0,0.0,0.0,0.0,0.0,0.0,6.6987,8.3746,12.0643,15.5223,25.4944,33.519,97.0155,172.487,217.7366,2.1298,2.798,4.3246,0.0,0.0,0.0,0.0,0.0,0.0,0.0,0.0,0.0,0.0,0.0,0.0,25.0056,34.516,34.516,44.2465,63.6568,63.6568,44.4254,67.5902,203.1968,7.3834,10.1241,10.1241,0.5402,0.5402,0.5402,3.542,3.542,3.542,3.542,3.542,3.542,0.0,0.0,0.0,6.5421,11.03,11.03,36.2594,50.945,51.1756,86.8642,116.9533,122.7058,1.0826,2.476,2.476,15.0247,15.3184,15.3184,67.197,71.0378,71.0378,159.0397,165.6905,165.6905,3.5213,3.5213,3.5213,0.0,0.0,0.0,0.0,0.2544,0.2957,0.0,19.3919,21.0366,0.0,0.0,0.0,0.0,0.0,0.0,0.0,0.0,0.0,0.0,0.0,0.0,0.0,0.0,0.0,0.003227,0.003972,0.005737,0.007478,0.012167,0.015917,0.046072,0.083362,0.105436,0.00102,0.001317,0.002049,0.0,0.0,0.0,0.0,0.0,0.0,0.0,0.0,0.0,0.0,0.0,0.0,2.381487,3.287238,3.287238,4.213949,6.062551,6.062551,4.230992,6.437165,56.21319,0.703179,0.964198,0.964198,0.005512,0.005512,0.005512,0.036143,0.036143,0.036143,0.036143,0.036143,0.036143,0.0,0.0,0.0,0.004168,0.006278,0.006278,0.018533,0.025632,0.025808,0.049636,0.065155,0.067119,0.000825,0.001442,0.001442,0.484667,0.494142,0.494142,2.167645,2.291542,2.291542,5.130312,5.344856,5.344856,0.113591,0.113591,0.113591,0.0,0.0,0.0,0.0,0.000127,0.000148,0.0,0.009696,0.010518,0.0,0.0,0.0,0.0,0.0,0.0,0.0,0.0,0.0,0.0,0.0,0.0,0.0,0.0,0.0,0.264915,0.409387,0.570774,0.613127,1.151714,1.613474,4.665965,6.482173,7.925374,0.091313,0.14892,0.214194,0.0,0.0,0.0,0.0,0.0,0.0,0.0,0.0,0.0,0.0,0.0,0.0,0.012503,0.017258,0.017258,0.022123,0.031828,0.031828,0.022213,0.033795,61.5874,0.003692,0.005062,0.005062,1.1e-05,1.1e-05,1.1e-05,7.1e-05,7.1e-05,7.1e-05,7.1e-05,7.1e-05,7.1e-05,0.0,0.0,0.0,31.528622,66.306563,66.306563,186.881032,297.788481,298.642306,385.741537,549.746247,574.11449,4.009731,14.213997,14.213997,0.000177,0.00018,0.00018,0.000791,0.000836,0.000836,0.001871,0.001949,0.001949,4.1e-05,4.1e-05,4.1e-05,0.0,0.0,0.0,0.0,0.000254,0.000296,0.0,0.019392,0.021037,0.0,0.0,0.0
BBS_CA_155_WESTLEY_2017,2017-05-28,2017-06-10,0.0,0.0,0.0,0.0,0.0,0.0,0.0,0.0,0.0,0.0,0.0,0.0,1.8093,1.8093,1.8093,8.5003,8.5003,8.5003,79.422,79.422,79.422,0.6682,0.6682,0.6682,0.0,0.0,0.0,0.0,0.0,0.0,0.0,0.0,0.0,0.0,0.0,0.0,33.7386,68.2323,68.2323,74.2104,137.8276,137.8276,228.9152,294.2559,294.2559,10.665,20.7824,20.7824,0.0,0.0,0.0,0.0206,0.0206,0.0206,1.3076,1.3076,1.3076,0.0,0.0,0.0,24.1603,33.8289,33.8631,103.573,123.4836,124.8192,268.4952,306.2802,311.6467,5.2824,8.7364,8.7364,44.3538,88.7076,88.7076,81.8034,163.6068,163.6068,179.275,263.6246,263.6246,13.0096,26.0191,26.0191,0.0108,1.0519,1.0519,0.3569,1.6283,1.6283,0.5092,14.0453,24.7283,0.0,0.4559,0.4559,0.0,0.0,0.0,0.0,0.0,0.0,0.0,0.0,0.0,0.0,0.0,0.0,0.000804,0.000804,0.000804,0.003778,0.003778,0.003778,0.035299,0.035299,0.035299,0.000297,0.000297,0.000297,0.0,0.0,0.0,0.0,0.0,0.0,0.0,0.0,0.0,0.0,0.0,0.0,3.213204,6.498311,6.498311,7.067653,13.126434,13.126434,21.801444,28.024368,28.024368,1.015711,1.979279,1.979279,0.0,0.0,0.0,0.00021,0.00021,0.00021,0.013343,0.013343,0.013343,0.0,0.0,0.0,0.011755,0.018006,0.018032,0.028205,0.03996,0.040967,0.071241,0.095179,0.098873,0.004243,0.006554,0.006554,1.430767,2.861534,2.861534,2.638819,5.277639,5.277639,5.783066,8.50402,8.50402,0.419664,0.839327,0.839327,5e-06,0.000525,0.000525,0.000159,0.000794,0.000794,0.000226,0.006994,0.012336,0.0,0.000228,0.000228,0.0,0.0,0.0,0.0,0.0,0.0,0.0,0.0,0.0,0.0,0.0,0.0,0.155976,0.155976,0.155976,0.732787,0.732787,0.732787,6.846726,6.846726,6.846726,0.057607,0.057607,0.057607,0.0,0.0,0.0,0.0,0.0,0.0,0.0,0.0,0.0,0.0,0.0,0.0,0.016869,0.034116,0.034116,0.037105,0.068914,0.068914,0.114458,0.147128,0.147128,0.005332,0.010391,0.010391,0.0,0.0,0.0,0.0,0.0,0.0,2.6e-05,2.6e-05,2.6e-05,0.0,0.0,0.0,54.142125,115.631855,115.758433,242.728608,394.276833,399.236312,631.034901,832.786696,853.162942,12.216684,32.166508,32.166508,0.000522,0.001044,0.001044,0.000962,0.001925,0.001925,0.002109,0.003101,0.003101,0.000153,0.000306,0.000306,4.7e-05,0.001088,0.001088,0.001566,0.002837,0.002837,0.002233,0.015769,0.026452,0.0,0.000456,0.000456
BBS_CA_155_WESTLEY_2018,2018-05-28,2018-06-10,0.0,0.0,0.0,0.0,0.0,0.0,0.0,0.0,0.0,0.0,0.0,0.0,3.016,4.0625,5.6776,10.5366,11.7358,18.0389,29.4906,35.276,50.7192,1.1421,1.6003,2.2685,0.0,0.0,0.0,0.0,0.0,0.0,0.0,0.0,0.0,0.0,0.0,0.0,29.3125,185.03,185.03,57.574,392.9675,392.9675,72.1272,460.1799,460.1799,8.5061,52.7593,52.7593,0.0,0.0,0.0,0.0,0.0,0.0,0.0,0.0,0.0,0.0,0.0,0.0,20.8481,23.5105,23.5105,101.3683,105.1723,105.9952,161.5084,168.568,175.7655,3.89,4.9694,4.9694,14.3627,19.4265,19.4265,60.574,93.7752,93.7752,151.3797,213.4353,213.4353,4.0967,4.0967,4.0967,13.4183,13.4183,13.4183,18.3015,18.3422,18.3626,57.775,60.2584,60.8792,5.7498,5.7498,5.7498,0.0,0.0,0.0,0.0,0.0,0.0,0.0,0.0,0.0,0.0,0.0,0.0,0.00134,0.001806,0.002523,0.004683,0.005216,0.008017,0.013107,0.015678,0.022542,0.000508,0.000711,0.001008,0.0,0.0,0.0,0.0,0.0,0.0,0.0,0.0,0.0,0.0,0.0,0.0,2.791671,17.300758,17.300758,5.483234,33.72998,33.72998,6.869253,38.201371,38.201371,0.810102,5.024698,5.024698,0.0,0.0,0.0,0.0,0.0,0.0,0.0,0.0,0.0,0.0,0.0,0.0,0.011518,0.012192,0.012192,0.049519,0.050482,0.050816,0.0843,0.087427,0.091194,0.002437,0.002711,0.002711,0.463312,0.62666,0.62666,1.954001,3.025006,3.025006,4.883216,6.885011,6.885011,0.13215,0.13215,0.13215,0.005964,0.005964,0.005964,0.008135,0.008155,0.008165,0.025811,0.027053,0.027363,0.002555,0.002555,0.002555,0.0,0.0,0.0,0.0,0.0,0.0,0.0,0.0,0.0,0.0,0.0,0.0,0.259998,0.350218,0.489449,0.908325,1.011708,1.555074,2.542292,3.041038,4.372344,0.098456,0.137958,0.195564,0.0,0.0,0.0,0.0,0.0,0.0,0.0,0.0,0.0,0.0,0.0,0.0,0.014656,5.053153,5.053153,0.028787,57.279137,57.279137,0.036064,87.121165,87.121165,0.004253,0.02638,0.02638,0.0,0.0,0.0,0.0,0.0,0.0,0.0,0.0,0.0,0.0,0.0,0.0,124.204882,135.780651,135.780651,728.224018,744.76323,748.18226,1010.361817,1036.922215,1065.755447,11.537669,16.230987,16.230987,0.000169,0.000229,0.000229,0.000713,0.001103,0.001103,0.001781,0.002511,0.002511,4.8e-05,4.8e-05,4.8e-05,0.058852,0.058852,0.058852,0.080235,0.080276,0.080296,0.245274,0.247758,0.248378,0.025218,0.025218,0.025218
BBS_CA_155_WESTLEY_2019,2019-05-28,2019-06-10,0.0,0.0,0.0,0.0,0.0,0.0,0.0,0.0,0.0,0.0,0.0,0.0,1.9782,2.1055,2.1055,14.3411,16.0054,16.0054,66.1663,68.7913,68.7913,0.5652,0.5652,0.5652,0.0,0.0,0.0,0.0,0.0,0.0,0.0,0.0,0.0,0.0,0.0,0.0,0.6229,7.0637,7.0637,2.0084,47.2305,47.2305,12.2381,87.7329,92.7204,0.2562,1.1323,1.1323,0.0,0.0,0.0,0.0,0.0,0.0,0.0,0.0,0.0,0.0,0.0,0.0,38.6569,45.4776,46.1386,158.437,185.0852,189.5017,257.7494,316.9744,341.0133,10.1743,11.8289,12.101,8.554,48.7464,48.7464,54.3835,125.5024,125.5024,142.6852,218.9945,218.9945,1.5009,13.3685,13.3685,15.12,15.12,15.12,19.2323,19.3461,19.53,29.7508,38.6013,46.9715,6.568,6.568,6.568,0.0,0.0,0.0,0.0,0.0,0.0,0.0,0.0,0.0,0.0,0.0,0.0,0.000879,0.000936,0.000936,0.006374,0.007114,0.007114,0.029407,0.030574,0.030574,0.000251,0.000251,0.000251,0.0,0.0,0.0,0.0,0.0,0.0,0.0,0.0,0.0,0.0,0.0,0.0,0.059324,0.351587,0.351587,0.191273,0.802642,0.802642,1.165535,8.362468,8.837462,0.024398,0.107837,0.107837,0.0,0.0,0.0,0.0,0.0,0.0,0.0,0.0,0.0,0.0,0.0,0.0,0.027291,0.029451,0.029618,0.092134,0.103451,0.105567,0.150869,0.182686,0.196401,0.008386,0.008805,0.008874,0.275935,1.572464,1.572464,1.754307,4.048466,4.048466,4.602749,7.064337,7.064337,0.048416,0.43124,0.43124,0.00672,0.00672,0.00672,0.008551,0.008608,0.0087,0.013352,0.017778,0.021963,0.002919,0.002919,0.002919,0.0,0.0,0.0,0.0,0.0,0.0,0.0,0.0,0.0,0.0,0.0,0.0,0.170536,0.181508,0.181508,1.236298,1.379779,1.379779,5.703991,5.930284,5.930284,0.048725,0.048725,0.048725,0.0,0.0,0.0,0.0,0.0,0.0,0.0,0.0,0.0,0.0,0.0,0.0,0.000311,4.96417,4.96417,0.001004,57.106269,57.106269,0.006119,96.32973,96.332224,0.000128,0.000566,0.000566,0.0,0.0,0.0,0.0,0.0,0.0,0.0,0.0,0.0,0.0,0.0,0.0,177.537932,213.983539,216.857608,1148.866955,1336.42089,1354.360359,1623.128587,1984.185942,2079.049084,22.735534,29.929437,31.112476,0.000101,0.000573,0.000573,0.00064,0.001476,0.001476,0.001679,0.002576,0.002576,1.8e-05,0.000157,0.000157,0.066316,0.066316,0.066316,0.084158,0.084272,0.084456,0.122571,0.131422,0.139792,0.028807,0.028807,0.028807
BBS_CA_155_WESTLEY_2020,2020-05-28,2020-06-10,0.0,0.0,0.0,0.0,0.0,0.0,0.0,0.0,0.0,0.0,0.0,0.0,1.6862,1.893,1.893,7.9993,10.7039,10.7039,25.5344,29.8001,29.8001,0.5308,0.5308,0.5308,0.0,0.0,0.0,0.0,0.0,0.0,0.0,0.0,0.0,0.0,0.0,0.0,0.0,3.822,3.822,0.0,42.2501,42.2501,0.0,68.437,89.4325,0.0,0.0,0.0,0.0,0.0,0.0,0.0,0.0,0.0,0.0,0.0,0.0,0.0,0.0,0.0,11.9474,24.5649,25.8569,48.7162,111.1435,113.4876,88.6687,182.5906,190.4286,2.774,5.1133,5.6653,8.2979,8.2979,8.2979,53.1847,53.1847,53.1847,140.5948,154.2112,154.2112,1.4448,1.4448,1.4448,1.9879,1.9879,1.9879,6.0096,6.2069,6.4064,14.3838,19.8292,28.6824,0.8183,0.8183,0.8183,0.0,0.0,0.0,0.0,0.0,0.0,0.0,0.0,0.0,0.0,0.0,0.0,0.000749,0.000841,0.000841,0.003555,0.004757,0.004757,0.011349,0.013244,0.013244,0.000236,0.000236,0.000236,0.0,0.0,0.0,0.0,0.0,0.0,0.0,0.0,0.0,0.0,0.0,0.0,0.0,0.042961,0.042961,0.0,0.329563,0.329563,0.0,0.89442,2.89399,0.0,0.0,0.0,0.0,0.0,0.0,0.0,0.0,0.0,0.0,0.0,0.0,0.0,0.0,0.0,0.007509,0.015929,0.016256,0.023789,0.057709,0.058302,0.041895,0.094917,0.096901,0.002133,0.004156,0.004296,0.267676,0.267676,0.267676,1.715637,1.715637,1.715637,4.535315,4.974556,4.974556,0.046605,0.046605,0.046605,0.000883,0.000883,0.000883,0.002672,0.00277,0.00287,0.00641,0.009133,0.013559,0.000364,0.000364,0.000364,0.0,0.0,0.0,0.0,0.0,0.0,0.0,0.0,0.0,0.0,0.0,0.0,0.145359,0.163188,0.163188,0.689595,0.92275,0.92275,2.201244,2.56897,2.56897,0.045762,0.045762,0.045762,0.0,0.0,0.0,0.0,0.0,0.0,0.0,0.0,0.0,0.0,0.0,0.0,0.0,4.960882,4.960882,0.0,57.084593,57.084593,0.0,86.89609,86.906588,0.0,0.0,0.0,0.0,0.0,0.0,0.0,0.0,0.0,0.0,0.0,0.0,0.0,0.0,0.0,58.923577,124.571533,130.188955,324.455835,726.375161,736.566909,558.563436,1057.059311,1091.137662,6.766473,11.642584,14.042845,9.8e-05,9.8e-05,9.8e-05,0.000626,0.000626,0.000626,0.001654,0.001814,0.001814,1.7e-05,1.7e-05,1.7e-05,0.008719,0.008719,0.008719,0.026324,0.026521,0.02672,0.062036,0.067481,0.076334,0.003589,0.003589,0.003589
BBS_CA_155_WESTLEY_2021,2021-05-28,2021-06-10,0.0,0.0,0.0,0.0,0.0,0.0,0.0,0.0,0.0,0.0,0.0,0.0,0.5068,0.5068,0.5068,7.4592,7.4592,7.4592,20.0976,20.0976,24.1365,0.0,0.0,0.0,0.0,0.0,0.0,0.0,0.0,0.0,0.0,0.0,0.0,0.0,0.0,0.0,0.381,3.9119,3.9119,2.4983,43.1622,43.1622,55.9128,149.5774,154.1396,0.0,0.0,0.0,0.0,0.0,0.0,0.0,0.0,0.0,0.0,0.0,0.0,0.0,0.0,0.0,25.0887,26.6425,26.6425,108.8255,116.2693,116.2693,179.4723,268.1563,271.5526,4.9254,5.3012,5.3012,8.6203,8.6203,8.6203,55.2508,55.2508,55.2508,156.8081,156.8081,156.8081,1.5009,1.5009,1.5009,1.9879,1.9879,1.9879,5.9995,6.0482,6.0482,16.4522,20.0321,20.0554,0.8183,0.8183,0.8183,0.0,0.0,0.0,0.0,0.0,0.0,0.0,0.0,0.0,0.0,0.0,0.0,0.000225,0.000225,0.000225,0.003315,0.003315,0.003315,0.008932,0.008932,0.010727,0.0,0.0,0.0,0.0,0.0,0.0,0.0,0.0,0.0,0.0,0.0,0.0,0.0,0.0,0.0,0.03629,0.051517,0.051517,0.237937,0.416424,0.416424,34.90779,57.229946,57.664441,0.0,0.0,0.0,0.0,0.0,0.0,0.0,0.0,0.0,0.0,0.0,0.0,0.0,0.0,0.0,0.011229,0.011715,0.011715,0.023375,0.02615,0.02615,0.062987,0.115171,0.116031,0.004109,0.004204,0.004204,0.278074,0.278074,0.278074,1.782285,1.782285,1.782285,5.058327,5.058327,5.058327,0.048416,0.048416,0.048416,0.000883,0.000883,0.000883,0.002666,0.002691,0.002691,0.007475,0.009265,0.009276,0.000364,0.000364,0.000364,0.0,0.0,0.0,0.0,0.0,0.0,0.0,0.0,0.0,0.0,0.0,0.0,0.043692,0.043692,0.043692,0.643033,0.643033,0.643033,1.732551,1.732551,2.080736,0.0,0.0,0.0,0.0,0.0,0.0,0.0,0.0,0.0,0.0,0.0,0.0,0.0,0.0,0.0,0.000191,4.960926,4.960926,0.001249,57.085049,57.085049,49.373179,168.01652,168.018801,0.0,0.0,0.0,0.0,0.0,0.0,0.0,0.0,0.0,0.0,0.0,0.0,0.0,0.0,0.0,55.276546,63.481022,63.481022,256.920884,303.260886,303.260886,788.274357,1428.059028,1442.82566,10.825628,12.459539,12.459539,0.000101,0.000101,0.000101,0.00065,0.00065,0.00065,0.001845,0.001845,0.001845,1.8e-05,1.8e-05,1.8e-05,0.008719,0.008719,0.008719,0.026313,0.026362,0.026362,0.062247,0.065827,0.06585,0.003589,0.003589,0.003589
BBS_CA_155_WESTLEY_2022,2022-05-28,2022-06-10,0.0,0.0,0.0,0.0,0.0,0.0,0.0,0.0,0.0,0.0,0.0,0.0,0.0,0.0,0.0,0.0,0.0,0.1905,0.0,0.0,9.828,0.0,0.0,0.0,0.0,0.0,0.0,0.0,0.0,0.0,0.0,0.0,0.0,0.0,0.0,0.0,0.0,3.4725,3.4725,0.0,39.9584,39.9584,1.2269,62.0515,86.3514,0.0,0.0,0.0,0.0,0.0,0.0,0.0,0.0,0.0,0.0,0.0,0.0,0.0,0.0,0.0,21.5977,22.7802,22.7802,109.5886,126.2866,126.2866,142.3987,197.9635,200.8681,2.5754,2.7844,2.7844,0.0,0.1552,0.1552,0.0,1.0173,1.0173,21.1732,23.0938,23.0938,0.0,0.0,0.0,0.0,0.0,0.0,0.0,0.0488,0.0488,1.2417,11.5221,11.5221,0.0,0.0,0.0,0.0,0.0,0.0,0.0,0.0,0.0,0.0,0.0,0.0,0.0,0.0,0.0,0.0,0.0,0.0,0.0,0.0,8.5e-05,0.0,0.0,0.004368,0.0,0.0,0.0,0.0,0.0,0.0,0.0,0.0,0.0,0.0,0.0,0.0,0.0,0.0,0.0,0.0,0.009673,0.009673,0.0,0.111305,0.111305,0.116845,0.286273,2.600552,0.0,0.0,0.0,0.0,0.0,0.0,0.0,0.0,0.0,0.0,0.0,0.0,0.0,0.0,0.0,0.003717,0.004116,0.004116,0.016262,0.023805,0.023805,0.027017,0.06436,0.065095,0.000652,0.000705,0.000705,0.0,0.005005,0.005005,0.0,0.032817,0.032817,0.683006,0.744961,0.744961,0.0,0.0,0.0,0.0,0.0,0.0,0.0,2.4e-05,2.4e-05,0.000621,0.005761,0.005761,0.0,0.0,0.0,0.0,0.0,0.0,0.0,0.0,0.0,0.0,0.0,0.0,0.0,0.0,0.0,0.0,0.0,0.0,0.0,0.0,0.016424,0.0,0.0,0.847245,0.0,0.0,0.0,0.0,0.0,0.0,0.0,0.0,0.0,0.0,0.0,0.0,0.0,0.0,0.0,0.0,4.960707,4.960707,0.0,57.083447,57.083447,0.000613,86.892897,86.905047,0.0,0.0,0.0,0.0,0.0,0.0,0.0,0.0,0.0,0.0,0.0,0.0,0.0,0.0,0.0,62.833832,69.545351,69.545351,272.765431,397.37741,397.37741,418.486607,667.049987,679.678697,11.197318,12.106007,12.106007,0.0,2e-06,2e-06,0.0,1.2e-05,1.2e-05,0.000249,0.000272,0.000272,0.0,0.0,0.0,0.0,0.0,0.0,0.0,4.9e-05,4.9e-05,0.001242,0.011522,0.011522,0.0,0.0,0.0
BBS_CA_155_WESTLEY_2023,2023-05-28,2023-06-10,0.0,0.0,0.0,0.0,0.0,0.0,0.0,0.0,0.0,0.0,0.0,0.0,1.085,1.085,1.085,5.2004,5.2004,5.2004,16.5014,16.5014,16.5014,0.4216,0.4216,0.4216,0.0,0.0,0.0,0.0,0.0,0.0,0.0,0.0,0.0,0.0,0.0,0.0,3.9252,3.9252,3.9252,42.9266,42.9266,42.9266,63.7928,63.7928,63.7928,0.0,0.0,0.0,0.0,0.0,0.0,0.0,0.0,0.0,0.0,0.0,0.0,0.0,0.0,0.0,22.0081,28.9288,28.9288,110.075,130.5306,130.5306,218.2876,250.2632,252.0039,3.619,5.5771,5.5771,9.1136,9.1136,9.1136,61.7235,61.7235,61.7235,236.943,237.2455,237.2455,1.4737,1.4737,1.4737,1.0914,1.0914,1.0914,1.5202,1.8071,1.8071,6.3123,9.6028,9.6028,0.4779,0.4779,0.4779,0.0,0.0,0.0,0.0,0.0,0.0,0.0,0.0,0.0,0.0,0.0,0.0,0.000482,0.000482,0.000482,0.002311,0.002311,0.002311,0.007334,0.007334,0.007334,0.000187,0.000187,0.000187,0.0,0.0,0.0,0.0,0.0,0.0,0.0,0.0,0.0,0.0,0.0,0.0,0.052788,0.052788,0.052788,0.393993,0.393993,0.393993,0.452116,0.452116,0.452116,0.0,0.0,0.0,0.0,0.0,0.0,0.0,0.0,0.0,0.0,0.0,0.0,0.0,0.0,0.0,0.007125,0.008877,0.008877,0.02321,0.028388,0.028388,0.099944,0.108039,0.108479,0.002319,0.002815,0.002815,0.293988,0.293988,0.293988,1.99108,1.99108,1.99108,7.634089,7.634614,7.634614,0.047539,0.047539,0.047539,0.000485,0.000485,0.000485,0.000699,0.000843,0.000843,0.003063,0.004709,0.004709,0.000212,0.000212,0.000212,0.0,0.0,0.0,0.0,0.0,0.0,0.0,0.0,0.0,0.0,0.0,0.0,0.093536,0.093536,0.093536,0.448309,0.448309,0.448309,1.422533,1.422533,1.422533,0.036342,0.036342,0.036342,0.0,0.0,0.0,0.0,0.0,0.0,0.0,0.0,0.0,0.0,0.0,0.0,4.960933,4.960933,4.960933,57.084931,57.084931,57.084931,86.893768,86.893768,86.893768,0.0,0.0,0.0,0.0,0.0,0.0,0.0,0.0,0.0,0.0,0.0,0.0,0.0,0.0,0.0,57.147932,87.237932,87.237932,317.450601,406.388361,406.388361,668.180784,807.205135,814.77305,11.776767,20.2902,20.2902,0.000107,0.000107,0.000107,0.000726,0.000726,0.000726,0.002787,0.00279,0.00279,1.7e-05,1.7e-05,1.7e-05,0.004787,0.004787,0.004787,0.005228,0.005515,0.005515,0.01197,0.015261,0.015261,0.002096,0.002096,0.002096
BBS_CA_166_DORRIS_2015,2015-05-28,2015-06-10,0.0,0.0,0.0,0.0,0.0,0.0,0.0,0.0,0.0,0.0,0.0,0.0,0.0,0.0,0.0,0.0,0.0,0.0,0.2842,0.2842,0.2842,0.0,0.0,0.0,0.0,0.0,0.0,0.0,0.0,0.0,0.0,0.0,0.0,0.0,0.0,0.0,0.0,0.0,0.0,0.0,0.0,0.0,6.327,6.327,6.327,0.0,0.0,0.0,0.0,0.0,0.0,0.0,0.0,0.0,0.0,0.0,0.0,0.0,0.0,0.0,0.0,0.0,0.0,0.0,0.0,0.0,0.2992,0.2992,0.2992,0.0,0.0,0.0,0.0,0.0,0.0,0.0,0.0,0.0,0.0136,0.0136,0.0136,0.0,0.0,0.0,0.0,0.0,0.0,0.0,0.0,0.0,0.0,0.0,0.0,0.0,0.0,0.0,0.0,0.0,0.0,0.0,0.0,0.0,0.0,0.0,0.0,0.0,0.0,0.0,0.0,0.0,0.0,0.0,0.0,0.0,0.000126,0.000126,0.000126,0.0,0.0,0.0,0.0,0.0,0.0,0.0,0.0,0.0,0.0,0.0,0.0,0.0,0.0,0.0,0.0,0.0,0.0,0.0,0.0,0.0,0.161402,0.161402,0.161402,0.0,0.0,0.0,0.0,0.0,0.0,0.0,0.0,0.0,0.0,0.0,0.0,0.0,0.0,0.0,0.0,0.0,0.0,0.0,0.0,0.0,7.6e-05,7.6e-05,7.6e-05,0.0,0.0,0.0,0.0,0.0,0.0,0.0,0.0,0.0,0.000438,0.000438,0.000438,0.0,0.0,0.0,0.0,0.0,0.0,0.0,0.0,0.0,0.0,0.0,0.0,0.0,0.0,0.0,0.0,0.0,0.0,0.0,0.0,0.0,0.0,0.0,0.0,0.0,0.0,0.0,0.0,0.0,0.0,0.0,0.0,0.0,0.024499,0.024499,0.024499,0.0,0.0,0.0,0.0,0.0,0.0,0.0,0.0,0.0,0.0,0.0,0.0,0.0,0.0,0.0,0.0,0.0,0.0,0.0,0.0,0.0,63.269514,63.269514,63.269514,0.0,0.0,0.0,0.0,0.0,0.0,0.0,0.0,0.0,0.0,0.0,0.0,0.0,0.0,0.0,0.0,0.0,0.0,0.0,0.0,0.0,1.300776,1.300776,1.300776,0.0,0.0,0.0,0.0,0.0,0.0,0.0,0.0,0.0,0.0,0.0,0.0,0.0,0.0,0.0,0.0,0.0,0.0,0.0,0.0,0.0,0.0,0.0,0.0,0.0,0.0,0.0
BBS_CA_166_DORRIS_2017,2017-05-28,2017-06-10,0.0,0.0,0.0,0.0,0.0,0.0,0.0,0.0,0.0,0.0,0.0,0.0,0.0,0.0,0.0,0.0,0.0,0.0,2.5113,2.5113,2.5113,0.0,0.0,0.0,0.0,0.0,0.0,0.0,0.0,0.0,0.0,0.0,0.0,0.0,0.0,0.0,0.0,0.0,0.0,0.0,0.0,0.0,1.8224,1.8224,1.8224,0.0,0.0,0.0,0.0,0.0,0.0,0.0,0.0,0.0,0.0,0.0,0.0,0.0,0.0,0.0,0.0,0.0,0.0,0.0,0.0,0.0,0.1997,0.1997,0.1997,0.0,0.0,0.0,0.0,0.0,0.0,0.0,0.0,0.0,37.4583,37.4583,37.4583,0.0,0.0,0.0,0.0,0.0,0.0,0.0,0.0,0.0,0.0,0.0,0.0,0.0,0.0,0.0,0.0,0.0,0.0,0.0,0.0,0.0,0.0,0.0,0.0,0.0,0.0,0.0,0.0,0.0,0.0,0.0,0.0,0.0,0.001116,0.001116,0.001116,0.0,0.0,0.0,0.0,0.0,0.0,0.0,0.0,0.0,0.0,0.0,0.0,0.0,0.0,0.0,0.0,0.0,0.0,0.0,0.0,0.0,0.046491,0.046491,0.046491,0.0,0.0,0.0,0.0,0.0,0.0,0.0,0.0,0.0,0.0,0.0,0.0,0.0,0.0,0.0,0.0,0.0,0.0,0.0,0.0,0.0,5.1e-05,5.1e-05,5.1e-05,0.0,0.0,0.0,0.0,0.0,0.0,0.0,0.0,0.0,1.208332,1.208332,1.208332,0.0,0.0,0.0,0.0,0.0,0.0,0.0,0.0,0.0,0.0,0.0,0.0,0.0,0.0,0.0,0.0,0.0,0.0,0.0,0.0,0.0,0.0,0.0,0.0,0.0,0.0,0.0,0.0,0.0,0.0,0.0,0.0,0.0,0.216493,0.216493,0.216493,0.0,0.0,0.0,0.0,0.0,0.0,0.0,0.0,0.0,0.0,0.0,0.0,0.0,0.0,0.0,0.0,0.0,0.0,0.0,0.0,0.0,18.22429,18.22429,18.22429,0.0,0.0,0.0,0.0,0.0,0.0,0.0,0.0,0.0,0.0,0.0,0.0,0.0,0.0,0.0,0.0,0.0,0.0,0.0,0.0,0.0,0.868447,0.868447,0.868447,0.0,0.0,0.0,0.0,0.0,0.0,0.0,0.0,0.0,0.000441,0.000441,0.000441,0.0,0.0,0.0,0.0,0.0,0.0,0.0,0.0,0.0,0.0,0.0,0.0,0.0,0.0,0.0
BBS_CA_166_DORRIS_2018,2018-05-28,2018-06-10,0.0,0.0,0.0,0.0,0.0,0.0,0.0,0.0,0.0,0.0,0.0,0.0,0.0,0.0,0.0,0.0,0.0,0.0,0.3411,0.3411,0.3411,0.0,0.0,0.0,0.0,0.0,0.0,0.0,0.0,0.0,0.0,0.0,0.0,0.0,0.0,0.0,0.0,0.0,0.0,0.0,0.0,0.0,0.0,0.0,0.0,0.0,0.0,0.0,0.0,0.0,0.0,0.0,0.0,0.0,0.0,0.0,0.0,0.0,0.0,0.0,0.0,0.0,0.0,0.0,0.0,0.0,0.0,0.0,0.0,0.0,0.0,0.0,0.0,0.0,0.0,0.0,0.0,0.0,22.9958,22.9958,22.9958,0.0,0.0,0.0,0.0,0.0,0.0,0.0,0.0,0.0,0.0,0.0,0.0,0.0,0.0,0.0,0.0,0.0,0.0,0.0,0.0,0.0,0.0,0.0,0.0,0.0,0.0,0.0,0.0,0.0,0.0,0.0,0.0,0.0,0.000152,0.000152,0.000152,0.0,0.0,0.0,0.0,0.0,0.0,0.0,0.0,0.0,0.0,0.0,0.0,0.0,0.0,0.0,0.0,0.0,0.0,0.0,0.0,0.0,0.0,0.0,0.0,0.0,0.0,0.0,0.0,0.0,0.0,0.0,0.0,0.0,0.0,0.0,0.0,0.0,0.0,0.0,0.0,0.0,0.0,0.0,0.0,0.0,0.0,0.0,0.0,0.0,0.0,0.0,0.0,0.0,0.0,0.0,0.0,0.0,0.741801,0.741801,0.741801,0.0,0.0,0.0,0.0,0.0,0.0,0.0,0.0,0.0,0.0,0.0,0.0,0.0,0.0,0.0,0.0,0.0,0.0,0.0,0.0,0.0,0.0,0.0,0.0,0.0,0.0,0.0,0.0,0.0,0.0,0.0,0.0,0.0,0.029402,0.029402,0.029402,0.0,0.0,0.0,0.0,0.0,0.0,0.0,0.0,0.0,0.0,0.0,0.0,0.0,0.0,0.0,0.0,0.0,0.0,0.0,0.0,0.0,0.0,0.0,0.0,0.0,0.0,0.0,0.0,0.0,0.0,0.0,0.0,0.0,0.0,0.0,0.0,0.0,0.0,0.0,0.0,0.0,0.0,0.0,0.0,0.0,0.0,0.0,0.0,0.0,0.0,0.0,0.0,0.0,0.0,0.0,0.0,0.0,0.000271,0.000271,0.000271,0.0,0.0,0.0,0.0,0.0,0.0,0.0,0.0,0.0,0.0,0.0,0.0,0.0,0.0,0.0
BBS_CA_166_DORRIS_2019,2019-05-28,2019-06-10,0.0,0.0,0.0,0.0,0.0,0.0,0.0,0.0,0.0,0.0,0.0,0.0,0.0,0.0,0.0,0.0,0.0,0.0,0.0,0.0,0.0,0.0,0.0,0.0,0.0,0.0,0.0,0.0,0.0,0.0,0.0,0.0,0.0,0.0,0.0,0.0,0.0,0.0,0.0,0.0,0.0,0.0,0.0,0.0,0.0,0.0,0.0,0.0,0.0,0.0,0.0,0.0,0.0,0.0,0.0,0.0,0.0,0.0,0.0,0.0,0.0,0.0,0.0,0.0,0.0,0.0,0.0,0.0,0.0,0.0,0.0,0.0,0.0,0.0,0.0,0.0,0.0,0.0,21.5613,21.5613,21.5613,0.0,0.0,0.0,0.0,0.0,0.0,0.0,0.0,0.0,0.0,0.0,0.0,0.0,0.0,0.0,0.0,0.0,0.0,0.0,0.0,0.0,0.0,0.0,0.0,0.0,0.0,0.0,0.0,0.0,0.0,0.0,0.0,0.0,0.0,0.0,0.0,0.0,0.0,0.0,0.0,0.0,0.0,0.0,0.0,0.0,0.0,0.0,0.0,0.0,0.0,0.0,0.0,0.0,0.0,0.0,0.0,0.0,0.0,0.0,0.0,0.0,0.0,0.0,0.0,0.0,0.0,0.0,0.0,0.0,0.0,0.0,0.0,0.0,0.0,0.0,0.0,0.0,0.0,0.0,0.0,0.0,0.0,0.0,0.0,0.0,0.0,0.0,0.0,0.0,0.0,0.0,0.0,0.0,0.695525,0.695525,0.695525,0.0,0.0,0.0,0.0,0.0,0.0,0.0,0.0,0.0,0.0,0.0,0.0,0.0,0.0,0.0,0.0,0.0,0.0,0.0,0.0,0.0,0.0,0.0,0.0,0.0,0.0,0.0,0.0,0.0,0.0,0.0,0.0,0.0,0.0,0.0,0.0,0.0,0.0,0.0,0.0,0.0,0.0,0.0,0.0,0.0,0.0,0.0,0.0,0.0,0.0,0.0,0.0,0.0,0.0,0.0,0.0,0.0,0.0,0.0,0.0,0.0,0.0,0.0,0.0,0.0,0.0,0.0,0.0,0.0,0.0,0.0,0.0,0.0,0.0,0.0,0.0,0.0,0.0,0.0,0.0,0.0,0.0,0.0,0.0,0.0,0.0,0.0,0.0,0.0,0.0,0.0,0.0,0.0,0.000254,0.000254,0.000254,0.0,0.0,0.0,0.0,0.0,0.0,0.0,0.0,0.0,0.0,0.0,0.0,0.0,0.0,0.0
BBS_CA_166_DORRIS_2020,2020-05-28,2020-06-10,0.0,0.0,0.0,0.0,0.0,0.0,0.0,0.0,0.0,0.0,0.0,0.0,0.0,0.0,0.0,0.0,0.0,0.0,0.1909,0.1909,0.1909,0.0,0.0,0.0,0.0,0.0,0.0,0.0,0.0,0.0,0.0,0.0,0.0,0.0,0.0,0.0,0.0,0.0,0.0,0.0,0.0,0.0,0.0,0.0,0.0,0.0,0.0,0.0,0.0,0.0,0.0,0.0,0.0,0.0,0.0,0.0,0.0,0.0,0.0,0.0,0.0,0.0,0.0,0.0,0.0,0.0,0.0,0.0,0.0,0.0,0.0,0.0,0.0,0.0,0.0,0.0,0.0,0.0,8.7201,16.3532,16.3532,0.0,0.0,0.0,0.0,0.0,0.0,0.0,0.0,0.0,0.0,0.0,0.0,0.0,0.0,0.0,0.0,0.0,0.0,0.0,0.0,0.0,0.0,0.0,0.0,0.0,0.0,0.0,0.0,0.0,0.0,0.0,0.0,0.0,8.5e-05,8.5e-05,8.5e-05,0.0,0.0,0.0,0.0,0.0,0.0,0.0,0.0,0.0,0.0,0.0,0.0,0.0,0.0,0.0,0.0,0.0,0.0,0.0,0.0,0.0,0.0,0.0,0.0,0.0,0.0,0.0,0.0,0.0,0.0,0.0,0.0,0.0,0.0,0.0,0.0,0.0,0.0,0.0,0.0,0.0,0.0,0.0,0.0,0.0,0.0,0.0,0.0,0.0,0.0,0.0,0.0,0.0,0.0,0.0,0.0,0.0,0.281293,0.527523,0.527523,0.0,0.0,0.0,0.0,0.0,0.0,0.0,0.0,0.0,0.0,0.0,0.0,0.0,0.0,0.0,0.0,0.0,0.0,0.0,0.0,0.0,0.0,0.0,0.0,0.0,0.0,0.0,0.0,0.0,0.0,0.0,0.0,0.0,0.016457,0.016457,0.016457,0.0,0.0,0.0,0.0,0.0,0.0,0.0,0.0,0.0,0.0,0.0,0.0,0.0,0.0,0.0,0.0,0.0,0.0,0.0,0.0,0.0,0.0,0.0,0.0,0.0,0.0,0.0,0.0,0.0,0.0,0.0,0.0,0.0,0.0,0.0,0.0,0.0,0.0,0.0,0.0,0.0,0.0,0.0,0.0,0.0,0.0,0.0,0.0,0.0,0.0,0.0,0.0,0.0,0.0,0.0,0.0,0.0,0.000103,0.000192,0.000192,0.0,0.0,0.0,0.0,0.0,0.0,0.0,0.0,0.0,0.0,0.0,0.0,0.0,0.0,0.0
BBS_CA_166_DORRIS_2021,2021-05-28,2021-06-10,0.0,0.0,0.0,0.0,0.0,0.0,0.0,0.0,0.0,0.0,0.0,0.0,0.0,0.0,0.0,0.0,0.0,0.0,0.0,0.0,0.0,0.0,0.0,0.0,0.0,0.0,0.0,0.0,0.0,0.0,0.0,0.0,0.0,0.0,0.0,0.0,0.0,0.0,0.0,0.0,0.0,0.0,0.0,0.0,0.0,0.0,0.0,0.0,0.0,0.0,0.0,0.0,0.0,0.0,0.0,0.0,0.0,0.0,0.0,0.0,0.0,0.0,0.0,0.0,0.0,0.0,0.0,0.0,0.0,0.0,0.0,0.0,0.0,0.0,0.0,0.0,0.0,0.0,21.2182,21.2182,21.2182,0.0,0.0,0.0,0.0,0.0,0.0,0.0,0.0,0.0,0.0,0.0,0.0,0.0,0.0,0.0,0.0,0.0,0.0,0.0,0.0,0.0,0.0,0.0,0.0,0.0,0.0,0.0,0.0,0.0,0.0,0.0,0.0,0.0,0.0,0.0,0.0,0.0,0.0,0.0,0.0,0.0,0.0,0.0,0.0,0.0,0.0,0.0,0.0,0.0,0.0,0.0,0.0,0.0,0.0,0.0,0.0,0.0,0.0,0.0,0.0,0.0,0.0,0.0,0.0,0.0,0.0,0.0,0.0,0.0,0.0,0.0,0.0,0.0,0.0,0.0,0.0,0.0,0.0,0.0,0.0,0.0,0.0,0.0,0.0,0.0,0.0,0.0,0.0,0.0,0.0,0.0,0.0,0.0,0.684456,0.684456,0.684456,0.0,0.0,0.0,0.0,0.0,0.0,0.0,0.0,0.0,0.0,0.0,0.0,0.0,0.0,0.0,0.0,0.0,0.0,0.0,0.0,0.0,0.0,0.0,0.0,0.0,0.0,0.0,0.0,0.0,0.0,0.0,0.0,0.0,0.0,0.0,0.0,0.0,0.0,0.0,0.0,0.0,0.0,0.0,0.0,0.0,0.0,0.0,0.0,0.0,0.0,0.0,0.0,0.0,0.0,0.0,0.0,0.0,0.0,0.0,0.0,0.0,0.0,0.0,0.0,0.0,0.0,0.0,0.0,0.0,0.0,0.0,0.0,0.0,0.0,0.0,0.0,0.0,0.0,0.0,0.0,0.0,0.0,0.0,0.0,0.0,0.0,0.0,0.0,0.0,0.0,0.0,0.0,0.0,0.00025,0.00025,0.00025,0.0,0.0,0.0,0.0,0.0,0.0,0.0,0.0,0.0,0.0,0.0,0.0,0.0,0.0,0.0
BBS_CA_166_DORRIS_2022,2022-05-28,2022-06-10,0.0,0.0,0.0,0.0,0.0,0.0,0.0,0.0,0.0,0.0,0.0,0.0,0.0,0.0,0.0,0.0,0.0,0.0,0.0,0.0,0.0,0.0,0.0,0.0,0.0,0.0,0.0,0.0,0.0,0.0,0.0,0.0,0.0,0.0,0.0,0.0,0.0,0.0,0.0,0.0,0.0,0.0,0.0,0.0,0.0,0.0,0.0,0.0,0.0,0.0,0.0,0.0,0.0,0.0,0.0,0.0,0.0,0.0,0.0,0.0,0.0,0.0,0.0,0.0,0.0,0.0,0.0,0.0,0.0,0.0,0.0,0.0,0.0,0.0,0.0,0.0,0.0,0.0,0.867,4.326,4.326,0.0,0.0,0.0,0.0,0.0,0.0,0.0,0.0,0.0,0.0,0.0,0.0,0.0,0.0,0.0,0.0,0.0,0.0,0.0,0.0,0.0,0.0,0.0,0.0,0.0,0.0,0.0,0.0,0.0,0.0,0.0,0.0,0.0,0.0,0.0,0.0,0.0,0.0,0.0,0.0,0.0,0.0,0.0,0.0,0.0,0.0,0.0,0.0,0.0,0.0,0.0,0.0,0.0,0.0,0.0,0.0,0.0,0.0,0.0,0.0,0.0,0.0,0.0,0.0,0.0,0.0,0.0,0.0,0.0,0.0,0.0,0.0,0.0,0.0,0.0,0.0,0.0,0.0,0.0,0.0,0.0,0.0,0.0,0.0,0.0,0.0,0.0,0.0,0.0,0.0,0.0,0.0,0.0,0.027967,0.13955,0.13955,0.0,0.0,0.0,0.0,0.0,0.0,0.0,0.0,0.0,0.0,0.0,0.0,0.0,0.0,0.0,0.0,0.0,0.0,0.0,0.0,0.0,0.0,0.0,0.0,0.0,0.0,0.0,0.0,0.0,0.0,0.0,0.0,0.0,0.0,0.0,0.0,0.0,0.0,0.0,0.0,0.0,0.0,0.0,0.0,0.0,0.0,0.0,0.0,0.0,0.0,0.0,0.0,0.0,0.0,0.0,0.0,0.0,0.0,0.0,0.0,0.0,0.0,0.0,0.0,0.0,0.0,0.0,0.0,0.0,0.0,0.0,0.0,0.0,0.0,0.0,0.0,0.0,0.0,0.0,0.0,0.0,0.0,0.0,0.0,0.0,0.0,0.0,0.0,0.0,0.0,0.0,0.0,0.0,1e-05,5.1e-05,5.1e-05,0.0,0.0,0.0,0.0,0.0,0.0,0.0,0.0,0.0,0.0,0.0,0.0,0.0,0.0,0.0
BBS_CA_166_DORRIS_2023,2023-05-28,2023-06-10,0.0,0.0,0.0,0.0,0.0,0.0,0.0,0.0,0.0,0.0,0.0,0.0,0.0,0.0,0.0,0.0,0.0,0.0,0.0,0.0,0.0,0.0,0.0,0.0,0.0,0.0,0.0,0.0,0.0,0.0,0.0,0.0,0.0,0.0,0.0,0.0,0.0,0.0,0.0,0.0,0.0,0.0,0.0,0.0,0.0,0.0,0.0,0.0,0.0,0.0,0.0,0.0,0.0,0.0,0.0,0.0,0.0,0.0,0.0,0.0,0.0,0.0,0.0,0.0,0.0,0.0,0.0,0.0,0.0,0.0,0.0,0.0,0.0,0.0,0.0,0.0,0.0,0.0,17.866,17.866,17.866,0.0,0.0,0.0,0.0,0.0,0.0,0.0,0.0,0.0,0.0,0.0,0.0,0.0,0.0,0.0,0.0,0.0,0.0,0.0,0.0,0.0,0.0,0.0,0.0,0.0,0.0,0.0,0.0,0.0,0.0,0.0,0.0,0.0,0.0,0.0,0.0,0.0,0.0,0.0,0.0,0.0,0.0,0.0,0.0,0.0,0.0,0.0,0.0,0.0,0.0,0.0,0.0,0.0,0.0,0.0,0.0,0.0,0.0,0.0,0.0,0.0,0.0,0.0,0.0,0.0,0.0,0.0,0.0,0.0,0.0,0.0,0.0,0.0,0.0,0.0,0.0,0.0,0.0,0.0,0.0,0.0,0.0,0.0,0.0,0.0,0.0,0.0,0.0,0.0,0.0,0.0,0.0,0.0,0.576322,0.576322,0.576322,0.0,0.0,0.0,0.0,0.0,0.0,0.0,0.0,0.0,0.0,0.0,0.0,0.0,0.0,0.0,0.0,0.0,0.0,0.0,0.0,0.0,0.0,0.0,0.0,0.0,0.0,0.0,0.0,0.0,0.0,0.0,0.0,0.0,0.0,0.0,0.0,0.0,0.0,0.0,0.0,0.0,0.0,0.0,0.0,0.0,0.0,0.0,0.0,0.0,0.0,0.0,0.0,0.0,0.0,0.0,0.0,0.0,0.0,0.0,0.0,0.0,0.0,0.0,0.0,0.0,0.0,0.0,0.0,0.0,0.0,0.0,0.0,0.0,0.0,0.0,0.0,0.0,0.0,0.0,0.0,0.0,0.0,0.0,0.0,0.0,0.0,0.0,0.0,0.0,0.0,0.0,0.0,0.0,0.00021,0.00021,0.00021,0.0,0.0,0.0,0.0,0.0,0.0,0.0,0.0,0.0,0.0,0.0,0.0,0.0,0.0,0.0
BBS_CA_168_MACDOEL_2015,2015-05-28,2015-06-10,0.0,0.0,0.0,0.0,0.0,0.0,0.0,0.0,0.0,0.0,0.0,0.0,0.0,0.0,0.0,0.0,0.0,0.0,0.0,0.0,0.0,0.0,0.0,0.0,0.0,0.0,0.0,0.0,0.0,0.0,0.0,0.0,0.0,0.0,0.0,0.0,7.2148,7.2148,7.2148,36.0018,36.0018,36.0018,153.4479,153.4479,153.4479,0.6341,0.6341,0.6341,0.0,0.0,0.0,0.0,0.0,0.0,0.0,0.0,0.0,0.0,0.0,0.0,0.3665,0.3665,0.3665,1.829,1.829,1.829,11.4569,11.4569,11.4569,0.0322,0.0322,0.0322,0.0,0.0,0.0,0.0,0.0,0.0,0.0,0.0,0.0,0.0,0.0,0.0,0.0,0.0,0.0,0.0,0.0,0.0,0.0,0.0,0.0,0.0,0.0,0.0,0.0,0.0,0.0,0.0,0.0,0.0,0.0,0.0,0.0,0.0,0.0,0.0,0.0,0.0,0.0,0.0,0.0,0.0,0.0,0.0,0.0,0.0,0.0,0.0,0.0,0.0,0.0,0.0,0.0,0.0,0.0,0.0,0.0,0.0,0.0,0.0,0.184052,0.184052,0.184052,0.918414,0.918414,0.918414,8.225749,8.225749,8.225749,0.016176,0.016176,0.016176,0.0,0.0,0.0,0.0,0.0,0.0,0.0,0.0,0.0,0.0,0.0,0.0,9.3e-05,9.3e-05,9.3e-05,0.000463,0.000463,0.000463,0.0029,0.0029,0.0029,8e-06,8e-06,8e-06,0.0,0.0,0.0,0.0,0.0,0.0,0.0,0.0,0.0,0.0,0.0,0.0,0.0,0.0,0.0,0.0,0.0,0.0,0.0,0.0,0.0,0.0,0.0,0.0,0.0,0.0,0.0,0.0,0.0,0.0,0.0,0.0,0.0,0.0,0.0,0.0,0.0,0.0,0.0,0.0,0.0,0.0,0.0,0.0,0.0,0.0,0.0,0.0,0.0,0.0,0.0,0.0,0.0,0.0,0.0,0.0,0.0,0.0,0.0,0.0,72.148443,72.148443,72.148443,360.018231,360.018231,360.018231,916.212159,916.212159,916.212159,6.340839,6.340839,6.340839,0.0,0.0,0.0,0.0,0.0,0.0,0.0,0.0,0.0,0.0,0.0,0.0,1.593657,1.593657,1.593657,7.952294,7.952294,7.952294,49.812554,49.812554,49.812554,0.14006,0.14006,0.14006,0.0,0.0,0.0,0.0,0.0,0.0,0.0,0.0,0.0,0.0,0.0,0.0,0.0,0.0,0.0,0.0,0.0,0.0,0.0,0.0,0.0,0.0,0.0,0.0
BBS_CA_168_MACDOEL_2016,2016-05-28,2016-06-10,0.0,0.0,0.0,0.0,0.0,0.0,0.0,0.0,0.0,0.0,0.0,0.0,0.0,0.0,0.0,0.0,0.0,0.0,0.0,0.0,0.0,0.0,0.0,0.0,0.0,0.0,0.0,0.0,0.0,0.0,0.0,0.0,0.0,0.0,0.0,0.0,4.1499,4.1499,4.1499,20.7081,20.7081,20.7081,99.9494,209.539,209.539,0.3647,0.3647,0.3647,0.0,0.0,0.0,0.0,0.0,0.0,0.0,0.0,0.0,0.0,0.0,0.0,0.2125,0.2125,0.2125,1.0921,1.0921,1.0921,18.2452,18.2452,18.2452,0.0187,0.0187,0.0187,0.0,0.0,0.0,0.0,0.0,0.0,0.0,0.0,0.0,0.0,0.0,0.0,0.0,0.0,0.0,0.0,0.0,0.0,0.0,0.0,0.0,0.0,0.0,0.0,0.0,0.0,0.0,0.0,0.0,0.0,0.0,0.0,0.0,0.0,0.0,0.0,0.0,0.0,0.0,0.0,0.0,0.0,0.0,0.0,0.0,0.0,0.0,0.0,0.0,0.0,0.0,0.0,0.0,0.0,0.0,0.0,0.0,0.0,0.0,0.0,0.105866,0.105866,0.105866,0.528268,0.528268,0.528268,2.549728,5.345382,5.345382,0.009304,0.009304,0.009304,0.0,0.0,0.0,0.0,0.0,0.0,0.0,0.0,0.0,0.0,0.0,0.0,5.4e-05,5.4e-05,5.4e-05,0.000276,0.000276,0.000276,0.004619,0.004619,0.004619,5e-06,5e-06,5e-06,0.0,0.0,0.0,0.0,0.0,0.0,0.0,0.0,0.0,0.0,0.0,0.0,0.0,0.0,0.0,0.0,0.0,0.0,0.0,0.0,0.0,0.0,0.0,0.0,0.0,0.0,0.0,0.0,0.0,0.0,0.0,0.0,0.0,0.0,0.0,0.0,0.0,0.0,0.0,0.0,0.0,0.0,0.0,0.0,0.0,0.0,0.0,0.0,0.0,0.0,0.0,0.0,0.0,0.0,0.0,0.0,0.0,0.0,0.0,0.0,41.499474,41.499474,41.499474,207.080938,207.080938,207.080938,999.493522,2095.389727,2095.389727,3.647224,3.647224,3.647224,0.0,0.0,0.0,0.0,0.0,0.0,0.0,0.0,0.0,0.0,0.0,0.0,0.923979,0.923979,0.923979,4.748098,4.748098,4.748098,79.327137,79.327137,79.327137,0.081205,0.081205,0.081205,0.0,0.0,0.0,0.0,0.0,0.0,0.0,0.0,0.0,0.0,0.0,0.0,0.0,0.0,0.0,0.0,0.0,0.0,0.0,0.0,0.0,0.0,0.0,0.0
BBS_CA_168_MACDOEL_2017,2017-05-28,2017-06-10,3.4118,3.4118,3.4118,17.5126,17.5126,17.5126,29.1317,29.1317,29.1317,0.2805,0.2805,0.2805,0.0,0.0,0.0,0.0,0.0,0.0,0.0,0.0,0.0,0.0,0.0,0.0,0.0,0.0,0.0,0.0,0.0,0.0,0.0,0.0,0.0,0.0,0.0,0.0,0.0,0.0,0.0,0.4064,0.4064,0.4064,208.937,208.937,208.937,0.0,0.0,0.0,0.0,0.0,0.0,0.0,0.0,0.0,0.0,0.0,0.0,0.0,0.0,0.0,0.0,0.0,0.0,0.0257,0.0257,0.0257,14.5318,14.5318,14.5318,0.0,0.0,0.0,0.0,0.0,0.0,0.0,0.0,0.0,0.0,0.0,0.0,0.0,0.0,0.0,0.0,0.0,0.0,0.0,0.0,0.0,0.0,0.0,0.0,0.0,0.0,0.0,0.001706,0.001706,0.001706,0.008756,0.008756,0.008756,0.014566,0.014566,0.014566,0.00014,0.00014,0.00014,0.0,0.0,0.0,0.0,0.0,0.0,0.0,0.0,0.0,0.0,0.0,0.0,0.0,0.0,0.0,0.0,0.0,0.0,0.0,0.0,0.0,0.0,0.0,0.0,0.0,0.0,0.0,0.010368,0.010368,0.010368,5.330024,5.330024,5.330024,0.0,0.0,0.0,0.0,0.0,0.0,0.0,0.0,0.0,0.0,0.0,0.0,0.0,0.0,0.0,0.0,0.0,0.0,6e-06,6e-06,6e-06,0.003679,0.003679,0.003679,0.0,0.0,0.0,0.0,0.0,0.0,0.0,0.0,0.0,0.0,0.0,0.0,0.0,0.0,0.0,0.0,0.0,0.0,0.0,0.0,0.0,0.0,0.0,0.0,0.0,0.0,0.0,0.456739,0.456739,0.456739,2.344395,2.344395,2.344395,3.899829,3.899829,3.899829,0.037553,0.037553,0.037553,0.0,0.0,0.0,0.0,0.0,0.0,0.0,0.0,0.0,0.0,0.0,0.0,0.0,0.0,0.0,0.0,0.0,0.0,0.0,0.0,0.0,0.0,0.0,0.0,0.0,0.0,0.0,4.064364,4.064364,4.064364,2089.369568,2089.369568,2089.369568,0.0,0.0,0.0,0.0,0.0,0.0,0.0,0.0,0.0,0.0,0.0,0.0,0.0,0.0,0.0,0.0,0.0,0.0,0.111538,0.111538,0.111538,63.18159,63.18159,63.18159,0.0,0.0,0.0,0.0,0.0,0.0,0.0,0.0,0.0,0.0,0.0,0.0,0.0,0.0,0.0,0.0,0.0,0.0,0.0,0.0,0.0,0.0,0.0,0.0,0.0,0.0,0.0
BBS_CA_168_MACDOEL_2018,2018-05-28,2018-06-10,5.4452,5.4452,5.4452,28.9163,28.9163,28.9163,123.5707,123.5707,123.5707,0.5743,0.5743,0.5743,0.0,0.0,0.0,0.0,0.0,0.0,0.0,0.0,0.0,0.0,0.0,0.0,0.0,0.0,0.0,0.0,0.0,0.0,0.0,0.0,0.0,0.0,0.0,0.0,3.2766,3.2766,3.2766,16.3728,16.3728,16.3728,426.3203,426.3203,426.3203,0.288,0.288,0.288,0.0,0.0,0.0,0.0,0.0,0.0,0.0,0.0,0.0,0.0,0.0,0.0,0.9197,0.9197,0.9197,4.5954,4.5954,4.5954,37.7059,37.7059,37.7059,0.0808,0.0808,0.0808,0.0,0.0,0.0,0.0,0.0,0.0,0.0,0.0,0.0,0.0,0.0,0.0,0.0,0.0,0.0,0.0,0.0,0.0,0.0,0.0,0.0,0.0,0.0,0.0,0.002723,0.002723,0.002723,0.014458,0.014458,0.014458,0.061785,0.061785,0.061785,0.000287,0.000287,0.000287,0.0,0.0,0.0,0.0,0.0,0.0,0.0,0.0,0.0,0.0,0.0,0.0,0.0,0.0,0.0,0.0,0.0,0.0,0.0,0.0,0.0,0.0,0.0,0.0,0.083586,0.083586,0.083586,0.417673,0.417673,0.417673,10.875519,10.875519,10.875519,0.007346,0.007346,0.007346,0.0,0.0,0.0,0.0,0.0,0.0,0.0,0.0,0.0,0.0,0.0,0.0,0.000233,0.000233,0.000233,0.001163,0.001163,0.001163,0.009546,0.009546,0.009546,2e-05,2e-05,2e-05,0.0,0.0,0.0,0.0,0.0,0.0,0.0,0.0,0.0,0.0,0.0,0.0,0.0,0.0,0.0,0.0,0.0,0.0,0.0,0.0,0.0,0.0,0.0,0.0,0.728946,0.728946,0.728946,3.87099,3.87099,3.87099,16.542268,16.542268,16.542268,0.076877,0.076877,0.076877,0.0,0.0,0.0,0.0,0.0,0.0,0.0,0.0,0.0,0.0,0.0,0.0,0.0,0.0,0.0,0.0,0.0,0.0,0.0,0.0,0.0,0.0,0.0,0.0,32.765599,32.765599,32.765599,163.727903,163.727903,163.727903,4263.203279,4263.203279,4263.203279,2.879638,2.879638,2.879638,0.0,0.0,0.0,0.0,0.0,0.0,0.0,0.0,0.0,0.0,0.0,0.0,3.998489,3.998489,3.998489,19.980188,19.980188,19.980188,163.938592,163.938592,163.938592,0.351411,0.351411,0.351411,0.0,0.0,0.0,0.0,0.0,0.0,0.0,0.0,0.0,0.0,0.0,0.0,0.0,0.0,0.0,0.0,0.0,0.0,0.0,0.0,0.0,0.0,0.0,0.0
BBS_CA_168_MACDOEL_2019,2019-05-28,2019-06-10,3.1294,3.1294,3.1294,16.0965,16.0965,16.0965,81.929,81.929,81.929,0.2573,0.2573,0.2573,0.0,0.0,0.0,0.0,0.0,0.0,0.0,0.0,0.0,0.0,0.0,0.0,0.0,0.0,0.0,0.0,0.0,0.0,0.0,0.0,0.0,0.0,0.0,0.0,0.0,0.0,0.0,0.0,0.0,0.0,0.0,0.0,0.0,0.0,0.0,0.0,0.0,0.0,0.0,0.0,0.0,0.0,0.0,0.0,0.0,0.0,0.0,0.0,0.0,0.0,0.0,0.0,0.0,0.0,0.0,0.0,0.0,0.0,0.0,0.0,0.0,0.0,0.0,0.0,0.0,0.0,0.0,0.0,0.0,0.0,0.0,0.0,0.0,0.0,0.0,0.0,0.0,0.0,0.0,0.0,0.0,0.0,0.0,0.0,0.001565,0.001565,0.001565,0.008048,0.008048,0.008048,0.040964,0.040964,0.040964,0.000129,0.000129,0.000129,0.0,0.0,0.0,0.0,0.0,0.0,0.0,0.0,0.0,0.0,0.0,0.0,0.0,0.0,0.0,0.0,0.0,0.0,0.0,0.0,0.0,0.0,0.0,0.0,0.0,0.0,0.0,0.0,0.0,0.0,0.0,0.0,0.0,0.0,0.0,0.0,0.0,0.0,0.0,0.0,0.0,0.0,0.0,0.0,0.0,0.0,0.0,0.0,0.0,0.0,0.0,0.0,0.0,0.0,0.0,0.0,0.0,0.0,0.0,0.0,0.0,0.0,0.0,0.0,0.0,0.0,0.0,0.0,0.0,0.0,0.0,0.0,0.0,0.0,0.0,0.0,0.0,0.0,0.0,0.0,0.0,0.0,0.0,0.0,0.418923,0.418923,0.418923,2.154817,2.154817,2.154817,10.967732,10.967732,10.967732,0.034444,0.034444,0.034444,0.0,0.0,0.0,0.0,0.0,0.0,0.0,0.0,0.0,0.0,0.0,0.0,0.0,0.0,0.0,0.0,0.0,0.0,0.0,0.0,0.0,0.0,0.0,0.0,0.0,0.0,0.0,0.0,0.0,0.0,0.0,0.0,0.0,0.0,0.0,0.0,0.0,0.0,0.0,0.0,0.0,0.0,0.0,0.0,0.0,0.0,0.0,0.0,0.0,0.0,0.0,0.0,0.0,0.0,0.0,0.0,0.0,0.0,0.0,0.0,0.0,0.0,0.0,0.0,0.0,0.0,0.0,0.0,0.0,0.0,0.0,0.0,0.0,0.0,0.0,0.0,0.0,0.0,0.0,0.0,0.0,0.0,0.0,0.0
BBS_CA_168_MACDOEL_2020,2020-05-28,2020-06-10,0.0,0.0,0.0,0.0,0.0,0.0,0.0,0.0,0.0,0.0,0.0,0.0,0.0,0.0,0.0,0.0,0.0,0.0,0.0,0.0,0.0,0.0,0.0,0.0,0.0,0.0,0.0,0.0,0.0,0.0,0.0,12.0031,12.0031,0.0,0.0,0.0,0.0,0.0,0.0,0.0,0.0,0.0,0.0,0.0,0.0,0.0,0.0,0.0,0.0,0.0,0.0,0.0,0.0,0.0,0.0,0.0,0.0,0.0,0.0,0.0,0.0,0.0,0.0,0.0,0.0,0.0,0.0,0.0,0.0,0.0,0.0,0.0,0.0,0.0,0.0,0.0,0.0,0.0,0.0,0.0,0.0,0.0,0.0,0.0,0.0,0.0,0.0,0.0,0.0,0.0,0.0,0.0,0.0,0.0,0.0,0.0,0.0,0.0,0.0,0.0,0.0,0.0,0.0,0.0,0.0,0.0,0.0,0.0,0.0,0.0,0.0,0.0,0.0,0.0,0.0,0.0,0.0,0.0,0.0,0.0,0.0,0.0,0.0,0.0,0.0,0.0,0.0,0.051737,0.051737,0.0,0.0,0.0,0.0,0.0,0.0,0.0,0.0,0.0,0.0,0.0,0.0,0.0,0.0,0.0,0.0,0.0,0.0,0.0,0.0,0.0,0.0,0.0,0.0,0.0,0.0,0.0,0.0,0.0,0.0,0.0,0.0,0.0,0.0,0.0,0.0,0.0,0.0,0.0,0.0,0.0,0.0,0.0,0.0,0.0,0.0,0.0,0.0,0.0,0.0,0.0,0.0,0.0,0.0,0.0,0.0,0.0,0.0,0.0,0.0,0.0,0.0,0.0,0.0,0.0,0.0,0.0,0.0,0.0,0.0,0.0,0.0,0.0,0.0,0.0,0.0,0.0,0.0,0.0,0.0,0.0,0.0,0.0,0.0,0.0,0.0,0.0,0.0,0.0,0.0,0.0,0.0,0.0,0.0,0.000155,0.000155,0.0,0.0,0.0,0.0,0.0,0.0,0.0,0.0,0.0,0.0,0.0,0.0,0.0,0.0,0.0,0.0,0.0,0.0,0.0,0.0,0.0,0.0,0.0,0.0,0.0,0.0,0.0,0.0,0.0,0.0,0.0,0.0,0.0,0.0,0.0,0.0,0.0,0.0,0.0,0.0,0.0,0.0,0.0,0.0,0.0,0.0,0.0,0.0,0.0,0.0,0.0,0.0,0.0,0.0,0.0,0.0,0.0,0.0,0.0,0.0,0.0,0.0,0.0
BBS_CA_168_MACDOEL_2021,2021-05-28,2021-06-10,17.5884,17.5884,17.5884,86.9453,86.9453,86.9453,340.8482,340.8482,340.8482,1.7478,1.7478,1.7478,0.0,0.0,0.0,0.0,0.0,0.0,0.0,0.0,0.0,0.0,0.0,0.0,0.0,0.0,0.0,0.0,0.0,0.0,0.0,0.0,0.0,0.0,0.0,0.0,0.0,0.0,0.0,0.0,0.0,0.0,0.0,0.0,0.0,0.0,0.0,0.0,0.0,0.0,0.0,0.0,0.0,0.0,0.0,0.0,0.0,0.0,0.0,0.0,0.0,0.0,0.0,0.0,0.0,0.0,5.0541,5.0541,5.0541,0.0,0.0,0.0,0.0,0.0,0.0,0.0,0.0,0.0,0.0,0.0,0.0,0.0,0.0,0.0,0.0,0.0,0.0,0.0,0.0,0.0,0.0,0.0,0.0,0.0,0.0,0.0,0.008794,0.008794,0.008794,0.043473,0.043473,0.043473,0.170424,0.170424,0.170424,0.000874,0.000874,0.000874,0.0,0.0,0.0,0.0,0.0,0.0,0.0,0.0,0.0,0.0,0.0,0.0,0.0,0.0,0.0,0.0,0.0,0.0,0.0,0.0,0.0,0.0,0.0,0.0,0.0,0.0,0.0,0.0,0.0,0.0,0.0,0.0,0.0,0.0,0.0,0.0,0.0,0.0,0.0,0.0,0.0,0.0,0.0,0.0,0.0,0.0,0.0,0.0,0.0,0.0,0.0,0.0,0.0,0.0,0.00128,0.00128,0.00128,0.0,0.0,0.0,0.0,0.0,0.0,0.0,0.0,0.0,0.0,0.0,0.0,0.0,0.0,0.0,0.0,0.0,0.0,0.0,0.0,0.0,0.0,0.0,0.0,0.0,0.0,0.0,2.354535,2.354535,2.354535,11.639263,11.639263,11.639263,45.628948,45.628948,45.628948,0.233973,0.233973,0.233973,0.0,0.0,0.0,0.0,0.0,0.0,0.0,0.0,0.0,0.0,0.0,0.0,0.0,0.0,0.0,0.0,0.0,0.0,0.0,0.0,0.0,0.0,0.0,0.0,0.0,0.0,0.0,0.0,0.0,0.0,0.0,0.0,0.0,0.0,0.0,0.0,0.0,0.0,0.0,0.0,0.0,0.0,0.0,0.0,0.0,0.0,0.0,0.0,0.0,0.0,0.0,0.0,0.0,0.0,21.974343,21.974343,21.974343,0.0,0.0,0.0,0.0,0.0,0.0,0.0,0.0,0.0,0.0,0.0,0.0,0.0,0.0,0.0,0.0,0.0,0.0,0.0,0.0,0.0,0.0,0.0,0.0,0.0,0.0,0.0
BBS_CA_168_MACDOEL_2022,2022-05-28,2022-06-10,13.3442,13.3442,13.3442,74.9413,74.9413,74.9413,187.8224,187.8224,187.8224,1.0972,1.0972,1.0972,0.0,0.0,0.0,0.0,0.0,0.0,0.0,0.0,0.0,0.0,0.0,0.0,0.0,0.0,0.0,0.0,0.0,0.0,0.0,0.0,0.0,0.0,0.0,0.0,0.0,0.0,0.0,0.0,0.0,0.0,0.0,0.0,0.0,0.0,0.0,0.0,0.0,0.0,0.0,0.0,0.0,0.0,0.0,0.0,0.0,0.0,0.0,0.0,0.0,0.0,0.0,0.0,0.0,0.0,0.0,0.0,0.0,0.0,0.0,0.0,0.0,0.0,0.0,0.0,0.0,0.0,0.0,0.0,0.0,0.0,0.0,0.0,0.0,0.0,0.0,0.0,0.0,0.0,0.0,0.0,0.0,0.0,0.0,0.0,0.006672,0.006672,0.006672,0.037471,0.037471,0.037471,0.093911,0.093911,0.093911,0.000549,0.000549,0.000549,0.0,0.0,0.0,0.0,0.0,0.0,0.0,0.0,0.0,0.0,0.0,0.0,0.0,0.0,0.0,0.0,0.0,0.0,0.0,0.0,0.0,0.0,0.0,0.0,0.0,0.0,0.0,0.0,0.0,0.0,0.0,0.0,0.0,0.0,0.0,0.0,0.0,0.0,0.0,0.0,0.0,0.0,0.0,0.0,0.0,0.0,0.0,0.0,0.0,0.0,0.0,0.0,0.0,0.0,0.0,0.0,0.0,0.0,0.0,0.0,0.0,0.0,0.0,0.0,0.0,0.0,0.0,0.0,0.0,0.0,0.0,0.0,0.0,0.0,0.0,0.0,0.0,0.0,0.0,0.0,0.0,0.0,0.0,0.0,1.786374,1.786374,1.786374,10.032304,10.032304,10.032304,25.143558,25.143558,25.143558,0.146874,0.146874,0.146874,0.0,0.0,0.0,0.0,0.0,0.0,0.0,0.0,0.0,0.0,0.0,0.0,0.0,0.0,0.0,0.0,0.0,0.0,0.0,0.0,0.0,0.0,0.0,0.0,0.0,0.0,0.0,0.0,0.0,0.0,0.0,0.0,0.0,0.0,0.0,0.0,0.0,0.0,0.0,0.0,0.0,0.0,0.0,0.0,0.0,0.0,0.0,0.0,0.0,0.0,0.0,0.0,0.0,0.0,0.0,0.0,0.0,0.0,0.0,0.0,0.0,0.0,0.0,0.0,0.0,0.0,0.0,0.0,0.0,0.0,0.0,0.0,0.0,0.0,0.0,0.0,0.0,0.0,0.0,0.0,0.0,0.0,0.0,0.0
BBS_CA_168_MACDOEL_2023,2023-05-28,2023-06-10,0.0,0.0,0.0,0.0,0.0,0.0,0.0,0.0,0.0,0.0,0.0,0.0,7.6009,7.6009,7.6009,17.8726,17.8726,17.8726,50.2533,50.2533,50.2533,2.4068,2.4068,2.4068,0.0,0.0,0.0,0.0,0.0,0.0,0.0,0.0,0.0,0.0,0.0,0.0,0.0,0.0,0.0,0.0,0.0,0.0,0.0,0.0,0.0,0.0,0.0,0.0,0.0,0.0,0.0,0.0,0.0,0.0,0.0,0.0,0.0,0.0,0.0,0.0,0.0,0.0,0.0,0.0,0.0,0.0,0.0,0.0,0.0,0.0,0.0,0.0,36.3893,36.3893,36.3893,85.6755,85.6755,85.6755,247.4243,247.4243,247.4243,11.5162,11.5162,11.5162,0.0,0.0,0.0,0.0,0.0,0.0,0.0,0.0,0.0,0.0,0.0,0.0,0.0,0.0,0.0,0.0,0.0,0.0,0.0,0.0,0.0,0.0,0.0,0.0,0.003378,0.003378,0.003378,0.007943,0.007943,0.007943,0.022335,0.022335,0.022335,0.00107,0.00107,0.00107,0.0,0.0,0.0,0.0,0.0,0.0,0.0,0.0,0.0,0.0,0.0,0.0,0.0,0.0,0.0,0.0,0.0,0.0,0.0,0.0,0.0,0.0,0.0,0.0,0.0,0.0,0.0,0.0,0.0,0.0,0.0,0.0,0.0,0.0,0.0,0.0,0.0,0.0,0.0,0.0,0.0,0.0,0.0,0.0,0.0,0.0,0.0,0.0,1.173848,1.173848,1.173848,2.763725,2.763725,2.763725,7.98143,7.98143,7.98143,0.371491,0.371491,0.371491,0.0,0.0,0.0,0.0,0.0,0.0,0.0,0.0,0.0,0.0,0.0,0.0,0.0,0.0,0.0,0.0,0.0,0.0,0.0,0.0,0.0,0.0,0.0,0.0,0.655253,0.655253,0.655253,1.540741,1.540741,1.540741,4.332179,4.332179,4.332179,0.207486,0.207486,0.207486,0.0,0.0,0.0,0.0,0.0,0.0,0.0,0.0,0.0,0.0,0.0,0.0,0.0,0.0,0.0,0.0,0.0,0.0,0.0,0.0,0.0,0.0,0.0,0.0,0.0,0.0,0.0,0.0,0.0,0.0,0.0,0.0,0.0,0.0,0.0,0.0,0.0,0.0,0.0,0.0,0.0,0.0,0.0,0.0,0.0,0.0,0.0,0.0,0.000428,0.000428,0.000428,0.001008,0.001008,0.001008,0.002911,0.002911,0.002911,0.000135,0.000135,0.000135,0.0,0.0,0.0,0.0,0.0,0.0,0.0,0.0,0.0,0.0,0.0,0.0
BBS_CA_171_TRANQUILLITY_2015,2015-05-28,2015-06-10,2.2686,2.2686,2.2686,40.7747,40.7747,40.7747,124.2,124.2,338.8929,0.0,0.0,0.0,0.0,0.0483,0.0483,0.0,1.0283,1.0283,14.9889,25.3524,25.3524,0.0,0.0,0.0,0.0,0.0,0.0,0.0,0.0,0.0,0.0,0.0,0.0,0.0,0.0,0.0,123.5931,123.6591,123.6591,614.1778,615.5823,615.5823,2677.9806,2754.0497,2754.0497,31.0539,31.0539,31.0539,0.0,0.0,0.0,0.0,0.0,0.0,0.0,0.0,0.0,0.0,0.0,0.0,0.004,0.004,0.004,0.4431,0.4431,0.9479,95.1937,128.1297,153.1574,0.0,0.0,0.0,0.5615,1.7126,1.8229,5.3186,31.2006,38.3059,160.9103,384.4594,510.639,0.1165,0.1165,0.1165,0.0,0.0,0.0,0.0337,0.0337,0.0337,20.678,20.678,20.678,0.0,0.0,0.0,0.093745,0.093745,0.093745,1.684906,1.684906,1.684906,5.132231,5.132231,5.239578,0.0,0.0,0.0,0.0,2.1e-05,2.1e-05,0.0,0.000457,0.000457,0.007262,0.011868,0.011868,0.0,0.0,0.0,0.0,0.0,0.0,0.0,0.0,0.0,0.0,0.0,0.0,0.0,0.0,0.0,3.268565,3.274852,3.274852,16.611637,16.745391,16.745391,70.699855,73.573753,73.573753,0.815271,0.815271,0.815271,0.0,0.0,0.0,0.0,0.0,0.0,0.0,0.0,0.0,0.0,0.0,0.0,1e-06,1e-06,1e-06,0.00022,0.00022,0.000335,0.047895,0.056874,0.060061,0.0,0.0,0.0,0.000975,0.038107,0.041665,0.009234,0.844138,1.073339,4.385663,11.047174,15.117485,0.000202,0.000202,0.000202,0.0,0.0,0.0,1.5e-05,1.5e-05,1.5e-05,0.00919,0.00919,0.00919,0.0,0.0,0.0,0.298504,0.298504,0.298504,5.365096,5.365096,5.365096,16.342105,16.342105,45.082791,0.0,0.0,0.0,0.0,0.004167,0.004167,0.0,0.088649,0.088649,0.540639,1.434044,1.434044,0.0,0.0,0.0,0.0,0.0,0.0,0.0,0.0,0.0,0.0,0.0,0.0,0.0,0.0,0.0,178.9731,178.973133,178.973133,877.121967,877.122669,877.122669,3374.064133,4000.904432,4000.904432,45.157964,45.157964,45.157964,0.0,0.0,0.0,0.0,0.0,0.0,0.0,0.0,0.0,0.0,0.0,0.0,0.017379,0.017379,0.017379,3.624577,3.624577,5.857418,787.127669,934.654249,1052.275146,0.0,0.0,0.0,6e-06,1.9e-05,2e-05,5.3e-05,0.000358,0.000441,0.001847,0.004445,0.005929,1e-06,1e-06,1e-06,0.0,0.0,0.0,0.000148,0.000148,0.000148,0.090693,0.090693,0.090693,0.0,0.0,0.0
BBS_CA_171_TRANQUILLITY_2016,2016-05-28,2016-06-10,0.0,0.0,0.0,0.0,0.0,0.0,160.2,160.2,178.7,0.0,0.0,0.0,0.1309,0.1309,0.1309,2.7847,2.7847,2.7847,7.3354,32.1564,40.5,0.0,0.0,0.0,0.0,0.0,0.0,0.0,0.0,0.0,0.0,0.0,0.0,0.0,0.0,0.0,103.9218,103.9218,103.9218,275.2874,278.3342,278.3342,656.0009,701.2131,701.2131,28.5405,28.5405,28.5405,0.1131,0.141,0.141,2.5833,3.2108,3.2108,32.3955,35.6715,35.6715,0.0,0.0,0.0,0.0,0.0583,0.0583,0.0,1.3963,1.3963,39.7221,54.715,69.1978,0.0,0.0,0.0,0.0,1.0423,1.5075,1.3361,24.1775,32.6951,274.4182,410.3692,463.7584,0.0,0.0,0.0,0.0499,0.0518,0.0518,1.095,1.1348,1.1348,18.9083,32.9318,32.9318,0.0,0.0,0.0,0.0,0.0,0.0,0.0,0.0,0.0,6.619835,6.619835,6.629085,0.0,0.0,0.0,5.8e-05,5.8e-05,5.8e-05,0.001238,0.001238,0.001238,0.00326,0.015671,0.019843,0.0,0.0,0.0,0.0,0.0,0.0,0.0,0.0,0.0,0.0,0.0,0.0,0.0,0.0,0.0,3.37034,3.37034,3.37034,9.550053,9.627778,9.627778,25.174675,26.328049,26.328049,0.918983,0.918983,0.918983,0.001154,0.001439,0.001439,0.02636,0.032764,0.032764,0.330567,0.363995,0.363995,0.0,0.0,0.0,0.0,1.5e-05,1.5e-05,0.0,0.000353,0.000353,0.017812,0.023099,0.024735,0.0,0.0,0.0,0.0,0.029023,0.04403,0.030808,0.682793,0.957553,6.810019,10.892624,12.614856,0.0,0.0,0.0,2.5e-05,2.6e-05,2.6e-05,0.000546,0.000566,0.000566,0.009155,0.015392,0.015392,0.0,0.0,0.0,0.0,0.0,0.0,0.0,0.0,0.0,21.078947,21.078947,23.55552,0.0,0.0,0.0,0.011283,0.011283,0.011283,0.240056,0.240056,0.240056,0.632358,1.046042,1.185103,0.0,0.0,0.0,0.0,0.0,0.0,0.0,0.0,0.0,0.0,0.0,0.0,0.0,0.0,0.0,117.040996,117.040996,117.040996,215.964048,246.432068,246.432068,216.046051,668.168483,668.168483,32.262367,32.262367,32.262367,2e-06,3e-06,3e-06,5.2e-05,6.4e-05,6.4e-05,0.000651,0.000716,0.000716,0.0,0.0,0.0,0.0,0.253456,0.253456,0.0,6.070901,6.070901,294.348602,382.941021,409.878771,0.0,0.0,0.0,0.0,1.2e-05,1.7e-05,2e-05,0.000284,0.000384,0.003954,0.005536,0.006164,0.0,0.0,0.0,5e-05,5.2e-05,5.2e-05,0.001209,0.001249,0.001249,0.037123,0.098392,0.098392,0.0,0.0,0.0
BBS_CA_171_TRANQUILLITY_2017,2017-05-28,2017-06-10,0.7545,0.7545,0.7545,16.2791,16.2791,16.2791,166.2947,233.4876,233.4876,0.0,0.0,0.0,0.1519,0.1519,0.1519,3.2322,3.2322,3.2322,12.4565,12.4565,12.4565,0.0,0.0,0.0,0.0,0.0,0.0,0.0,0.0,0.0,0.0,0.0,0.0,0.0,0.0,0.0,15.9753,15.9753,15.9753,96.1219,96.1219,96.1219,724.9528,728.5092,728.5092,4.4036,4.4036,4.4036,0.0,0.0,0.0,0.0,0.0,0.0,2.3094,2.3094,2.3094,0.0,0.0,0.0,0.2414,0.2414,0.2414,5.1365,5.1365,5.1365,48.6003,49.4043,49.4043,0.0,0.0,0.0,0.0,0.0,0.0,0.1361,1.0482,1.0482,71.0629,162.3965,186.4348,0.0,0.0,0.0,0.0,0.0,0.0,0.0,0.0337,0.0337,20.9834,28.8587,28.8587,0.0,0.0,0.0,0.031177,0.031177,0.031177,0.67269,0.67269,0.67269,6.871682,6.905278,6.905278,0.0,0.0,0.0,6.8e-05,6.8e-05,6.8e-05,0.001437,0.001437,0.001437,0.005536,0.005536,0.005536,0.0,0.0,0.0,0.0,0.0,0.0,0.0,0.0,0.0,0.0,0.0,0.0,0.0,0.0,0.0,0.546106,0.546106,0.546106,3.282018,3.282018,3.282018,24.697192,24.787917,24.787917,0.150534,0.150534,0.150534,0.0,0.0,0.0,0.0,0.0,0.0,0.023565,0.023565,0.023565,0.0,0.0,0.0,0.000134,0.000134,0.000134,0.002854,0.002854,0.002854,0.024141,0.024345,0.024345,0.0,0.0,0.0,0.0,0.0,0.0,0.000236,0.029311,0.029311,1.837144,4.628964,5.404391,0.0,0.0,0.0,0.0,0.0,0.0,0.0,1.5e-05,1.5e-05,0.009465,0.013104,0.013104,0.0,0.0,0.0,0.099273,0.099273,0.099273,2.141987,2.141987,2.141987,21.880881,30.875917,30.875917,0.0,0.0,0.0,0.013096,0.013096,0.013096,0.278637,0.278637,0.278637,1.073836,1.073836,1.073836,0.0,0.0,0.0,0.0,0.0,0.0,0.0,0.0,0.0,0.0,0.0,0.0,0.0,0.0,0.0,0.002866,0.002866,0.002866,0.017223,0.017223,0.017223,0.129603,35.693694,35.693694,0.00079,0.00079,0.00079,0.0,0.0,0.0,0.0,0.0,0.0,4.6e-05,4.6e-05,4.6e-05,0.0,0.0,0.0,2.194759,2.194759,2.194759,46.695721,46.695721,46.695721,396.977655,400.473245,400.473245,0.0,0.0,0.0,0.0,0.0,0.0,1e-06,1.2e-05,1.2e-05,0.000836,0.001922,0.002204,0.0,0.0,0.0,0.0,0.0,0.0,0.0,0.000148,0.000148,0.083571,0.109651,0.109651,0.0,0.0,0.0
BBS_CA_171_TRANQUILLITY_2018,2018-05-28,2018-06-10,7.6784,7.6784,7.6784,149.6708,149.6708,149.6708,449.3743,449.3743,449.3743,0.0,0.0,0.0,0.1411,0.1411,0.1411,3.0021,3.0021,3.0021,11.5734,11.5734,11.5734,0.0,0.0,0.0,0.0,0.0,0.0,0.0,0.0,0.0,0.0,0.0,0.0,0.0,0.0,0.0,0.0,0.0,0.0,41.6249,41.6249,41.6249,226.4396,226.4396,226.4396,0.0,0.0,0.0,0.0,0.0,0.0,0.0,0.0,0.0,0.0,0.0,0.0,0.0,0.0,0.0,0.2829,0.2829,0.2829,6.9086,6.9086,6.9086,31.052,31.052,31.052,0.0,0.0,0.0,0.0,0.1507,0.1507,0.0,2.7293,2.7293,5.1214,56.9256,56.9256,0.0,0.0,0.0,0.0,0.0,0.0,0.1543,0.1543,0.1543,15.32,15.32,15.32,0.0,0.0,0.0,0.317291,0.317291,0.317291,6.184744,6.184744,6.184744,18.569188,18.569188,18.569188,0.0,0.0,0.0,6.3e-05,6.3e-05,6.3e-05,0.001334,0.001334,0.001334,0.005144,0.005144,0.005144,0.0,0.0,0.0,0.0,0.0,0.0,0.0,0.0,0.0,0.0,0.0,0.0,0.0,0.0,0.0,0.0,0.0,0.0,1.423165,1.423165,1.423165,7.74197,7.74197,7.74197,0.0,0.0,0.0,0.0,0.0,0.0,0.0,0.0,0.0,0.0,0.0,0.0,0.0,0.0,0.0,0.000136,0.000136,0.000136,0.003115,0.003115,0.003115,0.011823,0.011823,0.011823,0.0,0.0,0.0,0.0,0.000262,0.000262,0.0,0.004738,0.004738,0.067558,1.319459,1.319459,0.0,0.0,0.0,0.0,0.0,0.0,6.9e-05,6.9e-05,6.9e-05,0.006809,0.006809,0.006809,0.0,0.0,0.0,1.010321,1.010321,1.010321,19.693526,19.693526,19.693526,59.128203,59.128203,59.128203,0.0,0.0,0.0,0.012164,0.012164,0.012164,0.258801,0.258801,0.258801,0.99771,0.99771,0.99771,0.0,0.0,0.0,0.0,0.0,0.0,0.0,0.0,0.0,0.0,0.0,0.0,0.0,0.0,0.0,0.0,0.0,0.0,0.007468,0.007468,0.007468,0.040628,0.040628,0.040628,0.0,0.0,0.0,0.0,0.0,0.0,0.0,0.0,0.0,0.0,0.0,0.0,0.0,0.0,0.0,2.236788,2.236788,2.236788,51.461743,51.461743,51.461743,197.146859,197.146859,197.146859,0.0,0.0,0.0,0.0,2e-06,2e-06,0.0,2.7e-05,2.7e-05,5.5e-05,0.00064,0.00064,0.0,0.0,0.0,0.0,0.0,0.0,0.000677,0.000677,0.000677,0.067193,0.067193,0.067193,0.0,0.0,0.0
BBS_CA_171_TRANQUILLITY_2019,2019-05-28,2019-06-10,0.0,0.0,0.0,0.0,0.0,0.0,0.0,0.0,0.0,0.0,0.0,0.0,0.0,0.0,0.0,0.0528,0.0528,0.0528,5.8995,5.8995,5.8995,0.0,0.0,0.0,0.0,0.0,0.0,0.0,0.0,0.0,0.0,0.0,0.0,0.0,0.0,0.0,0.0,0.0,0.0,0.0,6.4804,6.4804,96.7442,194.1076,205.8695,0.0,0.0,0.0,0.0,0.0,0.0,0.0,0.0,0.0,0.0,0.0,0.0,0.0,0.0,0.0,0.3171,1.002,1.1086,6.8328,21.4049,23.6729,62.7817,99.0972,103.0881,0.0,0.0,0.0,0.0,0.0,0.0,0.0,0.8543,0.8543,3.6028,60.5839,60.5839,0.0,0.0,0.0,0.0487,0.0487,0.0487,1.0415,1.0415,1.0415,1.8586,1.8586,1.8586,0.0,0.0,0.0,0.0,0.0,0.0,0.0,0.0,0.0,0.0,0.0,0.0,0.0,0.0,0.0,0.0,0.0,0.0,2.3e-05,2.3e-05,2.3e-05,0.002622,0.002622,0.002622,0.0,0.0,0.0,0.0,0.0,0.0,0.0,0.0,0.0,0.0,0.0,0.0,0.0,0.0,0.0,0.0,0.0,0.0,0.0,0.617183,0.617183,3.753023,13.025727,13.05849,0.0,0.0,0.0,0.0,0.0,0.0,0.0,0.0,0.0,0.0,0.0,0.0,0.0,0.0,0.0,0.000176,0.000538,0.00062,0.003791,0.011499,0.013228,0.031758,0.049103,0.052145,0.0,0.0,0.0,0.0,0.0,0.0,0.0,0.001629,0.001629,0.116221,0.23997,0.23997,0.0,0.0,0.0,2.2e-05,2.2e-05,2.2e-05,0.000463,0.000463,0.000463,0.000826,0.000826,0.000826,0.0,0.0,0.0,0.0,0.0,0.0,0.0,0.0,0.0,0.0,0.0,0.0,0.0,0.0,0.0,0.0,0.0,0.0,0.00264,0.00264,0.00264,0.294975,0.294975,0.294975,0.0,0.0,0.0,0.0,0.0,0.0,0.0,0.0,0.0,0.0,0.0,0.0,0.0,0.0,0.0,0.0,0.0,0.0,0.0,0.00324,0.00324,18.31965,18.368331,35.171092,0.0,0.0,0.0,0.0,0.0,0.0,0.0,0.0,0.0,0.0,0.0,0.0,0.0,0.0,0.0,2.883031,8.824056,9.218871,62.0365,188.437816,196.837913,519.804265,805.556499,820.337699,0.0,0.0,0.0,0.0,0.0,0.0,0.0,1.2e-05,1.2e-05,4.2e-05,0.001244,0.001244,0.0,0.0,0.0,0.000214,0.000214,0.000214,0.004568,0.004568,0.004568,0.008152,0.008152,0.008152,0.0,0.0,0.0
BBS_CA_171_TRANQUILLITY_2020,2020-05-28,2020-06-10,0.0,0.0,0.0,0.0,0.0,0.0,0.0,0.0,0.0,0.0,0.0,0.0,0.1355,0.1355,0.1355,2.8837,2.8837,2.8837,14.9916,14.9916,14.9916,0.0,0.0,0.0,0.0,0.0,0.0,0.0,0.0,0.0,0.0,0.0,0.0,0.0,0.0,0.0,0.0,0.0,0.0,0.0,0.0,0.0,152.8307,152.8307,152.8307,0.0,0.0,0.0,0.0,0.0,0.0,0.0,0.0,0.0,36.155,36.155,36.155,0.0,0.0,0.0,0.4377,1.0624,1.0624,9.2921,22.584,22.584,76.9299,127.9822,127.9822,0.0,0.0,0.0,0.0,0.0,0.0,0.0,0.0,0.0,46.415,63.484,63.484,0.0,0.0,0.0,0.0,0.0,0.0,0.0,0.0,0.0,14.5706,14.5706,14.5706,0.0,0.0,0.0,0.0,0.0,0.0,0.0,0.0,0.0,0.0,0.0,0.0,0.0,0.0,0.0,6e-05,6e-05,6e-05,0.001282,0.001282,0.001282,0.006663,0.006663,0.006663,0.0,0.0,0.0,0.0,0.0,0.0,0.0,0.0,0.0,0.0,0.0,0.0,0.0,0.0,0.0,0.0,0.0,0.0,0.0,0.0,0.0,14.555305,14.555305,14.555305,0.0,0.0,0.0,0.0,0.0,0.0,0.0,0.0,0.0,0.368928,0.368928,0.368928,0.0,0.0,0.0,0.000203,0.00055,0.00055,0.004318,0.011702,0.011702,0.019219,0.047526,0.047526,0.0,0.0,0.0,0.0,0.0,0.0,0.0,0.0,0.0,0.322537,0.873151,0.873151,0.0,0.0,0.0,0.0,0.0,0.0,0.0,0.0,0.0,0.006476,0.006476,0.006476,0.0,0.0,0.0,0.0,0.0,0.0,0.0,0.0,0.0,0.0,0.0,0.0,0.0,0.0,0.0,0.011684,0.011684,0.011684,0.248596,0.248596,0.248596,1.292382,1.292382,1.292382,0.0,0.0,0.0,0.0,0.0,0.0,0.0,0.0,0.0,0.0,0.0,0.0,0.0,0.0,0.0,0.0,0.0,0.0,0.0,0.0,0.0,0.076415,0.076415,0.076415,0.0,0.0,0.0,0.0,0.0,0.0,0.0,0.0,0.0,0.000726,0.000726,0.000726,0.0,0.0,0.0,3.551058,9.230481,9.230481,74.865723,195.701212,195.701212,329.185664,790.474015,790.474015,0.0,0.0,0.0,0.0,0.0,0.0,0.0,0.0,0.0,0.000716,0.000917,0.000917,0.0,0.0,0.0,0.0,0.0,0.0,0.0,0.0,0.0,0.063906,0.063906,0.063906,0.0,0.0,0.0
BBS_CA_171_TRANQUILLITY_2021,2021-05-28,2021-06-10,0.0,0.0,0.0,0.0,0.0,0.0,0.0,0.0,0.0,0.0,0.0,0.0,0.1355,0.227,0.227,2.9827,4.9565,4.9565,32.8344,52.6473,52.6473,0.0,0.0,0.0,0.0,0.0,0.0,0.0,0.0,0.0,3.61,3.61,3.61,0.0,0.0,0.0,1.1605,1.1605,1.1605,64.2813,64.2813,64.2813,331.3398,331.3398,331.3398,0.0,0.0,0.0,0.1748,0.1748,0.1748,4.2186,4.2186,4.2186,60.3093,60.3093,60.3093,0.0,0.0,0.0,0.7228,1.1656,1.1656,16.4114,25.8465,25.8465,82.9408,107.7132,107.7132,0.0,0.0,0.0,0.0,0.8916,1.1083,0.9177,20.1244,24.0188,138.0727,219.4758,226.1808,0.0,0.0,0.0,0.1106,0.1106,0.1106,2.669,2.8121,2.8121,44.6624,59.0167,59.0167,0.0,0.0,0.0,0.0,0.0,0.0,0.0,0.0,0.0,0.0,0.0,0.0,0.0,0.0,0.0,6e-05,0.000101,0.000101,0.001326,0.002203,0.002203,0.014593,0.023399,0.023399,0.0,0.0,0.0,0.0,0.0,0.0,0.0,0.0,0.0,0.00534,0.00534,0.00534,0.0,0.0,0.0,0.110522,0.110522,0.110522,2.900431,2.900431,2.900431,12.438784,12.438784,12.438784,0.0,0.0,0.0,0.001784,0.001784,0.001784,0.043047,0.043047,0.043047,0.615401,0.615401,0.615401,0.0,0.0,0.0,0.000362,0.000594,0.000594,0.007962,0.012905,0.012905,0.035051,0.045817,0.045817,0.0,0.0,0.0,0.0,0.028762,0.035751,0.029054,0.648625,0.774253,4.392684,7.016539,7.232828,0.0,0.0,0.0,4.9e-05,4.9e-05,4.9e-05,0.001186,0.00125,0.00125,0.01985,0.02623,0.02623,0.0,0.0,0.0,0.0,0.0,0.0,0.0,0.0,0.0,0.0,0.0,0.0,0.0,0.0,0.0,0.011684,0.019569,0.019569,0.257132,0.427286,0.427286,2.830549,4.538561,4.538561,0.0,0.0,0.0,0.0,0.0,0.0,0.0,0.0,0.0,9e-06,9e-06,9e-06,0.0,0.0,0.0,0.00058,0.00058,0.00058,18.722295,18.722295,18.722295,92.139468,92.139468,92.139468,0.0,0.0,0.0,4e-06,4e-06,4e-06,8.5e-05,8.5e-05,8.5e-05,0.001211,0.001211,0.001211,0.0,0.0,0.0,5.949033,9.757661,9.757661,131.067623,212.160676,212.160676,575.16553,753.381902,753.381902,0.0,0.0,0.0,0.0,1e-05,1.3e-05,1.1e-05,0.000237,0.000283,0.001621,0.002579,0.002658,0.0,0.0,0.0,0.000485,0.000485,0.000485,0.011706,0.012334,0.012334,0.195888,0.258845,0.258845,0.0,0.0,0.0
BBS_CA_171_TRANQUILLITY_2022,2022-05-28,2022-06-10,0.0,0.0,0.0,0.0,0.0,0.0,66.808,66.808,66.808,0.0,0.0,0.0,2.4353,2.5766,2.5766,6.4054,10.9105,10.9105,63.4592,99.3229,99.3229,0.6563,0.6563,0.6563,0.0,0.0,0.0,0.0,0.0,0.0,0.0,0.0,0.0,0.0,0.0,0.0,0.0,0.0,0.0,15.7368,15.7368,15.7368,109.093,109.093,109.093,0.0,0.0,0.0,0.0,0.0,0.0,0.0,0.0,0.0,0.0,0.0,0.0,0.0,0.0,0.0,1.5845,1.6552,1.6552,15.5787,17.6069,17.6069,119.8579,139.2213,139.4462,0.27,0.27,0.27,0.0,0.0,0.0,0.4342,0.4342,0.4342,35.6325,35.6325,35.6325,0.0,0.0,0.0,0.0,0.0,0.0,0.0,0.0,0.0,18.7786,18.7786,18.7786,0.0,0.0,0.0,0.0,0.0,0.0,0.0,0.0,0.0,2.760663,2.760663,2.760663,0.0,0.0,0.0,0.001082,0.001145,0.001145,0.002847,0.004849,0.004849,0.028204,0.044144,0.044144,0.000292,0.000292,0.000292,0.0,0.0,0.0,0.0,0.0,0.0,0.0,0.0,0.0,0.0,0.0,0.0,0.0,0.0,0.0,0.127641,0.127641,0.127641,0.757619,0.757619,0.757619,0.0,0.0,0.0,0.0,0.0,0.0,0.0,0.0,0.0,0.0,0.0,0.0,0.0,0.0,0.0,0.000513,0.000531,0.000531,0.006333,0.006847,0.006847,0.028427,0.033446,0.033503,6.8e-05,6.8e-05,6.8e-05,0.0,0.0,0.0,0.014005,0.014005,0.014005,1.149437,1.149437,1.149437,0.0,0.0,0.0,0.0,0.0,0.0,0.0,0.0,0.0,0.008346,0.008346,0.008346,0.0,0.0,0.0,0.0,0.0,0.0,0.0,0.0,0.0,8.790531,8.790531,8.790531,0.0,0.0,0.0,0.209941,0.222124,0.222124,0.552188,0.935096,0.935096,4.385311,6.866722,6.866722,0.056581,0.056581,0.056581,0.0,0.0,0.0,0.0,0.0,0.0,0.0,0.0,0.0,0.0,0.0,0.0,0.0,0.0,0.0,0.000668,0.000668,0.000668,0.003965,0.003965,0.003965,0.0,0.0,0.0,0.0,0.0,0.0,0.0,0.0,0.0,0.0,0.0,0.0,0.0,0.0,0.0,9.145501,9.452729,9.452729,115.780841,124.599084,124.599084,509.045054,594.136571,595.114533,1.17407,1.17407,1.17407,0.0,0.0,0.0,5e-06,5e-06,5e-06,0.000419,0.000419,0.000419,0.0,0.0,0.0,0.0,0.0,0.0,0.0,0.0,0.0,0.082362,0.082362,0.082362,0.0,0.0,0.0
BBS_CA_171_TRANQUILLITY_2023,2023-05-28,2023-06-10,0.0,0.0,0.0,0.0,0.0,0.0,0.0,0.0,0.0,0.0,0.0,0.0,0.576,0.576,0.576,11.1199,11.1199,11.1199,45.6078,56.5146,56.5146,0.0,0.0,0.0,0.0,0.0,0.0,0.0,0.0,0.0,0.0,0.0,0.0,0.0,0.0,0.0,0.0,0.0,0.0,0.0,2.4772,2.4772,0.0,481.4655,481.4655,0.0,0.0,0.0,0.0,0.0,0.0,0.0928,0.0928,0.0928,30.1438,30.1438,30.1438,0.0,0.0,0.0,0.656,0.8132,0.8132,20.1809,23.543,23.543,155.2737,166.7271,166.7271,0.0,0.0,0.0,0.6984,0.6984,0.6984,15.1609,15.1609,15.1609,179.0957,187.1612,187.1612,0.0,0.0,0.0,0.0,0.0,0.0,0.0294,0.0294,0.0294,5.7131,5.7131,5.7131,0.0,0.0,0.0,0.0,0.0,0.0,0.0,0.0,0.0,0.0,0.0,0.0,0.0,0.0,0.0,0.000256,0.000256,0.000256,0.004942,0.004942,0.004942,0.02027,0.025118,0.025118,0.0,0.0,0.0,0.0,0.0,0.0,0.0,0.0,0.0,0.0,0.0,0.0,0.0,0.0,0.0,0.0,0.0,0.0,0.0,1.720309,1.720309,0.0,334.351032,334.351032,0.0,0.0,0.0,0.0,0.0,0.0,0.000947,0.000947,0.000947,0.30759,0.30759,0.30759,0.0,0.0,0.0,0.000277,0.000293,0.000293,0.009194,0.009537,0.009537,0.064938,0.066931,0.066931,0.0,0.0,0.0,0.022528,0.022528,0.022528,0.489061,0.489061,0.489061,5.777279,6.037457,6.037457,0.0,0.0,0.0,0.0,0.0,0.0,1.3e-05,1.3e-05,1.3e-05,0.002539,0.002539,0.002539,0.0,0.0,0.0,0.0,0.0,0.0,0.0,0.0,0.0,0.0,0.0,0.0,0.0,0.0,0.0,0.049659,0.049659,0.049659,0.958616,0.958616,0.958616,3.931705,4.871951,4.871951,0.0,0.0,0.0,0.0,0.0,0.0,0.0,0.0,0.0,0.0,0.0,0.0,0.0,0.0,0.0,0.0,0.0,0.0,0.0,2.477245,2.477245,0.0,481.465486,481.465486,0.0,0.0,0.0,0.0,0.0,0.0,2e-06,2e-06,2e-06,0.000605,0.000605,0.000605,0.0,0.0,0.0,4.597345,4.859317,4.859317,151.809167,157.412695,157.412695,1071.224683,1104.935255,1104.935255,0.0,0.0,0.0,8e-06,8e-06,8e-06,0.000178,0.000178,0.000178,0.002107,0.002202,0.002202,0.0,0.0,0.0,0.0,0.0,0.0,0.000129,0.000129,0.000129,0.025057,0.025057,0.025057,0.0,0.0,0.0
BBS_CA_173_LOCKWOOD_2015,2015-05-28,2015-06-10,0.0,0.0,0.0,0.0,0.0,0.0,0.0,0.0,0.0,0.0,0.0,0.0,0.0,0.0,0.0,0.0,0.0,0.0,0.0,0.0,0.0,0.0,0.0,0.0,0.0,0.0,0.0,0.0,0.0,0.0,0.0,0.0,0.0,0.0,0.0,0.0,0.0,0.0,0.0,0.0,0.0,0.0,0.0,0.0,0.0,0.0,0.0,0.0,0.0,0.0,0.0,0.0,0.0,0.0,0.0,0.0,0.0,0.0,0.0,0.0,0.0,0.0,0.0,0.0,0.0,0.0,0.0,0.0,0.0,0.0,0.0,0.0,0.0,0.0,0.0,0.0,0.0,0.0,4.1569,17.039,17.039,0.0,0.0,0.0,0.0,0.0,0.0,0.0,0.0,0.0,0.0,0.0,0.0,0.0,0.0,0.0,0.0,0.0,0.0,0.0,0.0,0.0,0.0,0.0,0.0,0.0,0.0,0.0,0.0,0.0,0.0,0.0,0.0,0.0,0.0,0.0,0.0,0.0,0.0,0.0,0.0,0.0,0.0,0.0,0.0,0.0,0.0,0.0,0.0,0.0,0.0,0.0,0.0,0.0,0.0,0.0,0.0,0.0,0.0,0.0,0.0,0.0,0.0,0.0,0.0,0.0,0.0,0.0,0.0,0.0,0.0,0.0,0.0,0.0,0.0,0.0,0.0,0.0,0.0,0.0,0.0,0.0,0.0,0.0,0.0,0.0,0.0,0.0,0.0,0.0,0.0,0.0,0.0,0.0,0.134092,0.549645,0.549645,0.0,0.0,0.0,0.0,0.0,0.0,0.0,0.0,0.0,0.0,0.0,0.0,0.0,0.0,0.0,0.0,0.0,0.0,0.0,0.0,0.0,0.0,0.0,0.0,0.0,0.0,0.0,0.0,0.0,0.0,0.0,0.0,0.0,0.0,0.0,0.0,0.0,0.0,0.0,0.0,0.0,0.0,0.0,0.0,0.0,0.0,0.0,0.0,0.0,0.0,0.0,0.0,0.0,0.0,0.0,0.0,0.0,0.0,0.0,0.0,0.0,0.0,0.0,0.0,0.0,0.0,0.0,0.0,0.0,0.0,0.0,0.0,0.0,0.0,0.0,0.0,0.0,0.0,0.0,0.0,0.0,0.0,0.0,0.0,0.0,0.0,0.0,0.0,0.0,0.0,0.0,0.0,0.0,4.9e-05,0.0002,0.0002,0.0,0.0,0.0,0.0,0.0,0.0,0.0,0.0,0.0,0.0,0.0,0.0,0.0,0.0,0.0
BBS_CA_173_LOCKWOOD_2016,2016-05-28,2016-06-10,0.0,0.0,0.0,0.0,0.0,0.0,0.0,0.0,0.0,0.0,0.0,0.0,0.0,0.0,0.0,0.0,0.0,0.0,0.0,0.0,0.0,0.0,0.0,0.0,0.0,0.0,0.0,0.0,0.0,0.0,0.0,0.0,0.0,0.0,0.0,0.0,0.0,0.0,0.0,0.0,0.0,0.0,0.0,0.0,0.0,0.0,0.0,0.0,0.0,0.0,0.0,0.0,0.0,0.0,0.0,0.0,0.0,0.0,0.0,0.0,0.0,0.0,0.0,0.0,0.0,0.0,0.0,0.0,0.0,0.0,0.0,0.0,0.0,0.0,0.0,0.0,0.0,0.0,31.4499,31.4499,31.4499,0.0,0.0,0.0,0.0,0.0,0.0,0.0,0.0,0.0,0.0,0.0,0.0,0.0,0.0,0.0,0.0,0.0,0.0,0.0,0.0,0.0,0.0,0.0,0.0,0.0,0.0,0.0,0.0,0.0,0.0,0.0,0.0,0.0,0.0,0.0,0.0,0.0,0.0,0.0,0.0,0.0,0.0,0.0,0.0,0.0,0.0,0.0,0.0,0.0,0.0,0.0,0.0,0.0,0.0,0.0,0.0,0.0,0.0,0.0,0.0,0.0,0.0,0.0,0.0,0.0,0.0,0.0,0.0,0.0,0.0,0.0,0.0,0.0,0.0,0.0,0.0,0.0,0.0,0.0,0.0,0.0,0.0,0.0,0.0,0.0,0.0,0.0,0.0,0.0,0.0,0.0,0.0,0.0,1.014513,1.014513,1.014513,0.0,0.0,0.0,0.0,0.0,0.0,0.0,0.0,0.0,0.0,0.0,0.0,0.0,0.0,0.0,0.0,0.0,0.0,0.0,0.0,0.0,0.0,0.0,0.0,0.0,0.0,0.0,0.0,0.0,0.0,0.0,0.0,0.0,0.0,0.0,0.0,0.0,0.0,0.0,0.0,0.0,0.0,0.0,0.0,0.0,0.0,0.0,0.0,0.0,0.0,0.0,0.0,0.0,0.0,0.0,0.0,0.0,0.0,0.0,0.0,0.0,0.0,0.0,0.0,0.0,0.0,0.0,0.0,0.0,0.0,0.0,0.0,0.0,0.0,0.0,0.0,0.0,0.0,0.0,0.0,0.0,0.0,0.0,0.0,0.0,0.0,0.0,0.0,0.0,0.0,0.0,0.0,0.0,0.00037,0.00037,0.00037,0.0,0.0,0.0,0.0,0.0,0.0,0.0,0.0,0.0,0.0,0.0,0.0,0.0,0.0,0.0
BBS_CA_173_LOCKWOOD_2017,2017-05-28,2017-06-10,0.0,0.0,0.0,0.0,0.0,0.0,0.0,0.0,0.0,0.0,0.0,0.0,0.0,0.0,0.0,0.0,0.0,0.0,0.0,0.0,0.0,0.0,0.0,0.0,0.0,0.0,0.0,0.0,0.0,0.0,0.0,0.0,0.0,0.0,0.0,0.0,0.0,0.0,0.0,0.0,0.0,0.0,0.0,0.0,0.0,0.0,0.0,0.0,0.0,0.0,0.0,0.0,0.0,0.0,0.0,0.0,0.0,0.0,0.0,0.0,0.0,0.0,0.0,0.0,0.0,0.0,0.0,0.0,0.0,0.0,0.0,0.0,0.0,0.0,0.0,0.0,0.0,0.0,37.6031,37.6031,37.6031,0.0,0.0,0.0,0.0,0.0,0.0,0.0,0.0,0.0,0.0,0.0,0.0,0.0,0.0,0.0,0.0,0.0,0.0,0.0,0.0,0.0,0.0,0.0,0.0,0.0,0.0,0.0,0.0,0.0,0.0,0.0,0.0,0.0,0.0,0.0,0.0,0.0,0.0,0.0,0.0,0.0,0.0,0.0,0.0,0.0,0.0,0.0,0.0,0.0,0.0,0.0,0.0,0.0,0.0,0.0,0.0,0.0,0.0,0.0,0.0,0.0,0.0,0.0,0.0,0.0,0.0,0.0,0.0,0.0,0.0,0.0,0.0,0.0,0.0,0.0,0.0,0.0,0.0,0.0,0.0,0.0,0.0,0.0,0.0,0.0,0.0,0.0,0.0,0.0,0.0,0.0,0.0,0.0,1.213004,1.213004,1.213004,0.0,0.0,0.0,0.0,0.0,0.0,0.0,0.0,0.0,0.0,0.0,0.0,0.0,0.0,0.0,0.0,0.0,0.0,0.0,0.0,0.0,0.0,0.0,0.0,0.0,0.0,0.0,0.0,0.0,0.0,0.0,0.0,0.0,0.0,0.0,0.0,0.0,0.0,0.0,0.0,0.0,0.0,0.0,0.0,0.0,0.0,0.0,0.0,0.0,0.0,0.0,0.0,0.0,0.0,0.0,0.0,0.0,0.0,0.0,0.0,0.0,0.0,0.0,0.0,0.0,0.0,0.0,0.0,0.0,0.0,0.0,0.0,0.0,0.0,0.0,0.0,0.0,0.0,0.0,0.0,0.0,0.0,0.0,0.0,0.0,0.0,0.0,0.0,0.0,0.0,0.0,0.0,0.0,0.000442,0.000442,0.000442,0.0,0.0,0.0,0.0,0.0,0.0,0.0,0.0,0.0,0.0,0.0,0.0,0.0,0.0,0.0
BBS_CA_173_LOCKWOOD_2018,2018-05-28,2018-06-10,0.0,0.0,0.0,0.0,0.0,0.0,0.0,0.0,0.0,0.0,0.0,0.0,0.0,0.0,0.0,0.0,0.0,0.0,0.0,0.0,0.0,0.0,0.0,0.0,0.0,0.0,0.0,0.0,0.0,0.0,0.0,0.0,0.0,0.0,0.0,0.0,0.0,0.0,0.0,0.0,0.0,0.0,0.0,0.0,0.0,0.0,0.0,0.0,0.0,0.0,0.0,0.0,0.0,0.0,0.0,0.0,0.0,0.0,0.0,0.0,0.0,0.0,0.0,0.0,0.0,0.0,0.0,0.0,0.0,0.0,0.0,0.0,0.0,0.0,0.0,0.0,0.0,0.0,33.1728,33.1728,33.1728,0.0,0.0,0.0,0.0,0.0,0.0,0.0,0.0,0.0,0.0,0.0,0.0,0.0,0.0,0.0,0.0,0.0,0.0,0.0,0.0,0.0,0.0,0.0,0.0,0.0,0.0,0.0,0.0,0.0,0.0,0.0,0.0,0.0,0.0,0.0,0.0,0.0,0.0,0.0,0.0,0.0,0.0,0.0,0.0,0.0,0.0,0.0,0.0,0.0,0.0,0.0,0.0,0.0,0.0,0.0,0.0,0.0,0.0,0.0,0.0,0.0,0.0,0.0,0.0,0.0,0.0,0.0,0.0,0.0,0.0,0.0,0.0,0.0,0.0,0.0,0.0,0.0,0.0,0.0,0.0,0.0,0.0,0.0,0.0,0.0,0.0,0.0,0.0,0.0,0.0,0.0,0.0,0.0,1.070091,1.070091,1.070091,0.0,0.0,0.0,0.0,0.0,0.0,0.0,0.0,0.0,0.0,0.0,0.0,0.0,0.0,0.0,0.0,0.0,0.0,0.0,0.0,0.0,0.0,0.0,0.0,0.0,0.0,0.0,0.0,0.0,0.0,0.0,0.0,0.0,0.0,0.0,0.0,0.0,0.0,0.0,0.0,0.0,0.0,0.0,0.0,0.0,0.0,0.0,0.0,0.0,0.0,0.0,0.0,0.0,0.0,0.0,0.0,0.0,0.0,0.0,0.0,0.0,0.0,0.0,0.0,0.0,0.0,0.0,0.0,0.0,0.0,0.0,0.0,0.0,0.0,0.0,0.0,0.0,0.0,0.0,0.0,0.0,0.0,0.0,0.0,0.0,0.0,0.0,0.0,0.0,0.0,0.0,0.0,0.0,0.00039,0.00039,0.00039,0.0,0.0,0.0,0.0,0.0,0.0,0.0,0.0,0.0,0.0,0.0,0.0,0.0,0.0,0.0
BBS_CA_173_LOCKWOOD_2019,2019-05-28,2019-06-10,0.0,0.0,0.0,0.0,0.0,0.0,0.0,0.0,0.0,0.0,0.0,0.0,0.0,0.0,0.0,0.0,0.0,0.0,0.0,0.0,0.0,0.0,0.0,0.0,0.0,0.0,0.0,0.0,0.0,0.0,0.0,0.0,0.0,0.0,0.0,0.0,0.0,0.0,0.0,0.0,0.0,0.0,0.0,0.0,0.0,0.0,0.0,0.0,0.0,0.0,0.0,0.0,0.0,0.0,0.0,0.0,0.0,0.0,0.0,0.0,0.0,0.0,0.0,0.0,0.0,0.0,0.0,4.4936,4.4936,0.0,0.0,0.0,0.0,0.0,0.0,0.0,0.0,0.0,0.0,0.0,0.0,0.0,0.0,0.0,0.0,0.0,0.0,0.0,0.0,0.0,1.1662,2.3324,2.3324,0.0,0.0,0.0,0.0,0.0,0.0,0.0,0.0,0.0,0.0,0.0,0.0,0.0,0.0,0.0,0.0,0.0,0.0,0.0,0.0,0.0,0.0,0.0,0.0,0.0,0.0,0.0,0.0,0.0,0.0,0.0,0.0,0.0,0.0,0.0,0.0,0.0,0.0,0.0,0.0,0.0,0.0,0.0,0.0,0.0,0.0,0.0,0.0,0.0,0.0,0.0,0.0,0.0,0.0,0.0,0.0,0.0,0.0,0.0,0.0,0.0,0.0,0.0,0.0,0.0,0.0,0.0,0.0,0.0,0.0,0.000459,0.000459,0.0,0.0,0.0,0.0,0.0,0.0,0.0,0.0,0.0,0.0,0.0,0.0,0.0,0.0,0.0,0.0,0.0,0.0,0.0,0.0,0.0,0.000518,0.001037,0.001037,0.0,0.0,0.0,0.0,0.0,0.0,0.0,0.0,0.0,0.0,0.0,0.0,0.0,0.0,0.0,0.0,0.0,0.0,0.0,0.0,0.0,0.0,0.0,0.0,0.0,0.0,0.0,0.0,0.0,0.0,0.0,0.0,0.0,0.0,0.0,0.0,0.0,0.0,0.0,0.0,0.0,0.0,0.0,0.0,0.0,0.0,0.0,0.0,0.0,0.0,0.0,0.0,0.0,0.0,0.0,0.0,0.0,0.0,0.0,0.0,0.0,0.0,0.0,0.0,0.0,0.0,0.0,0.0,0.0,0.0,7.489257,7.489257,0.0,0.0,0.0,0.0,0.0,0.0,0.0,0.0,0.0,0.0,0.0,0.0,0.0,0.0,0.0,0.0,0.0,0.0,0.0,0.0,0.0,0.005115,0.01023,0.01023,0.0,0.0,0.0
BBS_CA_173_LOCKWOOD_2020,2020-05-28,2020-06-10,0.0,0.0,0.0,0.0,0.0,0.0,0.0,0.0,0.0,0.0,0.0,0.0,0.0,0.0,0.0,0.0,0.0,0.0,0.0,0.0,0.0,0.0,0.0,0.0,0.0,0.0,0.0,0.0,0.0,0.0,0.0,0.0,0.0,0.0,0.0,0.0,0.0,0.0,0.0,0.0,0.0,0.0,0.0,0.0,0.0,0.0,0.0,0.0,0.0,0.0,0.0,0.0,0.0,0.0,0.0,0.0,0.0,0.0,0.0,0.0,0.0,0.0,0.0,0.0,0.0,0.0,4.9716,4.9716,4.9716,0.0,0.0,0.0,0.0,0.0,0.0,0.0,0.0,0.0,0.0,0.0,0.0,0.0,0.0,0.0,0.0,0.0,0.0,0.0,0.0,0.0,1.9437,1.9437,1.9437,0.0,0.0,0.0,0.0,0.0,0.0,0.0,0.0,0.0,0.0,0.0,0.0,0.0,0.0,0.0,0.0,0.0,0.0,0.0,0.0,0.0,0.0,0.0,0.0,0.0,0.0,0.0,0.0,0.0,0.0,0.0,0.0,0.0,0.0,0.0,0.0,0.0,0.0,0.0,0.0,0.0,0.0,0.0,0.0,0.0,0.0,0.0,0.0,0.0,0.0,0.0,0.0,0.0,0.0,0.0,0.0,0.0,0.0,0.0,0.0,0.0,0.0,0.0,0.0,0.0,0.0,0.0,0.0,0.0,0.000507,0.000507,0.000507,0.0,0.0,0.0,0.0,0.0,0.0,0.0,0.0,0.0,0.0,0.0,0.0,0.0,0.0,0.0,0.0,0.0,0.0,0.0,0.0,0.0,0.000864,0.000864,0.000864,0.0,0.0,0.0,0.0,0.0,0.0,0.0,0.0,0.0,0.0,0.0,0.0,0.0,0.0,0.0,0.0,0.0,0.0,0.0,0.0,0.0,0.0,0.0,0.0,0.0,0.0,0.0,0.0,0.0,0.0,0.0,0.0,0.0,0.0,0.0,0.0,0.0,0.0,0.0,0.0,0.0,0.0,0.0,0.0,0.0,0.0,0.0,0.0,0.0,0.0,0.0,0.0,0.0,0.0,0.0,0.0,0.0,0.0,0.0,0.0,0.0,0.0,0.0,0.0,0.0,0.0,0.0,0.0,0.0,8.286022,8.286022,8.286022,0.0,0.0,0.0,0.0,0.0,0.0,0.0,0.0,0.0,0.0,0.0,0.0,0.0,0.0,0.0,0.0,0.0,0.0,0.0,0.0,0.0,0.008525,0.008525,0.008525,0.0,0.0,0.0
BBS_CA_173_LOCKWOOD_2021,2021-05-28,2021-06-10,0.0,0.0,0.0,0.0,0.0,0.0,0.0,0.0,0.0,0.0,0.0,0.0,0.0,0.0,0.0,0.0,0.0,0.0,0.0,0.0,0.0,0.0,0.0,0.0,0.0,0.0,0.0,0.0,0.0,0.0,0.0,0.0,0.0,0.0,0.0,0.0,0.0,0.0,0.0,0.0,0.0,0.0,0.0,0.0,0.0,0.0,0.0,0.0,0.0,0.0,0.0,0.0,0.0,0.0,0.0,0.0,0.0,0.0,0.0,0.0,0.0,0.0,0.0,0.0,0.0,0.0,0.0,0.0,0.0,0.0,0.0,0.0,0.0,0.0,0.0,0.0,0.0,0.0,41.8618,41.8618,41.8618,0.0,0.0,0.0,0.0,0.0,0.0,0.0,0.0,0.0,0.0,0.0,0.0,0.0,0.0,0.0,0.0,0.0,0.0,0.0,0.0,0.0,0.0,0.0,0.0,0.0,0.0,0.0,0.0,0.0,0.0,0.0,0.0,0.0,0.0,0.0,0.0,0.0,0.0,0.0,0.0,0.0,0.0,0.0,0.0,0.0,0.0,0.0,0.0,0.0,0.0,0.0,0.0,0.0,0.0,0.0,0.0,0.0,0.0,0.0,0.0,0.0,0.0,0.0,0.0,0.0,0.0,0.0,0.0,0.0,0.0,0.0,0.0,0.0,0.0,0.0,0.0,0.0,0.0,0.0,0.0,0.0,0.0,0.0,0.0,0.0,0.0,0.0,0.0,0.0,0.0,0.0,0.0,0.0,1.350381,1.350381,1.350381,0.0,0.0,0.0,0.0,0.0,0.0,0.0,0.0,0.0,0.0,0.0,0.0,0.0,0.0,0.0,0.0,0.0,0.0,0.0,0.0,0.0,0.0,0.0,0.0,0.0,0.0,0.0,0.0,0.0,0.0,0.0,0.0,0.0,0.0,0.0,0.0,0.0,0.0,0.0,0.0,0.0,0.0,0.0,0.0,0.0,0.0,0.0,0.0,0.0,0.0,0.0,0.0,0.0,0.0,0.0,0.0,0.0,0.0,0.0,0.0,0.0,0.0,0.0,0.0,0.0,0.0,0.0,0.0,0.0,0.0,0.0,0.0,0.0,0.0,0.0,0.0,0.0,0.0,0.0,0.0,0.0,0.0,0.0,0.0,0.0,0.0,0.0,0.0,0.0,0.0,0.0,0.0,0.0,0.000492,0.000492,0.000492,0.0,0.0,0.0,0.0,0.0,0.0,0.0,0.0,0.0,0.0,0.0,0.0,0.0,0.0,0.0
BBS_CA_173_LOCKWOOD_2022,2022-05-28,2022-06-10,0.0,0.0,0.0,0.0,0.0,0.0,0.0,0.0,0.0,0.0,0.0,0.0,0.0,0.0,0.0,0.0,0.0,0.0,0.0,0.0,0.0,0.0,0.0,0.0,0.0,0.0,0.0,0.0,0.0,0.0,0.0,0.0,0.0,0.0,0.0,0.0,0.0,0.0,0.0,0.0,0.0,0.0,0.0,0.0,0.0,0.0,0.0,0.0,0.0,0.0,0.0,0.0,0.0,0.0,0.0,0.0,0.0,0.0,0.0,0.0,0.0,0.0,0.0,0.0,0.0,0.0,0.0,0.0,0.0,0.0,0.0,0.0,0.0,0.0,0.0,0.0,0.0,0.0,39.326,39.326,39.326,0.0,0.0,0.0,0.0,0.0,0.0,0.0,0.0,0.0,0.0,0.0,0.0,0.0,0.0,0.0,0.0,0.0,0.0,0.0,0.0,0.0,0.0,0.0,0.0,0.0,0.0,0.0,0.0,0.0,0.0,0.0,0.0,0.0,0.0,0.0,0.0,0.0,0.0,0.0,0.0,0.0,0.0,0.0,0.0,0.0,0.0,0.0,0.0,0.0,0.0,0.0,0.0,0.0,0.0,0.0,0.0,0.0,0.0,0.0,0.0,0.0,0.0,0.0,0.0,0.0,0.0,0.0,0.0,0.0,0.0,0.0,0.0,0.0,0.0,0.0,0.0,0.0,0.0,0.0,0.0,0.0,0.0,0.0,0.0,0.0,0.0,0.0,0.0,0.0,0.0,0.0,0.0,0.0,1.268582,1.268582,1.268582,0.0,0.0,0.0,0.0,0.0,0.0,0.0,0.0,0.0,0.0,0.0,0.0,0.0,0.0,0.0,0.0,0.0,0.0,0.0,0.0,0.0,0.0,0.0,0.0,0.0,0.0,0.0,0.0,0.0,0.0,0.0,0.0,0.0,0.0,0.0,0.0,0.0,0.0,0.0,0.0,0.0,0.0,0.0,0.0,0.0,0.0,0.0,0.0,0.0,0.0,0.0,0.0,0.0,0.0,0.0,0.0,0.0,0.0,0.0,0.0,0.0,0.0,0.0,0.0,0.0,0.0,0.0,0.0,0.0,0.0,0.0,0.0,0.0,0.0,0.0,0.0,0.0,0.0,0.0,0.0,0.0,0.0,0.0,0.0,0.0,0.0,0.0,0.0,0.0,0.0,0.0,0.0,0.0,0.000463,0.000463,0.000463,0.0,0.0,0.0,0.0,0.0,0.0,0.0,0.0,0.0,0.0,0.0,0.0,0.0,0.0,0.0
BBS_CA_173_LOCKWOOD_2023,2023-05-28,2023-06-10,0.0,0.0,0.0,0.0,0.0,0.0,0.0,0.0,0.0,0.0,0.0,0.0,0.0,0.0,0.0,0.0,0.0,0.0,0.0,0.0,0.0,0.0,0.0,0.0,0.0,0.0,0.0,0.0,0.0,0.0,0.0,0.0,0.0,0.0,0.0,0.0,0.0,0.0,0.0,0.0,0.0,0.0,0.0,0.0,0.0,0.0,0.0,0.0,0.0,0.0,0.0,0.0,0.0,0.0,0.0,0.0,0.0,0.0,0.0,0.0,0.0,0.0,0.0,0.0,0.0,0.0,0.0,0.0,0.0,0.0,0.0,0.0,0.0,0.0,0.0,0.0,0.0,0.0,37.6031,37.6031,37.6031,0.0,0.0,0.0,0.0,0.0,0.0,0.0,0.0,0.0,0.0,0.0,0.0,0.0,0.0,0.0,0.0,0.0,0.0,0.0,0.0,0.0,0.0,0.0,0.0,0.0,0.0,0.0,0.0,0.0,0.0,0.0,0.0,0.0,0.0,0.0,0.0,0.0,0.0,0.0,0.0,0.0,0.0,0.0,0.0,0.0,0.0,0.0,0.0,0.0,0.0,0.0,0.0,0.0,0.0,0.0,0.0,0.0,0.0,0.0,0.0,0.0,0.0,0.0,0.0,0.0,0.0,0.0,0.0,0.0,0.0,0.0,0.0,0.0,0.0,0.0,0.0,0.0,0.0,0.0,0.0,0.0,0.0,0.0,0.0,0.0,0.0,0.0,0.0,0.0,0.0,0.0,0.0,0.0,1.213004,1.213004,1.213004,0.0,0.0,0.0,0.0,0.0,0.0,0.0,0.0,0.0,0.0,0.0,0.0,0.0,0.0,0.0,0.0,0.0,0.0,0.0,0.0,0.0,0.0,0.0,0.0,0.0,0.0,0.0,0.0,0.0,0.0,0.0,0.0,0.0,0.0,0.0,0.0,0.0,0.0,0.0,0.0,0.0,0.0,0.0,0.0,0.0,0.0,0.0,0.0,0.0,0.0,0.0,0.0,0.0,0.0,0.0,0.0,0.0,0.0,0.0,0.0,0.0,0.0,0.0,0.0,0.0,0.0,0.0,0.0,0.0,0.0,0.0,0.0,0.0,0.0,0.0,0.0,0.0,0.0,0.0,0.0,0.0,0.0,0.0,0.0,0.0,0.0,0.0,0.0,0.0,0.0,0.0,0.0,0.0,0.000442,0.000442,0.000442,0.0,0.0,0.0,0.0,0.0,0.0,0.0,0.0,0.0,0.0,0.0,0.0,0.0,0.0,0.0
BBS_CA_186_MARK_WEST_2015,2015-05-28,2015-06-10,0.0,0.0,0.0,0.0,0.0,0.0,0.0,0.0,0.0,0.0,0.0,0.0,0.0,0.0,0.0,0.0,0.0,0.0,0.0,0.0,0.0,0.0,0.0,0.0,0.0,0.0,0.0,0.0,0.0,0.0,0.0,0.0,0.0,0.0,0.0,0.0,0.0,0.0,0.0,0.0,0.0,0.0,0.0,0.0,0.0,0.0,0.0,0.0,0.0,0.0,0.0,0.0,0.0,0.0,0.0,0.0,0.0,0.0,0.0,0.0,0.0,0.0,0.0,0.0,0.0,0.0,0.0,0.0,0.0,0.0,0.0,0.0,0.0,0.0,0.0,0.0,0.0,0.0,0.0,10.7816,10.7816,0.0,0.0,0.0,0.0,0.0,0.0,0.0,0.0,0.0,0.0,0.0,0.0,0.0,0.0,0.0,0.0,0.0,0.0,0.0,0.0,0.0,0.0,0.0,0.0,0.0,0.0,0.0,0.0,0.0,0.0,0.0,0.0,0.0,0.0,0.0,0.0,0.0,0.0,0.0,0.0,0.0,0.0,0.0,0.0,0.0,0.0,0.0,0.0,0.0,0.0,0.0,0.0,0.0,0.0,0.0,0.0,0.0,0.0,0.0,0.0,0.0,0.0,0.0,0.0,0.0,0.0,0.0,0.0,0.0,0.0,0.0,0.0,0.0,0.0,0.0,0.0,0.0,0.0,0.0,0.0,0.0,0.0,0.0,0.0,0.0,0.0,0.0,0.0,0.0,0.0,0.0,0.0,0.0,0.0,0.347793,0.347793,0.0,0.0,0.0,0.0,0.0,0.0,0.0,0.0,0.0,0.0,0.0,0.0,0.0,0.0,0.0,0.0,0.0,0.0,0.0,0.0,0.0,0.0,0.0,0.0,0.0,0.0,0.0,0.0,0.0,0.0,0.0,0.0,0.0,0.0,0.0,0.0,0.0,0.0,0.0,0.0,0.0,0.0,0.0,0.0,0.0,0.0,0.0,0.0,0.0,0.0,0.0,0.0,0.0,0.0,0.0,0.0,0.0,0.0,0.0,0.0,0.0,0.0,0.0,0.0,0.0,0.0,0.0,0.0,0.0,0.0,0.0,0.0,0.0,0.0,0.0,0.0,0.0,0.0,0.0,0.0,0.0,0.0,0.0,0.0,0.0,0.0,0.0,0.0,0.0,0.0,0.0,0.0,0.0,0.0,0.000127,0.000127,0.0,0.0,0.0,0.0,0.0,0.0,0.0,0.0,0.0,0.0,0.0,0.0,0.0,0.0,0.0
BBS_CA_186_MARK_WEST_2017,2017-05-28,2017-06-10,0.0,0.0,0.0,0.0,0.0,0.0,0.0,0.0,0.0,0.0,0.0,0.0,0.0,0.0,0.0,0.0,0.0,0.0,0.0,0.0,0.0,0.0,0.0,0.0,0.0,0.0,0.0,0.0,0.0,0.0,0.0,0.0,0.0,0.0,0.0,0.0,0.0,0.0,0.0,0.0,0.0,0.0,0.0,0.0,0.0,0.0,0.0,0.0,0.0,0.0,0.0,0.0,0.0,0.0,0.8621,1.1756,1.1756,0.0,0.0,0.0,0.0,0.0,0.0,0.0,0.0,0.0,0.0,0.0,0.0,0.0,0.0,0.0,0.0,0.0,0.0,0.0,0.0,0.0,0.0,0.0,0.0,0.0,0.0,0.0,0.0,0.0,0.0,0.0,0.0,0.0,0.0,0.0,0.0,0.0,0.0,0.0,0.0,0.0,0.0,0.0,0.0,0.0,0.0,0.0,0.0,0.0,0.0,0.0,0.0,0.0,0.0,0.0,0.0,0.0,0.0,0.0,0.0,0.0,0.0,0.0,0.0,0.0,0.0,0.0,0.0,0.0,0.0,0.0,0.0,0.0,0.0,0.0,0.0,0.0,0.0,0.0,0.0,0.0,0.0,0.0,0.0,0.0,0.0,0.0,0.0,0.0,0.0,0.0,0.0,0.0,0.008797,0.011995,0.011995,0.0,0.0,0.0,0.0,0.0,0.0,0.0,0.0,0.0,0.0,0.0,0.0,0.0,0.0,0.0,0.0,0.0,0.0,0.0,0.0,0.0,0.0,0.0,0.0,0.0,0.0,0.0,0.0,0.0,0.0,0.0,0.0,0.0,0.0,0.0,0.0,0.0,0.0,0.0,0.0,0.0,0.0,0.0,0.0,0.0,0.0,0.0,0.0,0.0,0.0,0.0,0.0,0.0,0.0,0.0,0.0,0.0,0.0,0.0,0.0,0.0,0.0,0.0,0.0,0.0,0.0,0.0,0.0,0.0,0.0,0.0,0.0,0.0,0.0,0.0,0.0,0.0,0.0,0.0,0.0,0.0,0.0,0.0,0.0,0.0,0.0,0.0,0.0,0.0,0.0,0.0,0.0,0.0,1.7e-05,2.4e-05,2.4e-05,0.0,0.0,0.0,0.0,0.0,0.0,0.0,0.0,0.0,0.0,0.0,0.0,0.0,0.0,0.0,0.0,0.0,0.0,0.0,0.0,0.0,0.0,0.0,0.0,0.0,0.0,0.0,0.0,0.0,0.0,0.0,0.0,0.0,0.0,0.0,0.0,0.0,0.0,0.0
BBS_CA_186_MARK_WEST_2018,2018-05-28,2018-06-10,0.0,0.0,0.0,0.0,0.0,0.0,0.0,0.0,0.0,0.0,0.0,0.0,0.0,0.0,0.0,0.0,0.0,0.0,0.0,0.0,0.0,0.0,0.0,0.0,0.0,0.0,0.0,0.0,0.0,0.0,0.0,0.0,0.0,0.0,0.0,0.0,0.0,0.0,0.0,0.0,0.0,0.0,0.0,0.0,0.0,0.0,0.0,0.0,0.0,0.0,0.0,0.0,0.0,0.0,1.4107,1.4107,1.4107,0.0,0.0,0.0,0.0,0.0,0.0,0.0,0.0,0.0,0.0,0.0,0.0,0.0,0.0,0.0,0.0,0.0,0.0,0.0,0.0,0.0,0.9103,1.0556,1.0556,0.0,0.0,0.0,0.0,0.0,0.0,0.0,0.0,0.0,0.0,0.0,0.0,0.0,0.0,0.0,0.0,0.0,0.0,0.0,0.0,0.0,0.0,0.0,0.0,0.0,0.0,0.0,0.0,0.0,0.0,0.0,0.0,0.0,0.0,0.0,0.0,0.0,0.0,0.0,0.0,0.0,0.0,0.0,0.0,0.0,0.0,0.0,0.0,0.0,0.0,0.0,0.0,0.0,0.0,0.0,0.0,0.0,0.0,0.0,0.0,0.0,0.0,0.0,0.0,0.0,0.0,0.0,0.0,0.0,0.014395,0.014395,0.014395,0.0,0.0,0.0,0.0,0.0,0.0,0.0,0.0,0.0,0.0,0.0,0.0,0.0,0.0,0.0,0.0,0.0,0.0,0.0,0.0,0.0,0.029365,0.034052,0.034052,0.0,0.0,0.0,0.0,0.0,0.0,0.0,0.0,0.0,0.0,0.0,0.0,0.0,0.0,0.0,0.0,0.0,0.0,0.0,0.0,0.0,0.0,0.0,0.0,0.0,0.0,0.0,0.0,0.0,0.0,0.0,0.0,0.0,0.0,0.0,0.0,0.0,0.0,0.0,0.0,0.0,0.0,0.0,0.0,0.0,0.0,0.0,0.0,0.0,0.0,0.0,0.0,0.0,0.0,0.0,0.0,0.0,0.0,0.0,0.0,0.0,0.0,0.0,0.0,0.0,0.0,0.0,0.0,0.0,2.8e-05,2.8e-05,2.8e-05,0.0,0.0,0.0,0.0,0.0,0.0,0.0,0.0,0.0,0.0,0.0,0.0,0.0,0.0,0.0,0.0,0.0,0.0,0.0,0.0,0.0,1.1e-05,1.2e-05,1.2e-05,0.0,0.0,0.0,0.0,0.0,0.0,0.0,0.0,0.0,0.0,0.0,0.0,0.0,0.0,0.0
BBS_CA_186_MARK_WEST_2019,2019-05-28,2019-06-10,0.0,0.0,0.0,0.0,0.0,0.0,0.0,0.0,0.0,0.0,0.0,0.0,0.0,0.0,0.0,0.0,0.0,0.0,0.0,0.0,0.0,0.0,0.0,0.0,0.0,0.0,0.0,0.0,0.0,0.0,0.0,0.0,0.0,0.0,0.0,0.0,0.0,0.0,0.0,0.0,0.0,0.0,0.0,0.0,0.0,0.0,0.0,0.0,0.0,0.0,0.0,0.0,0.0,0.0,1.1756,1.1756,1.1756,0.0,0.0,0.0,0.0,0.0,0.0,0.0,0.0,0.0,0.0,0.0,0.0,0.0,0.0,0.0,0.0,0.0,0.0,0.0,0.0,0.0,0.0,0.2765,0.2765,0.0,0.0,0.0,0.0,0.0,0.0,0.0,0.0,0.0,0.0,0.0,0.0,0.0,0.0,0.0,0.0,0.0,0.0,0.0,0.0,0.0,0.0,0.0,0.0,0.0,0.0,0.0,0.0,0.0,0.0,0.0,0.0,0.0,0.0,0.0,0.0,0.0,0.0,0.0,0.0,0.0,0.0,0.0,0.0,0.0,0.0,0.0,0.0,0.0,0.0,0.0,0.0,0.0,0.0,0.0,0.0,0.0,0.0,0.0,0.0,0.0,0.0,0.0,0.0,0.0,0.0,0.0,0.0,0.0,0.011995,0.011995,0.011995,0.0,0.0,0.0,0.0,0.0,0.0,0.0,0.0,0.0,0.0,0.0,0.0,0.0,0.0,0.0,0.0,0.0,0.0,0.0,0.0,0.0,0.0,0.004753,0.004753,0.0,0.0,0.0,0.0,0.0,0.0,0.0,0.0,0.0,0.0,0.0,0.0,0.0,0.0,0.0,0.0,0.0,0.0,0.0,0.0,0.0,0.0,0.0,0.0,0.0,0.0,0.0,0.0,0.0,0.0,0.0,0.0,0.0,0.0,0.0,0.0,0.0,0.0,0.0,0.0,0.0,0.0,0.0,0.0,0.0,0.0,0.0,0.0,0.0,0.0,0.0,0.0,0.0,0.0,0.0,0.0,0.0,0.0,0.0,0.0,0.0,0.0,0.0,0.0,0.0,0.0,0.0,0.0,0.0,2.4e-05,2.4e-05,2.4e-05,0.0,0.0,0.0,0.0,0.0,0.0,0.0,0.0,0.0,0.0,0.0,0.0,0.0,0.0,0.0,0.0,0.0,0.0,0.0,0.0,0.0,0.0,2e-06,2e-06,0.0,0.0,0.0,0.0,0.0,0.0,0.0,0.0,0.0,0.0,0.0,0.0,0.0,0.0,0.0
BBS_CA_186_MARK_WEST_2020,2020-05-28,2020-06-10,0.0,0.0,0.0,0.0,0.0,0.0,0.0,0.0,0.0,0.0,0.0,0.0,0.0,0.0,0.0,0.0,0.0,0.0,0.0,0.0,0.0,0.0,0.0,0.0,0.0,0.0,0.0,0.0,0.0,0.0,0.0,0.0,0.0,0.0,0.0,0.0,0.0,0.0,0.0,0.0,0.0,0.0,0.0,0.0,0.0,0.0,0.0,0.0,0.0,0.0,0.0,0.0,0.0,0.0,0.0,0.2365,0.2365,0.0,0.0,0.0,0.0,0.0,0.0,0.0,0.0,0.0,0.0,0.0,0.0,0.0,0.0,0.0,0.0,0.0,0.0,0.0,0.0,0.0,35.9744,36.1156,36.1156,0.0,0.0,0.0,0.0,0.0,0.0,0.0,0.0,0.0,0.0,0.0,0.0,0.0,0.0,0.0,0.0,0.0,0.0,0.0,0.0,0.0,0.0,0.0,0.0,0.0,0.0,0.0,0.0,0.0,0.0,0.0,0.0,0.0,0.0,0.0,0.0,0.0,0.0,0.0,0.0,0.0,0.0,0.0,0.0,0.0,0.0,0.0,0.0,0.0,0.0,0.0,0.0,0.0,0.0,0.0,0.0,0.0,0.0,0.0,0.0,0.0,0.0,0.0,0.0,0.0,0.0,0.0,0.0,0.0,0.0,0.002413,0.002413,0.0,0.0,0.0,0.0,0.0,0.0,0.0,0.0,0.0,0.0,0.0,0.0,0.0,0.0,0.0,0.0,0.0,0.0,0.0,0.0,0.0,1.157047,1.158474,1.158474,0.0,0.0,0.0,0.0,0.0,0.0,0.0,0.0,0.0,0.0,0.0,0.0,0.0,0.0,0.0,0.0,0.0,0.0,0.0,0.0,0.0,0.0,0.0,0.0,0.0,0.0,0.0,0.0,0.0,0.0,0.0,0.0,0.0,0.0,0.0,0.0,0.0,0.0,0.0,0.0,0.0,0.0,0.0,0.0,0.0,0.0,0.0,0.0,0.0,0.0,0.0,0.0,0.0,0.0,0.0,0.0,0.0,0.0,0.0,0.0,0.0,0.0,0.0,0.0,0.0,0.0,0.0,0.0,0.0,0.0,5e-06,5e-06,0.0,0.0,0.0,0.0,0.0,0.0,0.0,0.0,0.0,0.0,0.0,0.0,0.0,0.0,0.0,0.0,0.0,0.0,0.0,0.0,0.0,0.000422,0.000423,0.000423,0.0,0.0,0.0,0.0,0.0,0.0,0.0,0.0,0.0,0.0,0.0,0.0,0.0,0.0,0.0
BBS_CA_186_MARK_WEST_2021,2021-05-28,2021-06-10,0.0,0.0,0.0,0.0,0.0,0.0,0.0,0.0,0.0,0.0,0.0,0.0,0.0,0.0,0.0,0.0,0.0,0.0,0.0,0.0,0.0,0.0,0.0,0.0,0.0,0.0,0.0,0.0,0.0,0.0,0.0,0.0,0.0,0.0,0.0,0.0,0.0,0.0,0.0,0.0,0.0,0.0,0.0,0.0,0.0,0.0,0.0,0.0,0.0,0.0,0.0,0.0,0.0,0.0,0.2204,0.4568,0.4568,0.0,0.0,0.0,0.0,0.0,0.0,0.0,0.0,0.0,0.0,0.0,0.0,0.0,0.0,0.0,0.0,0.0,0.0,0.0,0.0,0.0,0.0,0.2563,0.2563,0.0,0.0,0.0,0.0,0.0,0.0,0.0,0.0,0.0,0.0,0.0,0.0,0.0,0.0,0.0,0.0,0.0,0.0,0.0,0.0,0.0,0.0,0.0,0.0,0.0,0.0,0.0,0.0,0.0,0.0,0.0,0.0,0.0,0.0,0.0,0.0,0.0,0.0,0.0,0.0,0.0,0.0,0.0,0.0,0.0,0.0,0.0,0.0,0.0,0.0,0.0,0.0,0.0,0.0,0.0,0.0,0.0,0.0,0.0,0.0,0.0,0.0,0.0,0.0,0.0,0.0,0.0,0.0,0.0,0.002249,0.004662,0.004662,0.0,0.0,0.0,0.0,0.0,0.0,0.0,0.0,0.0,0.0,0.0,0.0,0.0,0.0,0.0,0.0,0.0,0.0,0.0,0.0,0.0,0.0,0.008268,0.008268,0.0,0.0,0.0,0.0,0.0,0.0,0.0,0.0,0.0,0.0,0.0,0.0,0.0,0.0,0.0,0.0,0.0,0.0,0.0,0.0,0.0,0.0,0.0,0.0,0.0,0.0,0.0,0.0,0.0,0.0,0.0,0.0,0.0,0.0,0.0,0.0,0.0,0.0,0.0,0.0,0.0,0.0,0.0,0.0,0.0,0.0,0.0,0.0,0.0,0.0,0.0,0.0,0.0,0.0,0.0,0.0,0.0,0.0,0.0,0.0,0.0,0.0,0.0,0.0,0.0,0.0,0.0,0.0,0.0,4e-06,9e-06,9e-06,0.0,0.0,0.0,0.0,0.0,0.0,0.0,0.0,0.0,0.0,0.0,0.0,0.0,0.0,0.0,0.0,0.0,0.0,0.0,0.0,0.0,0.0,3e-06,3e-06,0.0,0.0,0.0,0.0,0.0,0.0,0.0,0.0,0.0,0.0,0.0,0.0,0.0,0.0,0.0
BBS_CA_186_MARK_WEST_2022,2022-05-28,2022-06-10,0.0,0.0,0.0,0.0,0.0,0.0,0.0,0.0,0.0,0.0,0.0,0.0,0.0,0.0,0.0,0.0,0.0,0.0,0.0,0.0,0.0,0.0,0.0,0.0,0.0,0.0,0.0,0.0,0.0,0.0,0.0,0.0,0.0,0.0,0.0,0.0,0.0,0.0,0.0,0.0,0.0,0.0,0.0,0.0,0.0,0.0,0.0,0.0,0.0,0.0,0.0,0.0,0.0,0.0,0.0,0.2365,0.2365,0.0,0.0,0.0,0.0,0.0,0.0,0.0,0.0,0.0,0.0,0.0,0.0,0.0,0.0,0.0,0.0,0.0,0.0,0.0,0.0,0.0,0.0,0.0,0.0,0.0,0.0,0.0,0.0,0.0,0.0,0.0,0.0,0.0,0.0,0.0,0.0,0.0,0.0,0.0,0.0,0.0,0.0,0.0,0.0,0.0,0.0,0.0,0.0,0.0,0.0,0.0,0.0,0.0,0.0,0.0,0.0,0.0,0.0,0.0,0.0,0.0,0.0,0.0,0.0,0.0,0.0,0.0,0.0,0.0,0.0,0.0,0.0,0.0,0.0,0.0,0.0,0.0,0.0,0.0,0.0,0.0,0.0,0.0,0.0,0.0,0.0,0.0,0.0,0.0,0.0,0.0,0.0,0.0,0.0,0.002413,0.002413,0.0,0.0,0.0,0.0,0.0,0.0,0.0,0.0,0.0,0.0,0.0,0.0,0.0,0.0,0.0,0.0,0.0,0.0,0.0,0.0,0.0,0.0,0.0,0.0,0.0,0.0,0.0,0.0,0.0,0.0,0.0,0.0,0.0,0.0,0.0,0.0,0.0,0.0,0.0,0.0,0.0,0.0,0.0,0.0,0.0,0.0,0.0,0.0,0.0,0.0,0.0,0.0,0.0,0.0,0.0,0.0,0.0,0.0,0.0,0.0,0.0,0.0,0.0,0.0,0.0,0.0,0.0,0.0,0.0,0.0,0.0,0.0,0.0,0.0,0.0,0.0,0.0,0.0,0.0,0.0,0.0,0.0,0.0,0.0,0.0,0.0,0.0,0.0,0.0,0.0,0.0,0.0,0.0,0.0,5e-06,5e-06,0.0,0.0,0.0,0.0,0.0,0.0,0.0,0.0,0.0,0.0,0.0,0.0,0.0,0.0,0.0,0.0,0.0,0.0,0.0,0.0,0.0,0.0,0.0,0.0,0.0,0.0,0.0,0.0,0.0,0.0,0.0,0.0,0.0,0.0,0.0,0.0,0.0,0.0,0.0
BBS_CA_186_MARK_WEST_2023,2023-05-28,2023-06-10,0.0,0.0,0.0,0.0,0.0,0.0,0.0,0.0,0.0,0.0,0.0,0.0,0.0,0.0,0.0,0.0,0.0,0.0,0.0,0.0,0.0,0.0,0.0,0.0,0.0,0.0,0.0,0.0,0.0,0.0,0.0,0.0,0.0,0.0,0.0,0.0,0.0,0.0,0.0,0.0,0.0,0.0,0.0,0.0,0.0,0.0,0.0,0.0,0.0,0.0,0.0,0.0,0.0,0.0,0.2365,0.2365,0.2365,0.0,0.0,0.0,0.0,0.0,0.0,0.0,0.0,0.0,0.0,0.0,0.0,0.0,0.0,0.0,0.0,0.0,0.0,0.0,0.0,0.0,0.7716,0.7716,0.7716,0.0,0.0,0.0,0.0,0.0,0.0,0.0,0.0,0.0,0.0,0.0,0.0,0.0,0.0,0.0,0.0,0.0,0.0,0.0,0.0,0.0,0.0,0.0,0.0,0.0,0.0,0.0,0.0,0.0,0.0,0.0,0.0,0.0,0.0,0.0,0.0,0.0,0.0,0.0,0.0,0.0,0.0,0.0,0.0,0.0,0.0,0.0,0.0,0.0,0.0,0.0,0.0,0.0,0.0,0.0,0.0,0.0,0.0,0.0,0.0,0.0,0.0,0.0,0.0,0.0,0.0,0.0,0.0,0.0,0.002413,0.002413,0.002413,0.0,0.0,0.0,0.0,0.0,0.0,0.0,0.0,0.0,0.0,0.0,0.0,0.0,0.0,0.0,0.0,0.0,0.0,0.0,0.0,0.0,0.00134,0.00134,0.00134,0.0,0.0,0.0,0.0,0.0,0.0,0.0,0.0,0.0,0.0,0.0,0.0,0.0,0.0,0.0,0.0,0.0,0.0,0.0,0.0,0.0,0.0,0.0,0.0,0.0,0.0,0.0,0.0,0.0,0.0,0.0,0.0,0.0,0.0,0.0,0.0,0.0,0.0,0.0,0.0,0.0,0.0,0.0,0.0,0.0,0.0,0.0,0.0,0.0,0.0,0.0,0.0,0.0,0.0,0.0,0.0,0.0,0.0,0.0,0.0,0.0,0.0,0.0,0.0,0.0,0.0,0.0,0.0,0.0,5e-06,5e-06,5e-06,0.0,0.0,0.0,0.0,0.0,0.0,0.0,0.0,0.0,0.0,0.0,0.0,0.0,0.0,0.0,0.0,0.0,0.0,0.0,0.0,0.0,8e-06,8e-06,8e-06,0.0,0.0,0.0,0.0,0.0,0.0,0.0,0.0,0.0,0.0,0.0,0.0,0.0,0.0,0.0
BBS_CA_187_ZAMORA_2015,2015-05-28,2015-06-10,16.2527,29.8595,73.9307,56.2015,98.3275,229.5243,135.863,307.5424,441.5424,3.6881,7.4544,19.2505,0.0,0.0,0.0,0.0,5.2594,5.2594,0.4557,40.3812,40.3812,0.0,0.0,0.0,0.0,0.0,0.0,0.0,0.0,0.0,0.0,0.0,0.0,0.0,0.0,0.0,0.0,0.0,0.0,0.0,0.0,0.0,0.0,0.0,0.0,0.0,0.0,0.0,0.0,0.0,0.0,0.0,0.4775,0.4775,0.0,4.218,4.218,0.0,0.0,0.0,2.7247,3.3101,3.3101,11.3509,13.4394,14.116,49.0235,72.233,88.6538,0.5988,0.761,0.761,0.0,9.7588,22.1785,0.0,28.5955,69.5846,1.453,31.5282,104.9107,0.0,2.6747,5.9989,0.0,0.0,0.0,0.0,0.0,0.0,0.2394,0.2394,0.2394,0.0,0.0,0.0,0.008126,0.01493,0.036965,0.028101,0.142741,0.20834,18.936917,19.849408,19.916408,0.001844,0.003727,0.009625,0.0,0.0,0.0,0.0,0.00263,0.00263,0.000203,0.020165,0.020165,0.0,0.0,0.0,0.0,0.0,0.0,0.0,0.0,0.0,0.0,0.0,0.0,0.0,0.0,0.0,0.0,0.0,0.0,0.0,0.0,0.0,0.0,0.0,0.0,0.0,0.0,0.0,0.0,0.0,0.0,0.0,0.004872,0.004872,0.0,0.043041,0.043041,0.0,0.0,0.0,0.00069,0.000838,0.000838,0.002874,0.003448,0.003619,0.01354,0.025731,0.029888,0.000152,0.000193,0.000193,0.0,0.314799,0.715435,0.0,0.922435,2.244663,0.015631,0.958146,3.325324,0.0,0.08628,0.193514,0.0,0.0,0.0,0.0,0.0,0.0,0.000106,0.000106,0.000106,0.0,0.0,0.0,2.175724,3.997258,9.897013,7.523627,13.157732,30.7209,10.380336,33.316479,51.254899,0.493728,0.997917,2.577039,0.0,0.0,0.0,0.0,0.087657,0.087657,0.039282,0.704708,0.704708,0.0,0.0,0.0,0.0,0.0,0.0,0.0,0.0,0.0,0.0,0.0,0.0,0.0,0.0,0.0,0.0,0.0,0.0,0.0,0.0,0.0,0.0,0.0,0.0,0.0,0.0,0.0,0.0,0.0,0.0,0.0,1e-05,1e-05,0.0,8.5e-05,8.5e-05,0.0,0.0,0.0,11.846662,14.391687,14.391687,49.351594,58.374699,61.316384,230.017608,322.936539,394.331267,2.603568,3.30859,3.30859,0.0,0.000115,0.000261,0.0,0.000336,0.000819,1.5e-05,0.000368,0.001231,0.0,3.1e-05,7.1e-05,0.0,0.0,0.0,0.0,0.0,0.0,0.00105,0.00105,0.00105,0.0,0.0,0.0
BBS_CA_187_ZAMORA_2016,2016-05-28,2016-06-10,0.1271,0.1271,0.1271,0.4397,0.4397,0.4397,6.457,63.0816,100.5816,0.0289,0.0289,0.0289,0.0,0.0,0.0,5.212,5.212,5.212,40.2342,40.2342,40.2342,0.0,0.0,0.0,0.0,0.0,0.0,0.0,0.0,0.0,0.0,0.0,0.0,0.0,0.0,0.0,0.0,0.0,0.0,0.0,0.0,8.6173,0.0,0.0,107.7467,0.0,0.0,0.0,0.0,0.0,0.0,0.0,0.0,0.0,0.0,0.0,0.0,0.0,0.0,0.0,0.0,0.0,0.0,3.638,3.638,4.9492,103.4914,105.3512,131.2409,0.0,0.0,0.0,0.0,3.8445,12.9818,0.199,12.6699,42.0676,12.3318,39.1821,81.1722,0.0,1.029,3.4747,0.0,0.0,0.0,0.0,0.0,0.0,0.4216,0.8432,0.8432,0.0,0.0,0.0,6.4e-05,6.4e-05,6.4e-05,0.00022,0.00022,0.00022,0.003229,0.031541,0.050291,1.4e-05,1.4e-05,1.4e-05,0.0,0.0,0.0,0.002606,0.002606,0.002606,0.02008,0.02008,0.02008,0.0,0.0,0.0,0.0,0.0,0.0,0.0,0.0,0.0,0.0,0.0,0.0,0.0,0.0,0.0,0.0,0.0,0.0,0.0,0.0,0.024004,0.0,0.0,22.17228,0.0,0.0,0.0,0.0,0.0,0.0,0.0,0.0,0.0,0.0,0.0,0.0,0.0,0.0,0.0,0.0,0.0,0.0,0.001889,0.001889,0.002221,0.053218,0.053693,0.060247,0.0,0.0,0.0,0.0,0.124016,0.418768,0.000345,0.402634,1.350946,0.021409,0.857617,2.212136,0.0,0.033194,0.112087,0.0,0.0,0.0,0.0,0.0,0.0,0.000187,0.000375,0.000375,0.0,0.0,0.0,0.017021,0.017021,0.017021,0.058858,0.058858,0.058858,0.864395,8.444662,13.464742,0.003862,0.003862,0.003862,0.0,0.0,0.0,0.086867,0.086867,0.086867,0.717045,0.717045,0.717045,0.0,0.0,0.0,0.0,0.0,0.0,0.0,0.0,0.0,0.0,0.0,0.0,0.0,0.0,0.0,0.0,0.0,0.0,0.0,0.0,12.310402,0.0,0.0,140.371243,0.0,0.0,0.0,0.0,0.0,0.0,0.0,0.0,0.0,0.0,0.0,0.0,0.0,0.0,0.0,0.0,0.0,0.0,30.995483,30.995483,36.696361,869.454769,877.536582,990.100418,0.0,0.0,0.0,0.0,4.5e-05,0.000153,2e-06,0.000149,0.000495,0.000123,0.000437,0.000931,0.0,1.2e-05,4.1e-05,0.0,0.0,0.0,0.0,0.0,0.0,0.001849,0.003698,0.003698,0.0,0.0,0.0
BBS_CA_187_ZAMORA_2017,2017-05-28,2017-06-10,8.2922,8.2922,8.2922,32.8265,32.8265,32.8265,90.681,90.681,90.681,1.8817,1.8817,1.8817,0.0,0.0,0.6619,2.8527,2.8527,4.8231,21.6554,21.6554,23.6679,0.0,0.0,0.1772,0.0,0.0,0.0,0.0,0.0,0.0,0.0,0.0,0.0,0.0,0.0,0.0,17.2988,17.2988,17.2988,52.5097,52.5097,52.5097,65.464,65.464,65.464,4.7921,4.7921,4.7921,0.0,0.0,0.0,0.0,0.0,0.0,0.15,0.15,0.15,0.0,0.0,0.0,0.0,0.0,0.3583,5.3765,5.3765,6.8199,173.2927,179.3906,191.017,0.0,0.0,0.0813,0.0,0.0,0.0,0.0,0.0,0.0,5.3872,5.3872,5.3872,0.0,0.0,0.0,0.0,0.2802,0.2802,0.0,0.9691,0.9691,0.0,1.9972,2.9805,0.0,0.0636,0.0636,0.004146,0.004146,0.004146,0.016413,0.016413,0.016413,0.04534,0.04534,0.04534,0.000941,0.000941,0.000941,0.0,0.0,0.000294,0.001268,0.001268,0.002144,0.009625,0.009625,0.010519,0.0,0.0,7.9e-05,0.0,0.0,0.0,0.0,0.0,0.0,0.0,0.0,0.0,0.0,0.0,0.0,1.647507,1.647507,1.647507,5.000922,5.000922,5.000922,6.234665,6.234665,6.234665,0.456392,0.456392,0.456392,0.0,0.0,0.0,0.0,0.0,0.0,0.001531,0.001531,0.001531,0.0,0.0,0.0,0.0,0.0,9.1e-05,0.002556,0.002556,0.002921,0.093149,0.096536,0.09948,0.0,0.0,2.1e-05,0.0,0.0,0.0,0.0,0.0,0.0,0.009353,0.009353,0.009353,0.0,0.0,0.0,0.0,0.000125,0.000125,0.0,0.000431,0.000431,0.0,0.000888,0.001325,0.0,2.8e-05,2.8e-05,1.110063,1.110063,1.110063,4.394451,4.394451,4.394451,12.139357,12.139357,12.139357,0.251902,0.251902,0.251902,0.0,0.0,0.057059,0.24592,0.24592,0.415782,1.866846,1.866846,2.040337,0.0,0.0,0.015272,0.0,0.0,0.0,0.0,0.0,0.0,0.0,0.0,0.0,0.0,0.0,0.0,0.008649,0.008649,0.008649,0.026255,0.026255,0.026255,0.032732,0.032732,0.032732,0.002396,0.002396,0.002396,0.0,0.0,0.0,0.0,0.0,0.0,3e-06,3e-06,3e-06,0.0,0.0,0.0,0.0,0.0,1.557757,42.112361,42.112361,48.387917,1467.186238,1522.622279,1573.17146,0.0,0.0,0.353495,0.0,0.0,0.0,0.0,0.0,0.0,5.4e-05,5.4e-05,5.4e-05,0.0,0.0,0.0,0.0,0.001229,0.001229,0.0,0.00425,0.00425,0.0,0.00876,0.013072,0.0,0.000279,0.000279
BBS_CA_187_ZAMORA_2018,2018-05-28,2018-06-10,6.4955,10.227,10.227,28.7085,41.6119,41.6119,157.9443,225.212,225.212,1.474,2.3208,2.3208,0.0,0.0,0.0,3.9832,3.9832,3.9832,62.1732,62.1732,62.1732,0.0,0.0,0.0,0.0,0.0,0.0,0.0,0.0,0.0,0.0,0.0,0.0,0.0,0.0,0.0,3.9786,3.9786,3.9786,14.8969,14.8969,14.8969,32.5648,32.5648,32.5648,1.1022,1.1022,1.1022,0.0,0.0,0.0,0.0,0.0,0.0,0.0,0.0,0.0,0.0,0.0,0.0,0.0,0.0,0.0,2.2902,2.2902,2.6403,49.4501,54.6148,60.3585,0.0,0.0,0.0,0.0,0.0,0.0,1.8627,3.7254,3.7254,20.4625,37.6486,37.6486,0.0,0.0,0.0,1.0327,1.0327,1.2963,3.6011,3.6011,4.5126,7.4013,8.4247,9.5581,0.2658,0.2658,0.3256,0.003248,0.157441,0.157441,0.014354,0.547553,0.547553,0.078972,0.769009,0.769009,0.000737,0.035727,0.035727,0.0,0.0,0.0,0.00177,0.00177,0.00177,0.027633,0.027633,0.027633,0.0,0.0,0.0,0.0,0.0,0.0,0.0,0.0,0.0,0.0,0.0,0.0,0.0,0.0,0.0,0.378914,0.378914,0.378914,1.418753,1.418753,1.418753,3.101413,3.101413,3.101413,0.104967,0.104967,0.104967,0.0,0.0,0.0,0.0,0.0,0.0,0.0,0.0,0.0,0.0,0.0,0.0,0.0,0.0,0.0,0.000759,0.000759,0.000847,0.022746,0.024054,0.025508,0.0,0.0,0.0,0.0,0.0,0.0,0.060087,0.120174,0.120174,0.66008,1.214472,1.214472,0.0,0.0,0.0,0.000459,0.000459,0.000576,0.0016,0.0016,0.002006,0.003293,0.003747,0.004251,0.000118,0.000118,0.000145,0.869549,1.360533,1.360533,3.843167,5.540984,5.540984,21.143816,30.11204,30.11204,0.197323,0.30874,0.30874,0.0,0.0,0.0,0.343376,0.343376,0.343376,5.359755,5.359755,5.359755,0.0,0.0,0.0,0.0,0.0,0.0,0.0,0.0,0.0,0.0,0.0,0.0,0.0,0.0,0.0,0.001989,0.001989,0.001989,0.007448,0.007448,0.007448,0.016282,0.016282,0.016282,0.000551,0.000551,0.000551,0.0,0.0,0.0,0.0,0.0,0.0,0.0,0.0,0.0,0.0,0.0,0.0,0.0,0.0,0.0,12.766318,12.766318,14.288261,375.418815,397.874101,422.846837,0.0,0.0,0.0,0.0,0.0,0.0,2.2e-05,4.4e-05,4.4e-05,0.000241,0.000443,0.000443,0.0,0.0,0.0,0.004529,0.004529,0.005685,0.015794,0.015794,0.019792,0.032268,0.036757,0.041728,0.001166,0.001166,0.001428
BBS_CA_187_ZAMORA_2019,2019-05-28,2019-06-10,59.5749,59.5749,59.5749,221.8437,221.8437,221.8437,605.606,619.1525,619.1525,13.8707,13.8707,13.8707,0.9784,0.9784,0.9784,8.2283,8.2283,8.2283,42.9477,42.9477,42.9477,0.2619,0.2619,0.2619,0.0,0.0,0.0,0.0,0.0,0.0,0.0,0.0,0.0,0.0,0.0,0.0,0.0,0.0,0.0,0.8126,0.8126,0.8126,5.1032,41.5415,41.5415,0.0,0.0,0.0,0.0,0.0,0.0,0.0,0.0,0.0,0.0,0.0,0.0,0.0,0.0,0.0,5.4691,5.4691,5.4691,21.4175,22.2109,22.2109,84.3941,102.5936,104.5495,1.4001,1.4001,1.4001,0.0,0.0,0.0,5.0615,5.0615,5.0615,46.6997,46.6997,46.6997,0.0,0.0,0.0,0.0,0.0,0.0,0.0,0.0,0.0,0.9607,1.9214,1.9214,0.0,0.0,0.0,0.029787,0.029787,0.029787,0.110922,0.110922,0.110922,0.302803,0.309576,0.309576,0.006935,0.006935,0.006935,0.000435,0.000435,0.000435,0.003657,0.003657,0.003657,0.019088,0.019088,0.019088,0.000116,0.000116,0.000116,0.0,0.0,0.0,0.0,0.0,0.0,0.0,0.0,0.0,0.0,0.0,0.0,0.0,0.0,0.0,0.077395,0.077395,0.077395,0.486016,25.790413,25.790413,0.0,0.0,0.0,0.0,0.0,0.0,0.0,0.0,0.0,0.0,0.0,0.0,0.0,0.0,0.0,0.001755,0.001755,0.001755,0.007446,0.007646,0.007646,0.037981,0.042588,0.043083,0.000454,0.000454,0.000454,0.0,0.0,0.0,0.163273,0.163273,0.163273,1.506444,1.506444,1.506444,0.0,0.0,0.0,0.0,0.0,0.0,0.0,0.0,0.0,0.000427,0.000854,0.000854,0.0,0.0,0.0,7.975223,7.975223,7.975223,29.697951,29.697951,29.697951,81.071759,82.885209,82.885209,1.856861,1.856861,1.856861,0.084349,0.084349,0.084349,0.70934,0.70934,0.70934,3.70239,3.70239,3.70239,0.022577,0.022577,0.022577,0.0,0.0,0.0,0.0,0.0,0.0,0.0,0.0,0.0,0.0,0.0,0.0,0.0,0.0,0.0,0.000406,0.000406,0.000406,0.002552,36.440883,36.440883,0.0,0.0,0.0,0.0,0.0,0.0,0.0,0.0,0.0,0.0,0.0,0.0,0.0,0.0,0.0,23.309975,23.309975,23.309975,90.55916,94.008855,94.008855,348.324742,427.453061,435.956908,5.96209,5.96209,5.96209,0.0,0.0,0.0,6e-05,6e-05,6e-05,0.000549,0.000549,0.000549,0.0,0.0,0.0,0.0,0.0,0.0,0.0,0.0,0.0,0.004214,0.008427,0.008427,0.0,0.0,0.0
BBS_CA_187_ZAMORA_2020,2020-05-28,2020-06-10,11.885,30.0672,30.0672,42.4797,98.65,98.65,151.4086,225.1325,225.1325,2.9359,7.9149,7.9149,0.0,0.0,0.0,2.0097,5.4398,5.4398,88.0698,114.108,114.108,0.0,0.0,0.0,0.0,0.0,0.0,0.0,0.0,0.0,0.0,0.0,0.0,0.0,0.0,0.0,0.3305,0.3305,0.3305,0.984,0.984,0.984,3.8813,3.8813,56.9745,0.0885,0.0885,0.0885,0.0,0.0,0.0,0.0,0.0,0.0,0.0,0.0,0.0,0.0,0.0,0.0,0.7759,1.3512,1.3512,6.3437,11.1621,11.7646,151.3232,215.7621,226.3866,0.2077,0.3382,0.3382,0.0,0.0,0.0,0.0,0.0,0.0,0.0,0.8338,0.8338,0.0,0.0,0.0,1.3074,1.3074,1.3074,3.8921,3.8921,3.8921,3.9752,4.2496,4.2496,0.3499,0.3499,0.3499,0.005943,0.015034,0.015034,0.02124,0.049325,0.049325,0.075704,0.112566,0.112566,0.001468,0.003957,0.003957,0.0,0.0,0.0,0.000893,0.002418,0.002418,0.039142,0.050715,0.050715,0.0,0.0,0.0,0.0,0.0,0.0,0.0,0.0,0.0,0.0,0.0,0.0,0.0,0.0,0.0,0.031479,0.031479,0.031479,0.09371,0.09371,0.09371,0.369646,0.369646,37.239939,0.008426,0.008426,0.008426,0.0,0.0,0.0,0.0,0.0,0.0,0.0,0.0,0.0,0.0,0.0,0.0,0.000196,0.000342,0.000342,0.002541,0.003761,0.003913,0.074832,0.091282,0.093972,5.3e-05,8.6e-05,8.6e-05,0.0,0.0,0.0,0.0,0.0,0.0,0.0,0.026898,0.026898,0.0,0.0,0.0,0.000581,0.000581,0.000581,0.00173,0.00173,0.00173,0.001767,0.001904,0.001904,0.000156,0.000156,0.000156,1.591036,4.025064,4.025064,5.686707,13.206164,13.206164,20.268889,30.138215,30.138215,0.393028,1.059554,1.059554,0.0,0.0,0.0,0.173254,0.468945,0.468945,7.592226,9.836895,9.836895,0.0,0.0,0.0,0.0,0.0,0.0,0.0,0.0,0.0,0.0,0.0,0.0,0.0,0.0,0.0,0.000165,0.000165,0.000165,0.000492,0.000492,0.000492,0.001941,0.001941,53.095163,4.4e-05,4.4e-05,4.4e-05,0.0,0.0,0.0,0.0,0.0,0.0,0.0,0.0,0.0,0.0,0.0,0.0,3.373655,5.874938,5.874938,42.248546,63.198302,65.817951,1227.84814,1507.844716,1554.038226,0.902989,1.470594,1.470594,0.0,0.0,0.0,0.0,0.0,0.0,0.0,1e-05,1e-05,0.0,0.0,0.0,0.005734,0.005734,0.005734,0.017071,0.017071,0.017071,0.017435,0.01771,0.01771,0.001535,0.001535,0.001535
BBS_CA_187_ZAMORA_2021,2021-05-28,2021-06-10,22.4536,209.0119,209.0119,79.3969,639.8332,639.8332,212.4574,1024.1222,1024.1222,5.447,56.7118,56.7118,0.0,0.0,0.0,0.0,0.0,0.0,0.0,0.0,0.0,0.0,0.0,0.0,0.0,0.0,0.0,2.0374,2.7342,2.7342,12.7292,18.8853,18.8853,0.0,0.0,0.0,0.0,0.0,0.0,0.6001,0.6001,0.6001,26.3464,26.3464,26.3464,0.0,0.0,0.0,0.0,0.0,0.0,0.0,0.0,0.0,0.0,0.0,0.0,0.0,0.0,0.0,0.0,0.0,0.0,1.6851,1.6851,2.1599,129.6639,136.3588,141.8023,0.0,0.0,0.0,0.0,0.0,0.0,0.0,2.3919,2.3919,0.0,22.0686,22.0686,0.0,0.0,0.0,0.0,0.0,0.0,0.0,0.0,0.0,1.5426,3.0219,3.0219,0.0,0.0,0.0,0.011227,0.104506,0.104506,0.280779,0.666136,0.666136,1.612481,3.443461,3.443461,0.002723,0.028356,0.028356,0.0,0.0,0.0,0.0,0.0,0.0,0.0,0.0,0.0,0.0,0.0,0.0,0.0,0.0,0.0,0.008782,0.011785,0.011785,0.054867,0.081402,0.081402,0.0,0.0,0.0,0.0,0.0,0.0,0.057156,0.057156,0.057156,0.42005,0.42005,0.42005,0.0,0.0,0.0,0.0,0.0,0.0,0.0,0.0,0.0,0.0,0.0,0.0,0.0,0.0,0.0,0.0,0.0,0.0,0.000877,0.000877,0.000997,0.065593,0.067741,0.069119,0.0,0.0,0.0,0.0,0.0,0.0,0.0,0.077157,0.077157,0.0,0.711889,0.711889,0.0,0.0,0.0,0.0,0.0,0.0,0.0,0.0,0.0,0.00073,0.001388,0.001388,0.0,0.0,0.0,3.005841,27.980172,27.980172,10.615241,85.634287,85.634287,28.356928,136.933591,136.933591,0.729179,7.591941,7.591941,0.0,0.0,0.0,0.0,0.0,0.0,0.0,0.0,0.0,0.0,0.0,0.0,0.0,0.0,0.0,2.6e-05,3.5e-05,3.5e-05,0.000164,0.000243,0.000243,0.0,0.0,0.0,0.0,0.0,0.0,0.0003,0.0003,0.0003,32.282963,32.282963,32.282963,0.0,0.0,0.0,0.0,0.0,0.0,0.0,0.0,0.0,0.0,0.0,0.0,0.0,0.0,0.0,0.0,0.0,0.0,14.389757,14.389757,16.453782,1069.247042,1105.287128,1128.954589,0.0,0.0,0.0,0.0,0.0,0.0,0.0,2.8e-05,2.8e-05,0.0,0.00026,0.00026,0.0,0.0,0.0,0.0,0.0,0.0,0.0,0.0,0.0,0.004047,0.010535,0.010535,0.0,0.0,0.0
BBS_CA_187_ZAMORA_2022,2022-05-28,2022-06-10,17.2667,94.2705,94.2705,51.4018,319.0325,319.0325,52.5,3260.3205,3260.3205,4.6216,24.7764,24.7764,0.0,0.0,0.0,2.0097,2.0097,2.0097,74.5525,87.8578,87.8578,0.0,0.0,0.0,0.0,2.93,2.93,0.0,9.9027,9.9027,0.0,16.2827,16.2827,0.0,0.7842,0.7842,0.0,0.0,0.0,0.0,0.0,0.0,0.0,94.079,94.079,0.0,0.0,0.0,0.0,0.0,0.0,0.4775,0.4775,0.4775,6.4751,6.4751,6.4751,0.0,0.0,0.0,0.2214,0.7083,0.7083,1.8254,3.6844,4.3663,43.6693,51.6064,59.7249,0.0593,0.1698,0.1698,6.4669,6.4669,6.4669,22.3623,23.508,23.508,23.3962,33.9665,33.9665,1.4675,1.4675,1.4675,0.0,0.0,0.0,0.0,0.0,0.0,0.0,0.5477,0.5477,0.0,0.0,0.0,0.008633,0.391513,0.391513,0.025701,1.372801,1.372801,0.02625,3.981526,3.981526,0.002311,0.104564,0.104564,0.0,0.0,0.0,0.000893,0.000893,0.000893,0.033134,0.039048,0.039048,0.0,0.0,0.0,0.0,0.012629,0.012629,0.0,0.042684,0.042684,0.0,0.070184,0.070184,0.0,0.00338,0.00338,0.0,0.0,0.0,0.0,0.0,0.0,0.0,40.756682,40.756682,0.0,0.0,0.0,0.0,0.0,0.0,0.004872,0.004872,0.004872,0.066072,0.066072,0.066072,0.0,0.0,0.0,0.000123,0.000246,0.000246,0.001015,0.001539,0.001712,0.023814,0.026131,0.028739,3.3e-05,6.1e-05,6.1e-05,0.011227,0.011227,0.011227,0.038823,0.07578,0.07578,0.040618,0.381595,0.381595,0.002548,0.002548,0.002548,0.0,0.0,0.0,0.0,0.0,0.0,0.0,0.000274,0.000274,0.0,0.0,0.0,2.311471,12.600567,12.600567,6.881092,42.640446,42.640446,7.028112,436.323328,436.323328,0.618686,3.311619,3.311619,0.0,0.0,0.0,0.173254,0.173254,0.173254,6.426936,7.573952,7.573952,0.0,0.0,0.0,0.0,3.8e-05,3.8e-05,0.0,0.000128,0.000128,0.0,0.00021,0.00021,0.0,1e-05,1e-05,0.0,0.0,0.0,0.0,0.0,0.0,0.0,53.08532,53.08532,0.0,0.0,0.0,0.0,0.0,0.0,1e-05,1e-05,1e-05,0.00013,0.00013,0.00013,0.0,0.0,0.0,2.012974,4.129997,4.129997,16.562338,25.475729,28.440453,389.183579,428.196821,472.160861,0.53879,1.019197,1.019197,6.5e-05,6.5e-05,6.5e-05,0.000224,0.000237,0.000237,0.000234,0.000358,0.000358,1.5e-05,1.5e-05,1.5e-05,0.0,0.0,0.0,0.0,0.0,0.0,0.0,0.000548,0.000548,0.0,0.0,0.0
BBS_CA_187_ZAMORA_2023,2023-05-28,2023-06-10,13.6821,40.3979,40.3979,50.5135,143.854,143.854,81.4941,290.7437,290.7437,3.1048,9.2999,9.2999,0.0,0.0,0.0,0.0,0.0,0.0,3.3245,3.3245,3.3245,0.0,0.0,0.0,0.0,0.0,0.0,0.0,0.0,0.0,0.0,0.0,0.0,0.0,0.0,0.0,0.0,0.0,0.0,0.0,0.0,0.0,55.7379,55.7379,55.7379,0.0,0.0,0.0,0.0,0.0,0.0,0.0,0.0,0.0,0.0,0.0,0.0,0.0,0.0,0.0,0.0,0.0,0.0,0.0,0.6771,1.2181,4.3775,10.6246,14.0046,0.0,0.0,0.0,2.5654,3.5887,3.5887,9.4439,12.4206,18.5578,14.5664,17.601,55.9454,0.5822,0.8656,0.8656,0.0,0.0,0.0,0.0,0.0,0.0,0.0,0.0,0.0,0.0,0.0,0.0,0.006841,0.020199,0.020199,0.025257,0.071927,0.071927,0.040747,0.145372,0.145372,0.001552,0.00465,0.00465,0.0,0.0,0.0,0.0,0.0,0.0,0.001478,0.001478,0.001478,0.0,0.0,0.0,0.0,0.0,0.0,0.0,0.0,0.0,0.0,0.0,0.0,0.0,0.0,0.0,0.0,0.0,0.0,0.0,0.0,0.0,38.706903,38.706903,38.706903,0.0,0.0,0.0,0.0,0.0,0.0,0.0,0.0,0.0,0.0,0.0,0.0,0.0,0.0,0.0,0.0,0.0,0.0,0.0,0.000171,0.000516,0.001055,0.002637,0.004791,0.0,0.0,0.0,0.004454,0.037464,0.037464,0.033879,0.129902,0.327874,0.186602,0.284492,1.521408,0.001011,0.010155,0.010155,0.0,0.0,0.0,0.0,0.0,0.0,0.0,0.0,0.0,0.0,0.0,0.0,1.831604,5.408013,5.408013,6.762188,19.257568,19.257568,10.909514,38.921508,38.921508,0.415638,1.244963,1.244963,0.0,0.0,0.0,0.0,0.0,0.0,0.286592,0.286592,0.286592,0.0,0.0,0.0,0.0,0.0,0.0,0.0,0.0,0.0,0.0,0.0,0.0,0.0,0.0,0.0,0.0,0.0,0.0,0.0,0.0,0.0,55.73794,55.73794,55.73794,0.0,0.0,0.0,0.0,0.0,0.0,0.0,0.0,0.0,0.0,0.0,0.0,0.0,0.0,0.0,0.0,0.0,0.0,0.0,2.943805,6.709057,17.876569,45.037614,68.562637,0.0,0.0,0.0,2.6e-05,3.8e-05,3.8e-05,9.5e-05,0.00013,0.000203,0.000155,0.000191,0.000642,6e-06,9e-06,9e-06,0.0,0.0,0.0,0.0,0.0,0.0,0.0,0.0,0.0,0.0,0.0,0.0
BBS_CA_196_ORA_LOMA_2015,2015-05-28,2015-06-10,0.0,0.0,0.0,0.0,0.0,0.7596,52.656,251.3272,376.6552,0.0,0.0,0.0,0.0,0.0,0.0,0.0,0.0,0.0,0.0,0.0,0.0,0.0,0.0,0.0,0.0,0.0,0.0,0.0,0.0,0.0,0.0,0.0,0.0,0.0,0.0,0.0,0.0,0.0,0.0,2.3183,2.3183,2.3183,27.2286,27.2286,174.0293,0.0,0.0,0.0,0.0,0.0,0.0,0.0,0.5829,1.3112,27.187,72.9778,100.5718,0.0,0.0,0.0,0.0,23.1986,26.2623,2.3293,96.8428,108.0846,96.0056,266.4423,289.9559,0.0,4.5528,5.2694,0.0,0.0,0.0,0.1245,4.5248,4.5248,77.6706,218.3307,218.8289,0.0,0.0,0.0,0.0,0.0,0.0,0.5256,0.5256,0.5256,14.7727,25.5242,32.5512,0.0,0.0,0.0,0.0,0.0,0.0,0.0,0.0,0.00038,0.026328,2.137452,2.200116,0.0,0.0,0.0,0.0,0.0,0.0,0.0,0.0,0.0,0.0,0.0,0.0,0.0,0.0,0.0,0.0,0.0,0.0,0.0,0.0,0.0,0.0,0.0,0.0,0.0,0.0,0.0,0.0,0.0,0.0,0.220787,0.220787,0.220787,2.593197,2.593197,5.273978,0.0,0.0,0.0,0.0,0.0,0.0,0.0,0.005948,0.013379,0.277419,0.744672,1.026243,0.0,0.0,0.0,0.0,0.013304,0.01408,0.000794,0.054487,0.057333,0.040173,0.127811,0.133764,0.0,0.002648,0.002829,0.0,0.0,0.0,0.000216,0.142163,0.142163,2.104401,6.634907,6.650976,0.0,0.0,0.0,0.0,0.0,0.0,0.000234,0.000234,0.000234,0.006566,0.011344,0.014467,0.0,0.0,0.0,0.0,0.0,0.0,0.0,0.0,0.101684,7.048997,33.532028,50.309535,0.0,0.0,0.0,0.0,0.0,0.0,0.0,0.0,0.0,0.0,0.0,0.0,0.0,0.0,0.0,0.0,0.0,0.0,0.0,0.0,0.0,0.0,0.0,0.0,0.0,0.0,0.0,0.0,0.0,0.0,0.001159,0.001159,0.001159,0.013614,0.013614,1066.644351,0.0,0.0,0.0,0.0,0.0,0.0,0.0,1.2e-05,2.6e-05,0.000546,0.001465,0.00202,0.0,0.0,0.0,0.0,128.544183,141.864383,9.68904,549.469833,598.347135,621.094274,1447.328272,1549.561313,0.0,22.453636,25.56927,0.0,0.0,0.0,1e-06,5.3e-05,5.3e-05,0.000891,0.002545,0.002551,0.0,0.0,0.0,0.0,0.0,0.0,0.002305,0.002305,0.002305,0.064793,0.111948,0.142768,0.0,0.0,0.0
BBS_CA_196_ORA_LOMA_2016,2016-05-28,2016-06-10,0.0,0.0,0.0,0.0,5.2916,6.649,0.0,357.3999,587.502,0.0,0.0,0.0,0.0,0.0,0.0,0.0,0.0,0.0,0.0,0.0,0.0,0.0,0.0,0.0,0.0,0.0,0.0,0.0,0.0,0.0,0.0,0.0,0.0,0.0,0.0,0.0,0.0,0.0,0.0,0.0,0.0,0.0,0.0,0.0,56.5967,0.0,0.0,0.0,0.0,0.0,0.0,0.0,0.0,0.0,0.0,0.0,0.0,0.0,0.0,0.0,0.9685,21.7945,21.7945,3.648,90.3088,90.3088,13.1936,198.6723,199.6911,0.3062,3.9843,3.9843,0.0,0.0,0.0,1.2184,6.1249,6.1249,245.573,442.7095,442.7095,0.0,0.0,0.0,0.0,0.0,0.0,0.26,0.2872,0.2872,19.8406,20.2326,20.2326,0.0,0.0,0.0,0.0,0.0,0.0,0.0,0.002646,0.003324,0.0,0.1787,0.293751,0.0,0.0,0.0,0.0,0.0,0.0,0.0,0.0,0.0,0.0,0.0,0.0,0.0,0.0,0.0,0.0,0.0,0.0,0.0,0.0,0.0,0.0,0.0,0.0,0.0,0.0,0.0,0.0,0.0,0.0,0.0,0.0,0.0,0.0,0.0,1.443793,0.0,0.0,0.0,0.0,0.0,0.0,0.0,0.0,0.0,0.0,0.0,0.0,0.0,0.0,0.0,0.000245,0.009018,0.009018,0.000945,0.040208,0.040208,0.003589,0.095531,0.096041,7.8e-05,0.001438,0.001438,0.0,0.0,0.0,0.034643,0.192916,0.192916,7.328615,12.831419,12.831419,0.0,0.0,0.0,0.0,0.0,0.0,0.000116,0.000129,0.000129,0.008818,0.009014,0.009014,0.0,0.0,0.0,0.0,0.0,0.0,0.0,0.708374,0.89009,0.0,47.844703,78.648198,0.0,0.0,0.0,0.0,0.0,0.0,0.0,0.0,0.0,0.0,0.0,0.0,0.0,0.0,0.0,0.0,0.0,0.0,0.0,0.0,0.0,0.0,0.0,0.0,0.0,0.0,0.0,0.0,0.0,0.0,0.0,0.0,0.0,0.0,0.0,565.966731,0.0,0.0,0.0,0.0,0.0,0.0,0.0,0.0,0.0,0.0,0.0,0.0,0.0,0.0,0.0,4.21071,149.663208,149.663208,16.192708,653.441424,653.441424,61.261365,1502.951901,1525.590571,1.331205,24.061691,24.061691,0.0,0.0,0.0,1.4e-05,7.2e-05,7.2e-05,0.002855,0.005125,0.005125,0.0,0.0,0.0,0.0,0.0,0.0,0.00114,0.001167,0.001167,0.08702,0.087412,0.087412,0.0,0.0,0.0
BBS_CA_196_ORA_LOMA_2017,2017-05-28,2017-06-10,0.0,0.0,0.0,2.8294,4.155,4.155,186.056,484.4,484.4,0.0,0.0,0.0,0.0,0.0,0.0,0.0,0.0,0.0,0.0,0.0,0.0,0.0,0.0,0.0,0.0,0.0,0.0,0.0,0.0,0.0,0.0,0.0,0.0,0.0,0.0,0.0,0.0,0.0,0.0,0.0,0.0,0.0,0.0,0.0,312.9541,0.0,0.0,0.0,0.0,0.0,0.0,0.0,1.0035,1.0035,15.7968,53.6383,53.6383,0.0,0.0,0.0,7.6372,16.6143,16.6143,27.895,62.424,62.424,61.6056,120.5201,126.7118,1.6745,3.5415,3.5415,0.0,0.0,0.0,1.1929,1.4248,1.4248,277.346,343.5414,343.5414,0.0,0.0,0.0,0.0,0.0,0.0,0.0,0.0,0.0,0.0,0.0,0.0,0.0,0.0,0.0,0.0,0.0,0.0,0.06843,0.069092,0.069092,3.252675,3.401847,3.401847,0.0,0.0,0.0,0.0,0.0,0.0,0.0,0.0,0.0,0.0,0.0,0.0,0.0,0.0,0.0,0.0,0.0,0.0,0.0,0.0,0.0,0.0,0.0,0.0,0.0,0.0,0.0,0.0,0.0,0.0,0.0,0.0,0.0,0.0,0.0,0.66463,0.0,0.0,0.0,0.0,0.0,0.0,0.0,0.01024,0.01024,0.161192,0.54733,0.54733,0.0,0.0,0.0,0.004686,0.006959,0.006959,0.016264,0.025685,0.025685,0.036644,0.056914,0.058482,0.001122,0.001595,0.001595,0.0,0.0,0.0,0.03384,0.033956,0.033956,6.975448,7.452901,7.452901,0.0,0.0,0.0,0.0,0.0,0.0,0.0,0.0,0.0,0.0,0.0,0.0,0.0,0.0,0.0,0.0,0.0,0.0,0.375004,0.552461,0.552461,24.729861,64.668817,64.668817,0.0,0.0,0.0,0.0,0.0,0.0,0.0,0.0,0.0,0.0,0.0,0.0,0.0,0.0,0.0,0.0,0.0,0.0,0.0,0.0,0.0,0.0,0.0,0.0,0.0,0.0,0.0,0.0,0.0,0.0,0.0,0.0,0.0,0.0,0.0,343.077295,0.0,0.0,0.0,0.0,0.0,0.0,0.0,2e-05,2e-05,0.000317,0.001077,0.001077,0.0,0.0,0.0,29.722342,68.752843,68.752843,109.638295,258.904512,258.904512,359.071329,618.423986,645.344171,6.396797,14.51405,14.51405,0.0,0.0,0.0,1.4e-05,1.4e-05,1.4e-05,0.003067,0.003286,0.003286,0.0,0.0,0.0,0.0,0.0,0.0,0.0,0.0,0.0,0.0,0.0,0.0,0.0,0.0,0.0
BBS_CA_196_ORA_LOMA_2018,2018-05-28,2018-06-10,0.0,0.0,0.0,0.0,0.0,0.0,0.0,0.0,0.0,0.0,0.0,0.0,0.0,0.0,0.0,0.0,0.0,0.0,0.0,0.0,0.0,0.0,0.0,0.0,0.0,0.0,0.0,0.0,0.0,0.0,0.0,0.0,0.0,0.0,0.0,0.0,0.0,0.0,0.0,13.7035,13.7035,13.7035,569.311,569.311,569.311,0.0,0.0,0.0,0.0,0.0,0.0,0.0,0.0,0.0,0.0,0.0,0.0,0.0,0.0,0.0,7.1447,7.1447,7.1447,27.4913,28.8737,28.8737,137.1689,159.1082,159.1082,1.5257,1.5257,1.5257,0.0,0.0,0.0,0.4884,2.1734,2.1734,149.1139,183.315,183.315,0.0,0.0,0.0,0.0,0.0,0.0,0.1171,0.1171,0.1171,1.3753,1.3753,1.3753,0.0,0.0,0.0,0.0,0.0,0.0,0.0,0.0,0.0,0.0,0.0,0.0,0.0,0.0,0.0,0.0,0.0,0.0,0.0,0.0,0.0,0.0,0.0,0.0,0.0,0.0,0.0,0.0,0.0,0.0,0.0,0.0,0.0,0.0,0.0,0.0,0.0,0.0,0.0,0.0,0.0,0.0,0.10179,0.10179,0.10179,4.826973,4.826973,4.826973,0.0,0.0,0.0,0.0,0.0,0.0,0.0,0.0,0.0,0.0,0.0,0.0,0.0,0.0,0.0,0.001809,0.001809,0.001809,0.006797,0.007851,0.007851,0.035245,0.044525,0.044525,0.000386,0.000386,0.000386,0.0,0.0,0.0,0.015753,0.07011,0.07011,4.064149,5.167411,5.167411,0.0,0.0,0.0,0.0,0.0,0.0,5.2e-05,5.2e-05,5.2e-05,0.000611,0.000611,0.000611,0.0,0.0,0.0,0.0,0.0,0.0,0.0,0.0,0.0,0.0,0.0,0.0,0.0,0.0,0.0,0.0,0.0,0.0,0.0,0.0,0.0,0.0,0.0,0.0,0.0,0.0,0.0,0.0,0.0,0.0,0.0,0.0,0.0,0.0,0.0,0.0,0.0,0.0,0.0,0.0,0.0,0.0,43.572545,43.572545,43.572545,2035.816294,2035.816294,2035.816294,0.0,0.0,0.0,0.0,0.0,0.0,0.0,0.0,0.0,0.0,0.0,0.0,0.0,0.0,0.0,31.063972,31.063972,31.063972,116.626593,121.7469,121.7469,586.284743,663.146453,663.146453,6.633521,6.633521,6.633521,0.0,0.0,0.0,6e-06,2.6e-05,2.6e-05,0.001711,0.002114,0.002114,0.0,0.0,0.0,0.0,0.0,0.0,0.000514,0.000514,0.000514,0.006032,0.006032,0.006032,0.0,0.0,0.0
BBS_CA_196_ORA_LOMA_2019,2019-05-28,2019-06-10,0.0,0.0,0.0,1.6776,1.6776,1.6776,79.0948,166.0457,166.0457,0.0,0.0,0.0,0.0,0.0,0.0,0.0,0.0,0.0,0.0,0.0,0.0,0.0,0.0,0.0,0.0,0.0,0.0,0.0,0.0,0.0,0.0,0.0,0.0,0.0,0.0,0.0,0.0,0.0,0.0,0.0,0.2037,0.2037,0.0,9.6045,48.4565,0.0,0.0,0.0,0.0,0.0,0.0,0.0,0.0,0.0,6.5488,12.13,12.13,0.0,0.0,0.0,13.272,13.272,15.5142,44.6572,44.6572,55.3281,99.1455,107.3962,148.1049,3.4502,3.4502,3.7254,0.0,0.0,0.0,4.4692,5.3504,5.3504,294.0046,353.0819,375.738,0.0,0.0,0.0,0.0,0.0,0.0,0.0,0.0,0.0,0.0,0.0,0.0,0.0,0.0,0.0,0.0,0.0,0.0,0.423656,0.423656,0.423656,19.974694,20.018169,20.018169,0.0,0.0,0.0,0.0,0.0,0.0,0.0,0.0,0.0,0.0,0.0,0.0,0.0,0.0,0.0,0.0,0.0,0.0,0.0,0.0,0.0,0.0,0.0,0.0,0.0,0.0,0.0,0.0,0.0,0.0,0.0,0.141464,0.141464,0.0,6.6698,10.369987,0.0,0.0,0.0,0.0,0.0,0.0,0.0,0.0,0.0,0.066825,0.123775,0.123775,0.0,0.0,0.0,0.005255,0.005255,0.005823,0.017247,0.017247,0.019948,0.041487,0.043467,0.059031,0.001445,0.001445,0.001514,0.0,0.0,0.0,0.139418,0.167841,0.167841,7.735522,9.634323,10.365163,0.0,0.0,0.0,0.0,0.0,0.0,0.0,0.0,0.0,0.0,0.0,0.0,0.0,0.0,0.0,0.0,0.0,0.0,0.049624,0.049624,0.049624,2.33969,13.979708,13.979708,0.0,0.0,0.0,0.0,0.0,0.0,0.0,0.0,0.0,0.0,0.0,0.0,0.0,0.0,0.0,0.0,0.0,0.0,0.0,0.0,0.0,0.0,0.0,0.0,0.0,0.0,0.0,0.0,0.0,0.0,0.0,0.203708,0.203708,0.0,9.604512,9.623938,0.0,0.0,0.0,0.0,0.0,0.0,0.0,0.0,0.0,0.000132,0.000244,0.000244,0.0,0.0,0.0,87.428291,87.428291,97.176863,287.348855,287.348855,333.744055,666.879998,700.809879,960.282238,23.9625,23.9625,25.158951,0.0,0.0,0.0,5.2e-05,6.3e-05,6.3e-05,0.003358,0.004052,0.004319,0.0,0.0,0.0,0.0,0.0,0.0,0.0,0.0,0.0,0.0,0.0,0.0,0.0,0.0,0.0
BBS_CA_196_ORA_LOMA_2020,2020-05-28,2020-06-10,0.0,0.0,0.0,0.0,0.0,0.0,65.2713,225.6132,225.6132,0.0,0.0,0.0,0.0,0.0,0.0,0.0,0.0,0.0,0.0,0.9153,0.9153,0.0,0.0,0.0,0.0,0.0,0.0,0.0,0.0,0.0,0.0,0.0,0.0,0.0,0.0,0.0,0.0,0.0,0.0,0.0,0.0,0.0,0.0,0.0,0.0,0.0,0.0,0.0,1.7171,1.7171,1.7171,8.0353,8.0353,8.0353,11.9915,11.9915,11.9915,0.2107,0.2107,0.2107,0.0,4.2554,4.2554,1.0974,20.5548,20.5548,6.8532,46.6176,46.6176,0.0,0.5513,0.5513,7.3544,11.8434,11.8434,36.7786,57.7851,57.7851,246.0095,304.5834,304.5834,0.9026,1.4535,1.4535,0.0,0.0,0.0,0.0,0.0,0.0,0.0,0.0,0.0,0.0,0.0,0.0,0.0,0.0,0.0,0.0,0.0,0.0,0.032636,0.112807,0.112807,0.0,0.0,0.0,0.0,0.0,0.0,0.0,0.0,0.0,0.0,0.000407,0.000407,0.0,0.0,0.0,0.0,0.0,0.0,0.0,0.0,0.0,0.0,0.0,0.0,0.0,0.0,0.0,0.0,0.0,0.0,0.0,0.0,0.0,0.0,0.0,0.0,0.0,0.0,0.0,0.017521,0.017521,0.017521,0.081993,0.081993,0.081993,0.122362,0.122362,0.122362,0.00215,0.00215,0.00215,0.0,0.001077,0.001077,0.000278,0.005204,0.005204,0.001735,0.013129,0.013129,0.0,0.00014,0.00014,0.237238,0.245031,0.245031,1.186407,1.222876,1.222876,7.025167,7.126858,7.126858,0.029116,0.030073,0.030073,0.0,0.0,0.0,0.0,0.0,0.0,0.0,0.0,0.0,0.0,0.0,0.0,0.0,0.0,0.0,0.0,0.0,0.0,8.737795,30.202565,30.202565,0.0,0.0,0.0,0.0,0.0,0.0,0.0,0.0,0.0,0.0,0.045763,0.045763,0.0,0.0,0.0,0.0,0.0,0.0,0.0,0.0,0.0,0.0,0.0,0.0,0.0,0.0,0.0,0.0,0.0,0.0,0.0,0.0,0.0,0.0,0.0,0.0,0.0,0.0,0.0,3.4e-05,3.4e-05,3.4e-05,0.000161,0.000161,0.000161,0.000241,0.000241,0.000241,4e-06,4e-06,4e-06,0.0,18.501642,18.501642,4.771187,89.368523,89.368523,29.796378,197.849225,197.849225,0.0,2.397055,2.397055,8.7e-05,0.000131,0.000131,0.000433,0.000643,0.000643,0.002842,0.003427,0.003427,1.1e-05,1.6e-05,1.6e-05,0.0,0.0,0.0,0.0,0.0,0.0,0.0,0.0,0.0,0.0,0.0,0.0
BBS_CA_196_ORA_LOMA_2021,2021-05-28,2021-06-10,0.0,0.0,0.0,1.1877,1.1877,1.1877,56.0,144.7987,144.7987,0.0,0.0,0.0,0.0,2.9598,2.9598,0.0,9.3509,9.3509,0.0,9.9987,9.9987,0.0,0.7307,0.7307,0.0,0.0,0.0,0.0,0.0,0.0,0.0,0.0,0.0,0.0,0.0,0.0,0.0,0.0,0.0,0.0,0.0,0.0,0.0,0.0,0.0,0.0,0.0,0.0,3.1543,17.8027,17.8027,16.8288,57.6632,57.6632,46.4505,150.421,150.421,0.4282,4.4838,4.4838,28.8246,30.3045,30.3045,113.8478,118.8453,118.8453,289.6749,331.692,335.6983,5.1651,5.5304,5.5304,0.0,0.0,0.0,1.5083,2.4929,2.4929,166.5486,247.1947,247.1947,0.0,0.0,0.0,0.0,0.0,0.0,0.0,0.0,0.0065,9.2636,9.2636,9.3399,0.0,0.0,0.0,0.0,0.0,0.0,0.000594,0.000594,0.000594,0.028,0.072399,0.072399,0.0,0.0,0.0,0.0,0.001315,0.001315,0.0,0.004156,0.004156,0.0,0.004444,0.004444,0.0,0.000325,0.000325,0.0,0.0,0.0,0.0,0.0,0.0,0.0,0.0,0.0,0.0,0.0,0.0,0.0,0.0,0.0,0.0,0.0,0.0,0.0,0.0,0.0,0.0,0.0,0.0,0.032186,0.18166,0.18166,0.171722,0.5884,0.5884,0.473985,1.534908,1.534908,0.00437,0.045753,0.045753,0.016348,0.016723,0.016723,0.063871,0.065088,0.065088,0.136162,0.145757,0.146772,0.002991,0.003083,0.003083,0.0,0.0,0.0,0.048656,0.071024,0.071024,5.372536,7.026401,7.026401,0.0,0.0,0.0,0.0,0.0,0.0,0.0,0.0,3e-06,0.004632,0.004632,0.00467,0.0,0.0,0.0,0.0,0.0,0.0,0.159001,0.159001,0.159001,7.496653,19.384036,19.384036,0.0,0.0,0.0,0.0,0.255159,0.255159,0.0,0.806111,0.806111,0.0,0.861953,0.861953,0.0,0.062993,0.062993,0.0,0.0,0.0,0.0,0.0,0.0,0.0,0.0,0.0,0.0,0.0,0.0,0.0,0.0,0.0,0.0,0.0,0.0,0.0,0.0,0.0,0.0,0.0,0.0,6.3e-05,0.000357,0.000357,0.000338,0.001158,0.001158,0.000933,0.003021,0.003021,9e-06,9e-05,9e-05,238.750096,245.184547,245.184547,954.572231,975.436855,975.436855,2139.748354,2259.766658,2277.18503,41.814605,43.403117,43.403117,0.0,0.0,0.0,1.8e-05,2.9e-05,2.9e-05,0.001959,0.002853,0.002853,0.0,0.0,0.0,0.0,0.0,0.0,0.0,0.0,6e-06,0.009264,0.009264,0.00934,0.0,0.0,0.0
BBS_CA_196_ORA_LOMA_2022,2022-05-28,2022-06-10,0.0,0.0,0.0,0.0,1.9157,1.9157,28.2,92.2058,92.2058,0.0,0.0,0.0,0.0,0.0,0.0,0.0,0.0,0.0,0.0,0.0,0.0,0.0,0.0,0.0,0.0,0.0,0.0,0.0,0.0,0.0,0.0,0.0,0.0,0.0,0.0,0.0,0.0,0.0,0.0,0.0,0.0,0.0,0.0,0.0,0.0,0.0,0.0,0.0,0.0,3.8239,3.8239,0.0,8.575,8.575,13.622,33.089,33.089,0.0,1.1529,1.1529,7.0039,16.3064,16.3064,24.7831,62.1419,62.1419,67.3039,148.9974,148.9974,1.5107,3.1408,3.1408,0.0,0.0,0.0,0.0,2.7066,2.7066,120.21,280.0825,311.4707,0.0,0.0,0.0,0.0,0.0,0.0,0.0656,0.1261,0.1261,1.4301,1.8414,1.8414,0.0,0.0,0.0,0.0,0.0,0.0,0.0,0.000958,0.000958,0.0141,0.046103,0.046103,0.0,0.0,0.0,0.0,0.0,0.0,0.0,0.0,0.0,0.0,0.0,0.0,0.0,0.0,0.0,0.0,0.0,0.0,0.0,0.0,0.0,0.0,0.0,0.0,0.0,0.0,0.0,0.0,0.0,0.0,0.0,0.0,0.0,0.0,0.0,0.0,0.0,0.0,0.0,0.0,0.039019,0.039019,0.0,0.0875,0.0875,0.139,0.337643,0.337643,0.0,0.011764,0.011764,0.002848,0.0083,0.0083,0.008934,0.030088,0.030088,0.029012,0.072826,0.072826,0.000707,0.001727,0.001727,0.0,0.0,0.0,0.0,0.087309,0.087309,2.772364,7.125851,8.138372,0.0,0.0,0.0,0.0,0.0,0.0,3.3e-05,6.3e-05,6.3e-05,0.000715,0.000921,0.000921,0.0,0.0,0.0,0.0,0.0,0.0,0.0,0.256449,0.256449,3.7751,12.343475,12.343475,0.0,0.0,0.0,0.0,0.0,0.0,0.0,0.0,0.0,0.0,0.0,0.0,0.0,0.0,0.0,0.0,0.0,0.0,0.0,0.0,0.0,0.0,0.0,0.0,0.0,0.0,0.0,0.0,0.0,0.0,0.0,0.0,0.0,0.0,0.0,0.0,0.0,0.0,0.0,0.0,7.7e-05,7.7e-05,0.0,0.000172,0.000172,0.000274,0.000664,0.000664,0.0,2.3e-05,2.3e-05,47.313252,107.796909,107.796909,149.468657,405.19603,405.19603,480.421145,1063.038561,1063.038561,11.651661,21.223192,21.223192,0.0,0.0,0.0,0.0,3.2e-05,3.2e-05,0.001216,0.00305,0.003419,0.0,0.0,0.0,0.0,0.0,0.0,6.6e-05,0.000126,0.000126,0.00143,0.001841,0.001841,0.0,0.0,0.0
BBS_CA_196_ORA_LOMA_2023,2023-05-28,2023-06-10,0.0,0.0,0.0,1.1877,10.1118,10.1118,84.2,444.353,444.353,0.0,0.0,0.0,0.0,0.0,0.0,0.0,0.0,0.0,0.0,6.3915,6.3915,0.0,0.0,0.0,0.0,0.0,0.0,0.0,0.0,0.0,0.0,0.0,0.0,0.0,0.0,0.0,0.0,0.0,0.0,1.9609,1.9609,1.9609,36.5389,36.5389,36.5389,0.0,0.0,0.0,0.0,3.8239,3.8239,0.2935,13.0027,13.0027,16.2591,83.6341,83.6341,0.0,1.1529,1.1529,6.7974,8.1794,8.1794,28.0306,34.1155,34.1155,79.6526,97.731,97.731,1.2604,1.448,1.448,5.7371,5.7371,5.7371,29.1207,29.7976,29.7976,345.3554,400.0169,400.0169,0.7041,0.7041,0.7041,0.0,0.0,0.0,0.2473,0.2473,0.2473,8.097,8.1641,8.1641,0.0,0.0,0.0,0.0,0.0,0.0,0.000594,0.005056,0.005056,0.0421,0.222176,0.222176,0.0,0.0,0.0,0.0,0.0,0.0,0.0,0.0,0.0,0.0,0.002841,0.002841,0.0,0.0,0.0,0.0,0.0,0.0,0.0,0.0,0.0,0.0,0.0,0.0,0.0,0.0,0.0,0.0,0.0,0.0,0.186754,0.186754,0.186754,3.479892,3.479892,3.479892,0.0,0.0,0.0,0.0,0.039019,0.039019,0.002995,0.132681,0.132681,0.165909,0.853409,0.853409,0.0,0.011764,0.011764,0.003404,0.003754,0.003754,0.012839,0.01438,0.01438,0.033597,0.04019,0.04019,0.000735,0.000782,0.000782,0.185069,0.185069,0.185069,0.911281,0.933115,0.933115,8.871772,10.635046,10.635046,0.022714,0.022714,0.022714,0.0,0.0,0.0,0.00011,0.00011,0.00011,0.003803,0.003836,0.003836,0.0,0.0,0.0,0.0,0.0,0.0,0.159001,1.353656,1.353656,11.271754,59.485004,59.485004,0.0,0.0,0.0,0.0,0.0,0.0,0.0,0.0,0.0,0.0,0.550995,0.550995,0.0,0.0,0.0,0.0,0.0,0.0,0.0,0.0,0.0,0.0,0.0,0.0,0.0,0.0,0.0,0.0,0.0,0.0,0.00098,0.00098,0.00098,0.018269,0.018269,0.018269,0.0,0.0,0.0,0.0,7.7e-05,7.7e-05,6e-06,0.000261,0.000261,0.000326,0.001679,0.001679,0.0,2.3e-05,2.3e-05,27.423638,33.432673,33.432673,121.782964,148.238899,148.238899,460.571414,531.822264,531.822264,4.954051,5.76985,5.76985,6.7e-05,6.7e-05,6.7e-05,0.000341,0.000349,0.000349,0.003932,0.004575,0.004575,8e-06,8e-06,8e-06,0.0,0.0,0.0,0.001085,0.001085,0.001085,0.023087,0.023154,0.023154,0.0,0.0,0.0
BBS_CA_197_TIPTON_2015,2015-05-28,2015-06-10,0.0,0.0,0.0,0.0,0.0,0.0,0.0,0.0,0.0,0.0,0.0,0.0,0.0,0.0,0.0,0.0,0.0,0.0,1.7771,7.2794,7.2794,0.0,0.0,0.0,0.0,0.0,0.0,0.0,0.0,0.0,0.0,0.0,0.0,0.0,0.0,0.0,0.0,8.1289,18.0184,0.3219,25.875,61.3697,12.5179,181.2998,324.6864,0.0,2.0933,4.6301,0.0,0.0,0.0,0.0,0.0,0.0,0.0,0.0,0.0,0.0,0.0,0.0,0.0,0.0,0.7249,0.0,0.0,2.2788,1.08,3.1098,7.8501,0.0,0.0,0.1865,0.4679,0.4679,0.4679,1.4662,1.4662,1.4662,3.9731,4.0132,4.0132,0.12,0.12,0.12,0.3107,0.3107,0.3107,0.9647,0.9647,0.9647,0.9913,0.9915,0.9915,0.0803,0.0803,0.0803,0.0,0.0,0.0,0.0,0.0,0.0,0.0,0.0,0.0,0.0,0.0,0.0,0.0,0.0,0.0,0.0,0.0,0.0,0.000877,0.003323,0.003323,0.0,0.0,0.0,0.0,0.0,0.0,0.0,0.0,0.0,0.0,0.0,0.0,0.0,0.0,0.0,0.0,0.20737,4.602703,0.008212,0.660076,14.750802,0.319334,4.626302,24.47702,0.0,0.053401,1.180874,0.0,0.0,0.0,0.0,0.0,0.0,0.0,0.0,0.0,0.0,0.0,0.0,0.0,0.0,7.4e-05,0.0,0.0,0.000235,0.000289,0.000726,0.001574,0.0,0.0,1.9e-05,0.015094,0.015094,0.015094,0.047298,0.047298,0.047298,0.054438,0.05573,0.05573,0.003872,0.003872,0.003872,0.000154,0.000154,0.000154,0.000479,0.000479,0.000479,0.000492,0.000492,0.000492,4e-05,4e-05,4e-05,0.0,0.0,0.0,0.0,0.0,0.0,0.0,0.0,0.0,0.0,0.0,0.0,0.0,0.0,0.0,0.0,0.0,0.0,0.043546,0.517884,0.517884,0.0,0.0,0.0,0.0,0.0,0.0,0.0,0.0,0.0,0.0,0.0,0.0,0.0,0.0,0.0,0.0,81.289165,83.761539,3.218936,258.7496,282.512173,125.179004,1812.97992,2530.895698,0.0,20.93309,21.567294,0.0,0.0,0.0,0.0,0.0,0.0,0.0,0.0,0.0,0.0,0.0,0.0,0.0,0.0,1.208112,0.0,0.0,3.839404,4.640321,12.107454,26.472761,0.0,0.0,0.310789,6e-06,6e-06,6e-06,1.7e-05,1.7e-05,1.7e-05,7.9e-05,8e-05,8e-05,1e-06,1e-06,1e-06,0.000376,0.000376,0.000376,0.001174,0.001174,0.001174,0.001208,0.001208,0.001208,9.7e-05,9.7e-05,9.7e-05
BBS_CA_197_TIPTON_2016,2016-05-28,2016-06-10,0.0,0.0,0.0,0.0,0.0,0.0,0.0,0.0,0.0,0.0,0.0,0.0,0.0,0.0,0.0,0.0,0.0,0.0,0.0,7.133,7.133,0.0,0.0,0.0,0.0,0.0,0.0,0.0,0.0,0.0,0.0,0.0,0.0,0.0,0.0,0.0,2.0659,2.0659,8.6104,9.0004,9.0004,37.3461,52.1556,86.425,273.1776,0.5349,0.5349,2.2062,0.0,0.0,0.0,0.0,0.0,0.0,0.0,0.0,0.0,0.0,0.0,0.0,0.0,0.0,0.9002,0.0,0.0,3.0455,30.6121,32.581,37.6086,0.0,0.0,0.2314,0.1446,0.1446,0.1446,0.4499,0.4499,0.4499,13.9235,13.9333,13.9333,0.0373,0.0373,0.0373,0.0,0.0,0.0,0.0,0.0,0.0,0.0,0.0,0.0,0.0,0.0,0.0,0.0,0.0,0.0,0.0,0.0,0.0,0.0,0.0,0.0,0.0,0.0,0.0,0.0,0.0,0.0,0.0,0.0,0.0,0.0,0.00317,0.00317,0.0,0.0,0.0,0.0,0.0,0.0,0.0,0.0,0.0,0.0,0.0,0.0,0.0,0.0,0.0,0.09073,0.09073,2.418537,0.3474,0.3474,7.681195,1.853137,2.728667,13.843775,0.02349,0.02349,0.622314,0.0,0.0,0.0,0.0,0.0,0.0,0.0,0.0,0.0,0.0,0.0,0.0,0.0,0.0,9.2e-05,0.0,0.0,0.000346,0.016718,0.01735,0.018185,0.0,0.0,2.4e-05,0.004663,0.004663,0.004663,0.014513,0.014513,0.014513,0.449144,0.449167,0.449167,0.001203,0.001203,0.001203,0.0,0.0,0.0,0.0,0.0,0.0,0.0,0.0,0.0,0.0,0.0,0.0,0.0,0.0,0.0,0.0,0.0,0.0,0.0,0.0,0.0,0.0,0.0,0.0,0.0,0.0,0.0,0.0,0.0,0.0,0.0,0.614911,0.614911,0.0,0.0,0.0,0.0,0.0,0.0,0.0,0.0,0.0,0.0,0.0,0.0,0.0,0.0,0.0,15.205518,15.205518,16.42663,73.110837,73.110837,106.981869,446.605626,789.282695,1926.472134,3.936741,3.936741,4.251697,0.0,0.0,0.0,0.0,0.0,0.0,0.0,0.0,0.0,0.0,0.0,0.0,0.0,0.0,1.500281,0.0,0.0,5.700148,273.695963,284.338567,298.436265,0.0,0.0,0.385738,2e-06,2e-06,2e-06,5e-06,5e-06,5e-06,0.000164,0.000164,0.000164,0.0,0.0,0.0,0.0,0.0,0.0,0.0,0.0,0.0,0.0,0.0,0.0,0.0,0.0,0.0
BBS_CA_197_TIPTON_2017,2017-05-28,2017-06-10,0.0,0.0,0.0,0.0,0.0,0.0,0.0,0.0,0.0,0.0,0.0,0.0,0.0,0.0,0.0,0.0,0.0,0.0,9.1462,9.207,9.207,0.0,0.0,0.0,0.0,0.0,0.0,0.0,0.0,0.0,0.0,0.0,0.0,0.0,0.0,0.0,1.9528,1.9528,1.9528,6.0491,6.0491,6.1027,37.0026,58.9717,59.4465,0.5056,0.5056,0.5056,0.0,0.0,0.0,0.0,0.0,0.0,0.0,0.0,0.0,0.0,0.0,0.0,0.0,0.0,0.0,0.0,0.3729,0.3729,26.7807,32.3315,33.2523,0.0,0.0,0.0,0.3625,0.3625,0.3625,1.1486,1.1486,1.1486,1.1858,38.7526,38.7526,0.0922,0.0922,0.0922,0.0773,0.0773,0.0773,0.2393,0.2393,0.2393,0.2458,0.2459,0.2459,0.02,0.02,0.02,0.0,0.0,0.0,0.0,0.0,0.0,0.0,0.0,0.0,0.0,0.0,0.0,0.0,0.0,0.0,0.0,0.0,0.0,0.004065,0.004092,0.004092,0.0,0.0,0.0,0.0,0.0,0.0,0.0,0.0,0.0,0.0,0.0,0.0,0.0,0.0,0.0,0.185981,0.185981,0.185981,0.576107,0.576107,0.581213,1.373421,1.933856,1.979961,0.048151,0.048151,0.048151,0.0,0.0,0.0,0.0,0.0,0.0,0.0,0.0,0.0,0.0,0.0,0.0,0.0,0.0,0.0,0.0,0.000195,0.000195,0.013353,0.015536,0.015769,0.0,0.0,0.0,0.011695,0.011695,0.011695,0.037051,0.037051,0.037051,0.038252,0.125616,0.125616,0.002973,0.002973,0.002973,3.4e-05,3.4e-05,3.4e-05,0.000106,0.000106,0.000106,0.000109,0.000109,0.000109,9e-06,9e-06,9e-06,0.0,0.0,0.0,0.0,0.0,0.0,0.0,0.0,0.0,0.0,0.0,0.0,0.0,0.0,0.0,0.0,0.0,0.0,0.788461,0.793709,0.793709,0.0,0.0,0.0,0.0,0.0,0.0,0.0,0.0,0.0,0.0,0.0,0.0,0.0,0.0,0.0,0.000976,0.000976,0.000976,0.003025,0.003025,0.003051,306.243666,525.933955,525.935658,0.000253,0.000253,0.000253,0.0,0.0,0.0,0.0,0.0,0.0,0.0,0.0,0.0,0.0,0.0,0.0,0.0,0.0,0.0,0.0,3.197029,3.197029,218.818371,255.146997,259.150392,0.0,0.0,0.0,4e-06,4e-06,4e-06,1.4e-05,1.4e-05,1.4e-05,1.4e-05,0.000953,0.000953,1e-06,1e-06,1e-06,0.000339,0.000339,0.000339,0.00105,0.00105,0.00105,0.001078,0.001078,0.001078,8.8e-05,8.8e-05,8.8e-05
BBS_CA_197_TIPTON_2018,2018-05-28,2018-06-10,0.0,0.0,0.0,0.0,0.0,0.0,0.0,0.0,0.0,0.0,0.0,0.0,0.0,0.0,0.0,0.0,0.0,0.0,0.0,0.9845,0.9845,0.0,0.0,0.0,0.0,0.0,0.0,0.0,0.0,0.0,0.0,0.0,0.0,0.0,0.0,0.0,0.8083,0.8083,0.8083,2.512,2.512,2.512,29.5408,40.5107,96.082,0.2087,0.2087,0.2087,0.0,0.0,0.0,0.0,0.0,0.0,0.0,0.0,0.0,0.0,0.0,0.0,1.0029,1.0029,1.0029,3.3035,4.1601,4.1601,23.3141,32.9902,36.1989,0.2486,0.2486,0.2486,0.0,0.0,0.0,0.0,0.0,0.0,7.2457,7.2457,7.2457,0.0,0.0,0.0,0.0,0.0,0.0,0.0,0.0,0.0,4.1645,6.0718,6.0718,0.0,0.0,0.0,0.0,0.0,0.0,0.0,0.0,0.0,0.0,0.0,0.0,0.0,0.0,0.0,0.0,0.0,0.0,0.0,0.0,0.0,0.0,0.000438,0.000438,0.0,0.0,0.0,0.0,0.0,0.0,0.0,0.0,0.0,0.0,0.0,0.0,0.0,0.0,0.0,0.076979,0.076979,0.076979,0.239237,0.239237,0.239237,2.813409,3.093255,8.327532,0.019878,0.019878,0.019878,0.0,0.0,0.0,0.0,0.0,0.0,0.0,0.0,0.0,0.0,0.0,0.0,0.000254,0.000254,0.000254,0.000836,0.001269,0.001269,0.008732,0.012855,0.013661,6.3e-05,6.3e-05,6.3e-05,0.0,0.0,0.0,0.0,0.0,0.0,0.233731,0.233731,0.233731,0.0,0.0,0.0,0.0,0.0,0.0,0.0,0.0,0.0,0.001931,0.002779,0.002779,0.0,0.0,0.0,0.0,0.0,0.0,0.0,0.0,0.0,0.0,0.0,0.0,0.0,0.0,0.0,0.0,0.0,0.0,0.0,0.0,0.0,0.0,0.084875,0.084875,0.0,0.0,0.0,0.0,0.0,0.0,0.0,0.0,0.0,0.0,0.0,0.0,0.0,0.0,0.0,0.000404,0.000404,0.000404,0.001256,0.001256,0.001256,0.01477,109.714101,118.090957,0.000104,0.000104,0.000104,0.0,0.0,0.0,0.0,0.0,0.0,0.0,0.0,0.0,0.0,0.0,0.0,4.360228,4.360228,4.360228,14.363056,21.478548,21.478548,145.750172,214.063101,227.911359,1.08077,1.08077,1.08077,0.0,0.0,0.0,0.0,0.0,0.0,8.5e-05,8.5e-05,8.5e-05,0.0,0.0,0.0,0.0,0.0,0.0,0.0,0.0,0.0,0.013392,0.021758,0.021758,0.0,0.0,0.0
BBS_CA_197_TIPTON_2019,2019-05-28,2019-06-10,0.0,0.0,0.0,0.0,0.0,0.0,0.0,0.0,0.0,0.0,0.0,0.0,3.1342,3.1342,4.0471,10.2167,10.2167,13.1564,25.3535,27.0214,36.6774,0.7769,0.7769,1.0031,0.0,0.0,0.0,0.0,0.0,0.0,0.0,0.0,0.0846,0.0,0.0,0.0,23.2932,23.2932,23.2932,77.1446,77.1446,77.1446,132.3107,132.3107,132.3107,6.0084,6.0084,6.0084,0.0,0.0,0.0,0.0,0.0,0.0,0.0,0.0,0.0,0.0,0.0,0.0,1.5671,1.5671,1.5671,5.2809,5.4647,5.6112,37.3669,45.811,47.1218,0.3884,0.3884,0.3884,0.0,1.3704,1.3704,0.0,4.413,4.413,49.6158,54.1759,54.1759,0.0,0.3397,0.3397,0.0,0.0,0.0,0.0,0.0,0.0,1.2648,1.2648,1.2648,0.0,0.0,0.0,0.0,0.0,0.0,0.0,0.0,0.0,0.0,0.0,0.0,0.0,0.0,0.0,0.001393,0.001393,0.001799,0.004541,0.004541,0.005847,0.011268,0.01201,0.016301,0.000345,0.000345,0.000446,0.0,0.0,0.0,0.0,0.0,0.0,0.0,0.0,0.000365,0.0,0.0,0.0,0.066552,0.066552,0.066552,0.220413,0.220413,0.220413,0.450223,0.450223,0.450223,0.017167,0.017167,0.017167,0.0,0.0,0.0,0.0,0.0,0.0,0.0,0.0,0.0,0.0,0.0,0.0,0.000397,0.000397,0.000397,0.001337,0.001383,0.001421,0.016573,0.019325,0.019657,9.8e-05,9.8e-05,9.8e-05,0.0,0.003187,0.003187,0.0,0.010263,0.010263,0.115385,0.125991,0.125991,0.0,0.00079,0.00079,0.0,0.0,0.0,0.0,0.0,0.0,0.000562,0.000562,0.000562,0.0,0.0,0.0,0.0,0.0,0.0,0.0,0.0,0.0,0.0,0.0,0.0,0.0,0.0,0.0,0.27019,0.27019,0.348884,0.880748,0.880748,1.13417,1.742578,1.88636,2.718776,0.066972,0.066972,0.086478,0.0,0.0,0.0,0.0,0.0,0.0,0.0,0.0,1e-06,0.0,0.0,0.0,0.000347,0.000347,0.000347,0.001148,0.001148,0.001148,0.002348,0.002348,0.002348,8.9e-05,8.9e-05,8.9e-05,0.0,0.0,0.0,0.0,0.0,0.0,0.0,0.0,0.0,0.0,0.0,0.0,6.813495,6.813495,6.813495,22.960459,23.759462,24.396551,272.755561,319.107127,324.806379,1.688862,1.688862,1.688862,0.0,3.4e-05,3.4e-05,0.0,0.00011,0.00011,0.00124,0.001354,0.001354,0.0,8e-06,8e-06,0.0,0.0,0.0,0.0,0.0,0.0,0.005529,0.005529,0.005529,0.0,0.0,0.0
BBS_CA_197_TIPTON_2020,2020-05-28,2020-06-10,0.0,0.0,0.0,0.0,0.0,0.0,0.0,0.0,0.0,0.0,0.0,0.0,3.1804,3.1804,5.1107,10.4501,10.4501,16.8064,21.4175,21.4175,29.079,0.7883,0.7883,1.2668,0.0,0.0,0.0,0.0,0.0,0.0,0.0,0.0,0.0,0.0,0.0,0.0,0.0,0.0,0.0,0.0,0.0,0.0,17.6404,17.6404,17.6404,0.0,0.0,0.0,0.0,0.0,0.0,0.0,0.0,0.0,0.0,0.0,0.0,0.0,0.0,0.0,1.9918,1.9918,1.9918,6.8513,7.0777,7.0777,34.2487,48.477,48.477,0.4909,0.4909,0.4909,0.0,0.0,0.0,1.6665,1.6665,1.6665,30.0344,30.0344,30.0344,0.0,0.0,0.0,0.0,0.0,0.0,0.0,0.0,0.0,0.0,0.0033,0.0033,0.0,0.0,0.0,0.0,0.0,0.0,0.0,0.0,0.0,0.0,0.0,0.0,0.0,0.0,0.0,0.001414,0.001414,0.002271,0.004644,0.004644,0.00747,0.009519,0.009519,0.012924,0.00035,0.00035,0.000563,0.0,0.0,0.0,0.0,0.0,0.0,0.0,0.0,0.0,0.0,0.0,0.0,0.0,0.0,0.0,0.0,0.0,0.0,0.050401,0.050401,0.050401,0.0,0.0,0.0,0.0,0.0,0.0,0.0,0.0,0.0,0.0,0.0,0.0,0.0,0.0,0.0,0.000626,0.000626,0.000626,0.002159,0.002216,0.002216,0.013524,0.017126,0.017126,0.000154,0.000154,0.000154,0.0,0.0,0.0,0.047078,0.047078,0.047078,0.848477,0.848477,0.848477,0.0,0.0,0.0,0.0,0.0,0.0,0.0,0.0,0.0,0.0,2e-06,2e-06,0.0,0.0,0.0,0.0,0.0,0.0,0.0,0.0,0.0,0.0,0.0,0.0,0.0,0.0,0.0,0.274176,0.274176,0.440577,0.900869,0.900869,1.448827,1.846339,1.846339,2.506814,0.06796,0.06796,0.109206,0.0,0.0,0.0,0.0,0.0,0.0,0.0,0.0,0.0,0.0,0.0,0.0,0.0,0.0,0.0,0.0,0.0,0.0,0.000263,0.000263,0.000263,0.0,0.0,0.0,0.0,0.0,0.0,0.0,0.0,0.0,0.0,0.0,0.0,0.0,0.0,0.0,10.56448,10.56448,10.56448,36.012736,36.997055,36.997055,217.301508,279.163859,279.163859,2.592851,2.592851,2.592851,0.0,0.0,0.0,1.9e-05,1.9e-05,1.9e-05,0.000346,0.000346,0.000346,0.0,0.0,0.0,0.0,0.0,0.0,0.0,0.0,0.0,0.0,3e-06,3e-06,0.0,0.0,0.0
BBS_CA_197_TIPTON_2021,2021-05-28,2021-06-10,0.0,0.0,0.0,0.0,0.0,0.0,0.0,0.0,0.0,0.0,0.0,0.0,0.0,3.1863,5.1201,0.2489,10.51,17.1568,3.2429,25.1352,35.2301,0.0,0.7898,1.2691,0.0,0.0,0.0,0.0,0.0,0.0,0.0,0.0,0.0,0.0,0.0,0.0,4.414,4.414,4.414,14.1256,14.1256,14.1256,27.2745,53.4804,53.4804,1.1428,1.1428,1.1428,0.0,0.0,0.0,0.0,0.0,0.0,0.0,0.0,0.0,0.0,0.0,0.0,6.157,7.7501,7.7501,20.1831,25.9506,25.9506,44.5863,100.7272,100.7272,1.5244,1.9193,1.9193,0.0,0.0,0.0,1.4066,1.4066,1.4066,25.2085,25.2085,25.2085,0.0,0.0,0.0,0.0,0.0,0.0,0.0,0.0,0.0,0.0,0.0,0.0,0.0,0.0,0.0,0.0,0.0,0.0,0.0,0.0,0.0,0.0,0.0,0.0,0.0,0.0,0.0,0.0,0.001416,0.002276,0.000111,0.004671,0.007625,0.001441,0.011171,0.015658,0.0,0.000351,0.000564,0.0,0.0,0.0,0.0,0.0,0.0,0.0,0.0,0.0,0.0,0.0,0.0,0.012611,0.012611,0.012611,0.08216,0.08216,0.08216,1.209368,1.282365,1.282365,0.003265,0.003265,0.003265,0.0,0.0,0.0,0.0,0.0,0.0,0.0,0.0,0.0,0.0,0.0,0.0,0.003402,0.003805,0.003805,0.011078,0.012669,0.012669,0.023273,0.048276,0.048276,0.000842,0.000942,0.000942,0.0,0.0,0.0,0.045373,0.045373,0.045373,0.813176,0.813176,0.813176,0.0,0.0,0.0,0.0,0.0,0.0,0.0,0.0,0.0,0.0,0.0,0.0,0.0,0.0,0.0,0.0,0.0,0.0,0.0,0.0,0.0,0.0,0.0,0.0,0.0,0.0,0.0,0.0,0.274682,0.44139,0.021457,0.906031,1.479035,0.279558,2.166824,3.037077,0.0,0.068086,0.109407,0.0,0.0,0.0,0.0,0.0,0.0,0.0,0.0,0.0,0.0,0.0,0.0,6.6e-05,6.6e-05,6.6e-05,0.00043,0.00043,0.00043,0.006347,37.443391,37.443391,1.7e-05,1.7e-05,1.7e-05,0.0,0.0,0.0,0.0,0.0,0.0,0.0,0.0,0.0,0.0,0.0,0.0,55.682599,62.60937,62.60937,181.369773,208.493005,208.493005,381.847917,795.177987,795.177987,13.788537,15.505477,15.505477,0.0,0.0,0.0,1.7e-05,1.7e-05,1.7e-05,0.000297,0.000297,0.000297,0.0,0.0,0.0,0.0,0.0,0.0,0.0,0.0,0.0,0.0,0.0,0.0,0.0,0.0,0.0
BBS_CA_197_TIPTON_2022,2022-05-28,2022-06-10,0.0,0.0,0.0,0.0,0.0,0.0,0.0,0.0,0.0,0.0,0.0,0.0,0.0,3.3395,3.3395,0.2573,11.0116,11.0116,6.6033,24.2065,24.2065,0.0,0.8278,0.8278,0.0,0.0,0.0,0.0,0.0,0.0,0.0,0.0,0.0,0.0,0.0,0.0,3.9046,3.9046,3.9046,12.5413,14.1145,14.1145,18.5569,30.7316,30.7316,0.9931,0.9931,0.9931,0.0,0.0,0.0,0.0,0.0,0.0,0.0,0.0,0.0,0.0,0.0,0.0,0.4412,2.1109,2.1109,2.643,8.1175,8.1175,20.2217,82.4915,82.4915,0.1069,0.5208,0.5208,0.769,0.769,0.769,2.5664,2.5664,3.7339,3.8737,3.8737,12.9082,0.1991,0.1991,0.1991,0.0,0.0,0.0,0.0,0.0,0.0,0.0,0.0,0.0,0.0,0.0,0.0,0.0,0.0,0.0,0.0,0.0,0.0,0.0,0.0,0.0,0.0,0.0,0.0,0.0,0.001484,0.001484,0.000114,0.004894,0.004894,0.002935,0.010758,0.010758,0.0,0.000368,0.000368,0.0,0.0,0.0,0.0,0.0,0.0,0.0,0.0,0.0,0.0,0.0,0.0,0.018077,0.018077,0.018077,0.058027,0.207855,0.207855,0.129596,1.289093,1.289093,0.004579,0.004579,0.004579,0.0,0.0,0.0,0.0,0.0,0.0,0.0,0.0,0.0,0.0,0.0,0.0,0.00023,0.000653,0.000653,0.001325,0.002715,0.002715,0.0091,0.038537,0.038537,5.6e-05,0.000161,0.000161,0.024806,0.024806,0.024806,0.07716,0.07716,0.114819,0.081401,0.081401,0.372838,0.006422,0.006422,0.006422,0.0,0.0,0.0,0.0,0.0,0.0,0.0,0.0,0.0,0.0,0.0,0.0,0.0,0.0,0.0,0.0,0.0,0.0,0.0,0.0,0.0,0.0,0.0,0.0,0.0,0.287884,0.287884,0.022184,0.949274,0.949274,0.569253,2.086767,2.086767,0.0,0.071358,0.071358,0.0,0.0,0.0,0.0,0.0,0.0,0.0,0.0,0.0,0.0,0.0,0.0,9.4e-05,9.4e-05,9.4e-05,0.000303,0.00109,0.00109,0.000678,0.006766,0.006766,2.4e-05,2.4e-05,2.4e-05,0.0,0.0,0.0,0.0,0.0,0.0,0.0,0.0,0.0,0.0,0.0,0.0,3.77359,11.033286,11.033286,21.784694,45.652129,45.652129,150.356852,635.555598,635.555598,0.915124,2.714586,2.714586,9e-06,9e-06,9e-06,3e-05,3e-05,4.4e-05,4.3e-05,4.3e-05,0.000149,2e-06,2e-06,2e-06,0.0,0.0,0.0,0.0,0.0,0.0,0.0,0.0,0.0,0.0,0.0,0.0
BBS_CA_197_TIPTON_2023,2023-05-28,2023-06-10,0.0,0.0,0.0,0.0,0.0,0.0,0.0,0.0,0.0,0.0,0.0,0.0,0.0,0.5933,0.5933,0.0,1.9107,1.9107,0.568,2.5424,2.5424,0.0,0.1471,0.1471,0.0,0.0,0.0,0.0,0.0,0.0,0.0,0.0022,0.0022,0.0,0.0,0.0,2.2222,2.2222,2.2222,7.1262,7.1262,7.1262,7.3772,8.4982,8.4982,0.5593,0.5593,0.5593,0.0,0.0,0.0,0.0,0.0,0.0,0.0,0.0,0.0,0.0,0.0,0.0,0.3382,5.027,5.027,1.3108,16.4322,16.4322,24.6246,63.715,63.715,0.0814,1.2437,1.2437,0.4103,1.3046,1.3046,1.2709,4.0412,4.0412,1.3129,5.8931,5.8931,0.1062,0.3378,0.3378,0.0,0.0,0.0,0.0,0.0,0.0,0.0,0.0,0.0,0.0,0.0,0.0,0.0,0.0,0.0,0.0,0.0,0.0,0.0,0.0,0.0,0.0,0.0,0.0,0.0,0.000264,0.000264,0.0,0.000849,0.000849,0.000252,0.00113,0.00113,0.0,6.5e-05,6.5e-05,0.0,0.0,0.0,0.0,0.0,0.0,0.0,1e-05,1e-05,0.0,0.0,0.0,0.006349,0.006349,0.006349,0.02036,0.02036,0.02036,0.021078,0.0242,0.0242,0.001598,0.001598,0.001598,0.0,0.0,0.0,0.0,0.0,0.0,0.0,0.0,0.0,0.0,0.0,0.0,0.00017,0.002254,0.002254,0.000611,0.007328,0.007328,0.010248,0.028189,0.028189,4.1e-05,0.000558,0.000558,0.000712,0.029561,0.029561,0.002206,0.091571,0.091571,0.002279,0.150027,0.150027,0.000184,0.007654,0.007654,0.0,0.0,0.0,0.0,0.0,0.0,0.0,0.0,0.0,0.0,0.0,0.0,0.0,0.0,0.0,0.0,0.0,0.0,0.0,0.0,0.0,0.0,0.0,0.0,0.0,0.051147,0.051147,0.0,0.164713,0.164713,0.048967,0.219171,0.219171,0.0,0.012678,0.012678,0.0,0.0,0.0,0.0,0.0,0.0,0.0,0.0,0.0,0.0,0.0,0.0,3.3e-05,3.3e-05,3.3e-05,0.000106,0.000106,0.000106,0.00011,1.601442,1.601442,8e-06,8e-06,8e-06,0.0,0.0,0.0,0.0,0.0,0.0,0.0,0.0,0.0,0.0,0.0,0.0,2.792912,37.251806,37.251806,10.076839,121.141374,121.141374,166.674369,462.827274,462.827274,0.672565,9.213897,9.213897,4e-06,1.5e-05,1.5e-05,1.3e-05,4.5e-05,4.5e-05,1.3e-05,6.7e-05,6.7e-05,1e-06,4e-06,4e-06,0.0,0.0,0.0,0.0,0.0,0.0,0.0,0.0,0.0,0.0,0.0,0.0
BBS_CA_204_ATHLONE_2015,2015-05-28,2015-06-10,0.0,0.0,0.0,0.0,0.0,0.0,0.0,0.0,0.0,0.0,0.0,0.0,2.0714,3.5253,3.5253,6.8093,11.9604,11.9604,7.0739,17.9744,19.7383,0.505,0.8748,0.8748,0.0,0.0,0.0,0.0,0.0,0.0,0.0,0.0,0.0,0.0,0.0,0.0,0.0,0.0,63.5235,0.0,0.0,284.2085,0.0,0.0,1884.8238,0.0,0.0,16.0805,0.0,0.0,0.0,0.0,0.0,0.0,0.0,0.0,0.0,0.0,0.0,0.0,0.0,0.0,2.2643,0.0,0.0,10.1966,277.6772,360.8985,429.8997,0.0,0.0,0.5733,0.0,0.0,0.0,8.1668,8.1668,13.221,103.5355,111.3866,174.6099,0.0,0.0,0.0,0.0,0.0,0.0,0.0,0.0,0.0,3.2413,3.2413,3.2413,0.0,0.0,0.0,0.0,0.0,0.0,0.0,0.0,0.0,0.0,0.0,0.0,0.0,0.0,0.0,0.001036,0.001763,0.001763,0.003405,0.00598,0.00598,0.003537,0.008987,0.009869,0.000253,0.000437,0.000437,0.0,0.0,0.0,0.0,0.0,0.0,0.0,0.0,0.0,0.0,0.0,0.0,0.0,0.0,1.620497,0.0,0.0,7.548811,0.0,0.0,55.750239,0.0,0.0,0.410216,0.0,0.0,0.0,0.0,0.0,0.0,0.0,0.0,0.0,0.0,0.0,0.0,0.0,0.0,0.000573,0.0,0.0,0.002581,0.153803,0.198141,0.21561,0.0,0.0,0.000145,0.0,0.0,0.0,0.263444,0.263444,0.426483,3.339855,3.593115,5.632578,0.0,0.0,0.0,0.0,0.0,0.0,0.0,0.0,0.0,0.001441,0.001441,0.001441,0.0,0.0,0.0,0.0,0.0,0.0,0.0,0.0,0.0,0.0,0.0,0.0,0.0,0.0,0.0,0.034524,0.058755,0.058755,0.113488,0.19934,0.19934,0.117898,0.299573,0.328972,0.008417,0.01458,0.01458,0.0,0.0,0.0,0.0,0.0,0.0,0.0,0.0,0.0,0.0,0.0,0.0,0.0,0.0,635.23468,0.0,0.0,2799.264839,0.0,0.0,17705.569279,0.0,0.0,160.804846,0.0,0.0,0.0,0.0,0.0,0.0,0.0,0.0,0.0,0.0,0.0,0.0,0.0,0.0,9.844971,0.0,0.0,44.333259,2517.09124,3240.138745,3540.144146,0.0,0.0,2.492425,0.0,0.0,0.0,9.6e-05,9.6e-05,0.000156,0.001218,0.00131,0.002054,0.0,0.0,0.0,0.0,0.0,0.0,0.0,0.0,0.0,0.014216,0.014216,0.014216,0.0,0.0,0.0
BBS_CA_204_ATHLONE_2016,2016-05-28,2016-06-10,0.0,0.0,0.0,0.0,0.0,0.0,0.0,0.0,0.0,0.0,0.0,0.0,0.0,0.0,0.0,0.0,0.0,0.0,2.7578,3.2728,3.5602,0.0,0.0,0.0,0.0,0.0,3.6686,0.0,0.0,12.9739,0.0,0.0,23.3287,0.0,0.0,0.9133,0.0,0.0,37.0199,0.0,0.0,198.2652,0.0,14.7478,2265.2013,0.0,0.0,9.4377,0.0,0.0,0.0,0.0,0.0,0.0,0.4555,0.4555,0.4555,0.0,0.0,0.0,0.0,0.0,3.6705,0.0,0.0,16.4635,56.4147,57.2773,177.1637,0.0,0.0,0.9267,0.0,0.0,0.0,5.0542,5.0542,5.0542,44.2597,63.8058,63.8058,0.0,0.0,0.0,0.0,0.0,0.0,0.0,0.0,0.0,0.7632,0.7632,0.7632,0.0,0.0,0.0,0.0,0.0,0.0,0.0,0.0,0.0,0.0,0.0,0.0,0.0,0.0,0.0,0.0,0.0,0.0,0.0,0.0,0.0,0.001379,0.001636,0.001764,0.0,0.0,0.0,0.0,0.0,0.015813,0.0,0.0,0.055922,0.0,0.0,0.100555,0.0,0.0,0.003937,0.0,0.0,3.525707,0.0,0.0,18.882398,0.0,1.404557,214.850976,0.0,0.0,0.898826,0.0,0.0,0.0,0.0,0.0,0.0,0.004648,0.004648,0.004648,0.0,0.0,0.0,0.0,0.0,0.000929,0.0,0.0,0.004168,0.030352,0.030571,0.060948,0.0,0.0,0.000235,0.0,0.0,0.0,0.163039,0.163039,0.163039,1.356091,1.986611,1.986611,0.0,0.0,0.0,0.0,0.0,0.0,0.0,0.0,0.0,0.000339,0.000339,0.000339,0.0,0.0,0.0,0.0,0.0,0.0,0.0,0.0,0.0,0.0,0.0,0.0,0.0,0.0,0.0,0.0,0.0,0.0,0.0,0.0,0.0,0.045964,0.054547,0.079319,0.0,0.0,0.0,0.0,0.0,4.7e-05,0.0,0.0,0.000167,0.0,0.0,0.000301,0.0,0.0,1.2e-05,0.0,0.0,0.01851,0.0,0.0,0.099133,0.0,0.007374,74.007902,0.0,0.0,0.004719,0.0,0.0,0.0,0.0,0.0,0.0,9e-06,9e-06,9e-06,0.0,0.0,0.0,0.0,0.0,15.95876,0.0,0.0,71.580462,439.107547,442.858345,964.007565,0.0,0.0,4.029028,0.0,0.0,0.0,5.9e-05,5.9e-05,5.9e-05,0.000517,0.000747,0.000747,0.0,0.0,0.0,0.0,0.0,0.0,0.0,0.0,0.0,0.003347,0.003347,0.003347,0.0,0.0,0.0
BBS_CA_204_ATHLONE_2017,2017-05-28,2017-06-10,0.0,0.0,0.0,0.0,0.0,0.0,0.0,0.0,0.0,0.0,0.0,0.0,1.5601,1.5601,1.5601,5.0735,5.0735,5.0735,6.9588,6.9588,6.9588,0.3829,0.3829,0.3829,0.0,0.9038,6.3506,0.0,4.0801,27.5882,7.8571,42.0415,226.4915,0.0,0.2204,1.6038,0.0,0.0,0.0,0.0,0.0,0.0,0.0,0.0,92.256,0.0,0.0,0.0,0.0,0.0,0.0,0.0,0.0,0.0,0.0,0.0,0.0,0.0,0.0,0.0,0.0,5.0857,9.0426,0.0,17.2663,34.2128,25.1591,68.7099,209.067,0.0,1.2588,2.2646,0.0,0.0,0.0,0.9529,0.9529,0.9529,26.1414,33.1154,33.1154,0.0,0.0,0.0,0.0,0.0,0.0,0.0,0.0,0.0,0.6099,0.6099,0.6099,0.0,0.0,0.0,0.0,0.0,0.0,0.0,0.0,0.0,0.0,0.0,0.0,0.0,0.0,0.0,0.000693,0.000693,0.000693,0.002255,0.002255,0.002255,0.003188,0.003188,0.003188,0.00017,0.00017,0.00017,0.0,0.003896,0.027373,0.0,0.017587,0.118915,0.033867,0.181213,0.976256,0.0,0.00095,0.006913,0.0,0.0,0.0,0.0,0.0,0.0,0.0,0.0,8.786287,0.0,0.0,0.0,0.0,0.0,0.0,0.0,0.0,0.0,0.0,0.0,0.0,0.0,0.0,0.0,0.0,0.001288,0.002289,0.0,0.004371,0.008661,0.007603,0.018818,0.054352,0.0,0.000319,0.000573,0.0,0.0,0.0,0.020068,0.020068,0.020068,0.629838,0.690579,0.690579,0.0,0.0,0.0,0.0,0.0,0.0,0.0,0.0,0.0,0.000271,0.000271,0.000271,0.0,0.0,0.0,0.0,0.0,0.0,0.0,0.0,0.0,0.0,0.0,0.0,0.0,0.0,0.0,0.13449,0.13449,0.13449,0.437374,0.437374,0.437374,0.480822,0.480822,0.480822,0.033007,0.033007,0.033007,0.0,1.2e-05,8.2e-05,0.0,5.3e-05,0.000356,0.000101,0.000542,0.002919,0.0,3e-06,2.1e-05,0.0,0.0,0.0,0.0,0.0,0.0,0.0,0.0,0.046128,0.0,0.0,0.0,0.0,0.0,0.0,0.0,0.0,0.0,0.0,0.0,0.0,0.0,0.0,0.0,0.0,22.11177,39.315799,0.0,75.070956,148.751498,128.74127,317.852972,928.101107,0.0,5.472875,9.845969,0.0,0.0,0.0,1.6e-05,1.6e-05,1.6e-05,0.000384,0.000539,0.000539,0.0,0.0,0.0,0.0,0.0,0.0,0.0,0.0,0.0,0.002675,0.002675,0.002675,0.0,0.0,0.0
BBS_CA_204_ATHLONE_2018,2018-05-28,2018-06-10,0.0,0.0,0.0,0.0,0.0,0.0,0.0,0.0,0.0,0.0,0.0,0.0,0.0,2.7066,2.7066,0.0,8.802,8.802,4.1016,13.2036,13.2036,0.0,0.6643,0.6643,0.0,0.0,5.1858,0.0,6.158,30.1482,0.0,140.6059,318.4456,0.0,0.0,1.2968,0.0,0.0,0.0,0.0,0.0,0.0,25.1454,25.1454,65.1217,0.0,0.0,0.0,0.0,0.0,0.0,0.0,0.0,0.0,5.516,5.516,5.516,0.0,0.0,0.0,0.0,0.0,0.0,0.0,0.2065,0.2065,76.7323,124.9602,129.3137,0.0,0.0,0.0,0.0,0.0,0.0,5.9641,5.9641,5.9641,71.4553,74.5201,74.5201,0.0,0.0,0.0,0.0,0.0,0.0,0.0,0.0,0.0,4.7901,4.7901,4.7901,0.0,0.0,0.0,0.0,0.0,0.0,0.0,0.0,0.0,0.0,0.0,0.0,0.0,0.0,0.0,0.0,0.001203,0.001203,0.0,0.003912,0.003912,0.001823,0.005868,0.005868,0.0,0.000295,0.000295,0.0,0.0,0.022353,0.0,0.026543,0.129949,0.0,0.60606,1.37261,0.0,0.0,0.00559,0.0,0.0,0.0,0.0,0.0,0.0,0.071844,0.071844,3.879113,0.0,0.0,0.0,0.0,0.0,0.0,0.0,0.0,0.0,0.056286,0.056286,0.056286,0.0,0.0,0.0,0.0,0.0,0.0,0.0,5.2e-05,5.2e-05,0.039416,0.063697,0.0648,0.0,0.0,0.0,0.0,0.0,0.0,0.192392,0.192392,0.192392,2.30501,2.403874,2.403874,0.0,0.0,0.0,0.0,0.0,0.0,0.0,0.0,0.0,0.002129,0.002129,0.002129,0.0,0.0,0.0,0.0,0.0,0.0,0.0,0.0,0.0,0.0,0.0,0.0,0.0,0.0,0.0,0.0,0.135328,0.135328,0.0,0.4401,0.4401,0.205078,0.660181,0.660181,0.0,0.033213,0.033213,0.0,0.0,6.7e-05,0.0,7.9e-05,0.000389,0.0,0.001812,0.004104,0.0,0.0,1.7e-05,0.0,0.0,0.0,0.0,0.0,0.0,0.000374,0.000374,0.020362,0.0,0.0,0.0,0.0,0.0,0.0,0.0,0.0,0.0,0.000111,0.000111,0.000111,0.0,0.0,0.0,0.0,0.0,0.0,0.0,0.898015,0.898015,644.710858,1042.350451,1061.278806,0.0,0.0,0.0,0.0,0.0,0.0,7e-05,7e-05,7e-05,0.000841,0.000877,0.000877,0.0,0.0,0.0,0.0,0.0,0.0,0.0,0.0,0.0,0.021009,0.021009,0.021009,0.0,0.0,0.0
BBS_CA_204_ATHLONE_2019,2019-05-28,2019-06-10,0.0,0.0,0.0,5.022,5.022,5.022,102.952,102.952,102.952,0.0,0.0,0.0,2.065,3.2546,3.2546,6.7156,10.5841,10.5841,6.9446,10.945,10.945,0.5068,0.7987,0.7987,0.0,1.8121,4.4925,0.0,7.0947,20.4938,0.0,20.7164,169.0868,0.0,0.4561,1.129,0.0,0.0,0.0,0.0,0.0,0.0,25.1454,25.1454,27.8149,0.0,0.0,0.0,0.0,0.0,0.0,0.0,0.0,0.0,0.0,0.0,0.0,0.0,0.0,0.0,4.4546,4.6771,4.6771,14.4031,15.1269,15.2039,106.5081,115.9852,117.1215,1.1043,1.1589,1.1589,0.0,0.0,0.0,2.4809,2.4809,2.4809,54.2753,69.2541,69.2541,0.0,0.0,0.0,0.0,0.0,0.0,0.0,0.0,0.0,0.0,0.0,0.0,0.0,0.0,0.0,0.0,0.0,0.0,1.58925,1.58925,1.58925,32.57974,32.57974,32.57974,0.0,0.0,0.0,0.000918,0.001446,0.001446,0.002985,0.004704,0.004704,0.003086,0.004864,0.004864,0.000225,0.000355,0.000355,0.0,0.007811,0.019364,0.0,0.030581,0.088335,0.0,0.089295,0.728823,0.0,0.001966,0.004867,0.0,0.0,0.0,0.0,0.0,0.0,0.071844,0.071844,0.07928,0.0,0.0,0.0,0.0,0.0,0.0,0.0,0.0,0.0,0.0,0.0,0.0,0.0,0.0,0.0,0.002227,0.002339,0.002339,0.007202,0.007563,0.007602,0.056884,0.061728,0.062296,0.000552,0.000579,0.000579,0.0,0.0,0.0,0.080029,0.080029,0.080029,1.750815,2.234002,2.234002,0.0,0.0,0.0,0.0,0.0,0.0,0.0,0.0,0.0,0.0,0.0,0.0,0.0,0.0,0.0,0.0,0.0,0.0,0.015743,0.015743,0.015743,0.322733,0.322733,0.322733,0.0,0.0,0.0,0.10325,0.162728,0.162728,0.33578,0.529207,0.529207,0.347228,0.547248,0.547248,0.02534,0.039937,0.039937,0.0,2.3e-05,5.8e-05,0.0,9.1e-05,0.000264,0.0,0.000267,0.002179,0.0,6e-06,1.5e-05,0.0,0.0,0.0,0.0,0.0,0.0,0.000374,0.000374,3.813988,0.0,0.0,0.0,0.0,0.0,0.0,0.0,0.0,0.0,0.0,0.0,0.0,0.0,0.0,0.0,26.761005,27.528404,27.528404,86.506877,89.002533,89.268135,899.397783,975.109869,979.027874,6.636575,6.824912,6.824912,0.0,0.0,0.0,2.9e-05,2.9e-05,2.9e-05,0.000639,0.000815,0.000815,0.0,0.0,0.0,0.0,0.0,0.0,0.0,0.0,0.0,0.0,0.0,0.0,0.0,0.0,0.0
BBS_CA_204_ATHLONE_2020,2020-05-28,2020-06-10,0.0,0.0,0.0,0.0,0.0,0.0,0.0,0.0,0.0,0.0,0.0,0.0,0.0,0.0,0.0,0.0,0.0,0.0,8.7112,8.7112,8.7112,0.0,0.0,0.0,0.0,0.0,5.3796,0.0,0.0,25.9855,0.0,0.0,228.0253,0.0,0.0,1.3628,0.0,0.0,0.0,0.0,0.0,0.0,0.0,0.0,0.0,0.0,0.0,0.0,2.5436,4.0069,4.0069,8.272,13.0308,13.0308,8.554,13.475,13.475,0.6243,0.9834,0.9834,0.0,0.0,3.0276,0.0,0.0862,14.7093,11.9287,16.5645,139.0427,0.0,0.0,0.767,0.0,0.0,0.0,5.2265,5.2265,5.2265,62.6181,67.2183,67.2183,0.0,0.0,0.0,0.0,1.0332,1.0332,0.0,4.3488,4.3488,0.0,12.0313,12.0313,0.0,0.2628,0.2628,0.0,0.0,0.0,0.0,0.0,0.0,0.0,0.0,0.0,0.0,0.0,0.0,0.0,0.0,0.0,0.0,0.0,0.0,0.003872,0.003872,0.003872,0.0,0.0,0.0,0.0,0.0,0.023188,0.0,0.0,0.112007,0.0,0.0,0.982868,0.0,0.0,0.005874,0.0,0.0,0.0,0.0,0.0,0.0,0.0,0.0,0.0,0.0,0.0,0.0,0.025955,0.040887,0.040887,0.084408,0.132967,0.132967,0.087286,0.1375,0.1375,0.00637,0.010035,0.010035,0.0,0.0,0.000766,0.0,4.3e-05,0.003745,0.006156,0.007547,0.038554,0.0,0.0,0.000194,0.0,0.0,0.0,0.168598,0.168598,0.168598,2.01994,2.168332,2.168332,0.0,0.0,0.0,0.0,0.000459,0.000459,0.0,0.001933,0.001933,0.0,0.005347,0.005347,0.0,0.000117,0.000117,0.0,0.0,0.0,0.0,0.0,0.0,0.0,0.0,0.0,0.0,0.0,0.0,0.0,0.0,0.0,0.0,0.0,0.0,0.435558,0.435558,0.435558,0.0,0.0,0.0,0.0,0.0,6.9e-05,0.0,0.0,0.000335,0.0,0.0,0.002938,0.0,0.0,1.8e-05,0.0,0.0,0.0,0.0,0.0,0.0,0.0,0.0,0.0,0.0,0.0,0.0,5.1e-05,8e-05,8e-05,0.000166,0.000262,0.000262,0.000172,0.000271,0.000271,1.3e-05,2e-05,2e-05,0.0,0.0,13.163494,0.0,0.297111,63.87601,101.056842,120.528986,653.043011,0.0,0.0,3.334657,0.0,0.0,0.0,6.1e-05,6.1e-05,6.1e-05,0.000737,0.000791,0.000791,0.0,0.0,0.0,0.0,0.004532,0.004532,0.0,0.019074,0.019074,0.0,0.052769,0.052769,0.0,0.001153,0.001153
BBS_CA_204_ATHLONE_2021,2021-05-28,2021-06-10,0.0,0.0,0.0,0.0,0.0,0.0,0.0,0.0,0.0,0.0,0.0,0.0,3.7508,6.5951,6.5951,13.3681,22.6181,22.6181,34.4465,53.7557,53.7557,0.9589,1.657,1.657,0.0,0.0,4.7053,0.0,0.4132,22.2046,0.0,5.7187,164.328,0.0,0.0,1.192,0.0,0.0,0.0,0.0,0.0,0.0,0.0,0.0,0.0,0.0,0.0,0.0,0.0,0.0,0.0,0.0,0.0,0.0,0.0,0.0,0.0,0.0,0.0,0.0,1.8754,3.2975,6.1116,6.7429,11.3679,24.4001,124.1856,144.3895,236.7959,0.4795,0.8285,1.5413,0.0,0.0,0.0,6.0976,6.0976,6.0976,76.7704,78.4905,78.4905,0.0,0.0,0.0,0.0,0.0,0.0,0.0,0.0,0.0,0.0,0.0,0.0,0.0,0.0,0.0,0.0,0.0,0.0,0.0,0.0,0.0,0.0,0.0,0.0,0.0,0.0,0.0,0.001667,0.002931,0.002931,0.005941,0.010052,0.010052,0.01531,0.023891,0.023891,0.000426,0.000736,0.000736,0.0,0.0,0.020282,0.0,0.001781,0.095709,0.0,0.024649,0.70831,0.0,0.0,0.005138,0.0,0.0,0.0,0.0,0.0,0.0,0.0,0.0,0.0,0.0,0.0,0.0,0.0,0.0,0.0,0.0,0.0,0.0,0.0,0.0,0.0,0.0,0.0,0.0,0.000475,0.000835,0.001547,0.001722,0.002892,0.006192,0.062885,0.072645,0.096054,0.000121,0.00021,0.00039,0.0,0.0,0.0,0.196697,0.196697,0.196697,2.476465,2.531952,2.531952,0.0,0.0,0.0,0.0,0.0,0.0,0.0,0.0,0.0,0.0,0.0,0.0,0.0,0.0,0.0,0.0,0.0,0.0,0.0,0.0,0.0,0.0,0.0,0.0,0.0,0.0,0.0,0.323342,0.568543,0.568543,1.15242,1.949837,1.949837,2.778707,4.443294,4.443294,0.082665,0.142843,0.142843,0.0,0.0,6.1e-05,0.0,5e-06,0.000286,0.0,7.4e-05,0.002118,0.0,0.0,1.5e-05,0.0,0.0,0.0,0.0,0.0,0.0,0.0,0.0,0.0,0.0,0.0,0.0,0.0,0.0,0.0,0.0,0.0,0.0,0.0,0.0,0.0,0.0,0.0,0.0,8.153844,14.337169,26.572069,29.263847,49.372615,106.034671,995.942526,1077.908305,1479.620215,2.084595,3.602126,6.70152,0.0,0.0,0.0,7.2e-05,7.2e-05,7.2e-05,0.000903,0.000923,0.000923,0.0,0.0,0.0,0.0,0.0,0.0,0.0,0.0,0.0,0.0,0.0,0.0,0.0,0.0,0.0
BBS_CA_204_ATHLONE_2022,2022-05-28,2022-06-10,0.0,0.0,0.0,0.0,0.0,0.0,0.0,0.0,0.0,0.0,0.0,0.0,8.789,13.9138,13.9138,30.2231,47.3839,47.3839,135.5928,159.451,159.451,2.1843,3.4606,3.4606,0.0,0.0,6.3066,0.0,0.7292,26.523,0.0,9.3592,152.9533,0.0,0.0,1.6001,0.0,0.0,0.0,0.0,4.6703,4.6703,0.0,37.7097,37.7097,0.0,0.0,0.0,3.7904,3.7904,3.7904,14.7977,14.7977,14.7977,81.0476,81.0476,81.0476,0.9303,0.9303,0.9303,4.3945,6.9569,10.7986,14.9548,23.9794,39.6919,51.9945,78.7613,161.3419,1.0921,1.7303,2.705,0.0,0.0,0.0,0.0,0.0,0.0,1.5173,1.9339,1.9339,0.0,0.0,0.0,0.0,0.0,0.0,0.0,0.0,0.0,0.0,0.0,0.0,0.0,0.0,0.0,0.0,0.0,0.0,0.0,0.0,0.0,0.0,0.0,0.0,0.0,0.0,0.0,0.003906,0.006184,0.006184,0.013432,0.02106,0.02106,0.060263,0.070867,0.070867,0.000971,0.001538,0.001538,0.0,0.0,0.027184,0.0,0.003143,0.114323,0.0,0.040342,0.659281,0.0,0.0,0.006897,0.0,0.0,0.0,0.0,0.013009,0.013009,0.0,0.105041,0.105041,0.0,0.0,0.0,0.038678,0.038678,0.038678,0.150996,0.150996,0.150996,0.827016,0.827016,0.827016,0.009492,0.009492,0.009492,0.001113,0.001761,0.002734,0.003786,0.006071,0.010049,0.018006,0.026127,0.047048,0.000276,0.000438,0.000685,0.0,0.0,0.0,0.0,0.0,0.0,0.048945,0.062383,0.062383,0.0,0.0,0.0,0.0,0.0,0.0,0.0,0.0,0.0,0.0,0.0,0.0,0.0,0.0,0.0,0.0,0.0,0.0,0.0,0.0,0.0,0.0,0.0,0.0,0.0,0.0,0.0,0.757671,1.199468,1.199468,2.594088,4.07347,4.07347,9.719226,11.775966,11.775966,0.188299,0.298328,0.298328,0.0,0.0,8.1e-05,0.0,9e-06,0.000342,0.0,0.000121,0.001971,0.0,0.0,2.1e-05,0.0,0.0,0.0,0.0,6.671894,6.671894,0.0,53.871026,53.871026,0.0,0.0,0.0,7.6e-05,7.6e-05,7.6e-05,0.000297,0.000297,0.000297,0.001627,0.001627,0.001627,1.9e-05,1.9e-05,1.9e-05,19.106493,30.247453,46.950501,65.020822,104.258373,172.573338,221.449672,336.125621,695.116999,4.748419,7.523061,11.760872,0.0,0.0,0.0,0.0,0.0,0.0,1.8e-05,2.3e-05,2.3e-05,0.0,0.0,0.0,0.0,0.0,0.0,0.0,0.0,0.0,0.0,0.0,0.0,0.0,0.0,0.0
BBS_CA_204_ATHLONE_2023,2023-05-28,2023-06-10,0.0,0.0,0.0,0.0,0.0,0.0,0.0,0.0,0.0,0.0,0.0,0.0,9.4742,9.4742,9.4742,33.391,33.391,33.391,75.3898,75.3898,75.3898,2.3589,2.3589,2.3589,0.0,6.5871,6.5871,0.0,25.3117,25.4504,0.0,133.5706,134.7051,0.0,1.6689,1.6689,0.0,0.0,0.0,0.0,0.0,0.0,0.0,0.0,0.0,0.0,0.0,0.0,3.7883,3.7883,3.7883,12.32,12.32,12.32,12.74,12.74,12.74,0.9297,0.9297,0.9297,4.7371,8.7497,8.7497,16.7974,32.2162,32.3007,49.2968,130.1685,130.8596,1.1795,2.1961,2.1961,0.0,0.0,0.0,1.9892,8.4225,8.4225,33.2683,142.0756,142.0756,0.0,0.0,0.0,0.0,0.0,0.0,0.0,0.0,0.0,0.0,0.0,0.0,0.0,0.0,0.0,0.0,0.0,0.0,0.0,0.0,0.0,0.0,0.0,0.0,0.0,0.0,0.0,0.004211,0.004211,0.004211,0.01484,0.01484,0.01484,0.033507,0.033507,0.033507,0.001048,0.001048,0.001048,0.0,0.028393,0.028393,0.0,0.109102,0.1097,0.0,0.575735,0.580625,0.0,0.007194,0.007194,0.0,0.0,0.0,0.0,0.0,0.0,0.0,0.0,0.0,0.0,0.0,0.0,0.038656,0.038656,0.038656,0.125714,0.125714,0.125714,0.13,0.13,0.13,0.009487,0.009487,0.009487,0.001199,0.002215,0.002215,0.004252,0.008156,0.008177,0.014272,0.034761,0.034936,0.000299,0.000556,0.000556,0.0,0.0,0.0,0.056269,0.263793,0.263793,1.009148,4.519061,4.519061,0.0,0.0,0.0,0.0,0.0,0.0,0.0,0.0,0.0,0.0,0.0,0.0,0.0,0.0,0.0,0.0,0.0,0.0,0.0,0.0,0.0,0.0,0.0,0.0,0.0,0.0,0.0,0.816741,0.816741,0.816741,2.878537,2.878537,2.878537,6.499118,6.499118,6.499118,0.203356,0.203356,0.203356,0.0,8.5e-05,8.5e-05,0.0,0.000326,0.000328,0.0,0.001721,0.001736,0.0,2.2e-05,2.2e-05,0.0,0.0,0.0,0.0,0.0,0.0,0.0,0.0,0.0,0.0,0.0,0.0,7.6e-05,7.6e-05,7.6e-05,0.000247,0.000247,0.000247,0.000256,0.000256,0.000256,1.9e-05,1.9e-05,1.9e-05,20.596082,38.042118,38.042118,73.032035,140.070282,140.437611,242.43874,593.999992,597.00462,5.128111,9.548217,9.548217,0.0,0.0,0.0,2.1e-05,9.6e-05,9.6e-05,0.00037,0.00165,0.00165,0.0,0.0,0.0,0.0,0.0,0.0,0.0,0.0,0.0,0.0,0.0,0.0,0.0,0.0,0.0
BBS_CA_245_BUENA_VISTA_2015,2015-05-28,2015-06-10,0.0,0.0,0.0,0.0,0.0,0.0,0.0,0.0,1.7005,0.0,0.0,0.0,0.0724,0.0724,0.0724,1.6173,1.6173,1.6173,7.4606,7.4722,7.4722,0.0,0.0,0.0,0.0,0.0,0.0,0.0,0.0,0.0,0.0,0.0,0.0,0.0,0.0,0.0,0.0,74.8438,80.3471,0.0,335.5103,345.82,3.2763,820.6203,855.3773,0.0,18.4137,19.9315,0.0,0.0,0.0,0.0,0.0,0.0,0.0,0.0,0.0,0.0,0.0,0.0,0.0122,1.2086,1.6447,0.0863,2.4608,3.3081,6.0679,77.4157,81.5853,0.0025,0.3266,0.4447,0.0,0.0009,0.0009,0.8451,0.867,0.867,25.0386,25.4417,25.4417,0.0,0.0,0.0,0.0092,0.0092,0.0092,0.2131,0.2131,0.2131,0.3797,0.3881,0.3931,0.0,0.0,0.0,0.0,0.0,0.0,0.0,0.0,0.0,0.0,0.0,0.07027,0.0,0.0,0.0,3.4e-05,3.4e-05,3.4e-05,0.000769,0.000769,0.000769,0.003661,0.003666,0.003666,0.0,0.0,0.0,0.0,0.0,0.0,0.0,0.0,0.0,0.0,0.0,0.0,0.0,0.0,0.0,0.0,1.909282,2.049672,0.0,8.558935,8.821938,0.083579,20.934163,21.820819,0.0,0.469737,0.508456,0.0,0.0,0.0,0.0,0.0,0.0,0.0,0.0,0.0,0.0,0.0,0.0,7e-06,0.000671,0.000782,4.4e-05,0.001363,0.001578,0.00323,0.04232,0.043376,1e-06,0.000181,0.000211,0.0,2.8e-05,2.8e-05,0.02726,0.027969,0.027969,0.265276,0.273875,0.273875,0.0,0.0,0.0,4e-06,4e-06,4e-06,9.5e-05,9.5e-05,9.5e-05,0.000169,0.000172,0.000175,0.0,0.0,0.0,0.0,0.0,0.0,0.0,0.0,0.0,0.0,0.0,0.223753,0.0,0.0,0.0,0.003366,0.003366,0.003366,0.076781,0.076781,0.076781,0.211177,0.212179,0.212179,0.0,0.0,0.0,0.0,0.0,0.0,0.0,0.0,0.0,0.0,0.0,0.0,0.0,0.0,0.0,0.0,748.438384,803.471461,0.0,3355.102704,3458.199524,32.762921,8206.192304,8553.761538,0.0,184.136761,199.314733,0.0,0.0,0.0,0.0,0.0,0.0,0.0,0.0,0.0,0.0,0.0,0.0,0.094483,10.970731,12.866518,0.395427,21.978329,25.662039,52.169829,674.707969,692.836879,0.022806,2.969178,3.482746,0.0,0.0,0.0,1e-05,1e-05,1e-05,0.000534,0.000541,0.000541,0.0,0.0,0.0,4.1e-05,4.1e-05,4.1e-05,0.000935,0.000935,0.000935,0.001665,0.001702,0.001724,0.0,0.0,0.0
BBS_CA_245_BUENA_VISTA_2016,2016-05-28,2016-06-10,0.0,0.0,0.0,0.0,0.0,0.0,0.0,9.6508,9.6508,0.0,0.0,0.0,7.6492,10.7589,10.7589,13.9055,19.7341,19.7341,19.0564,24.885,24.885,2.1524,2.9948,2.9948,0.0,0.0,0.1882,0.0,0.0,0.3401,0.0,0.0,0.3401,0.0,0.0,0.0533,0.0,0.0,0.6317,0.0,0.0,11.7106,0.0,10.0907,40.0655,0.0,0.0,0.0,0.0,0.0,0.0,0.0,0.0,0.0,0.0,0.0,0.0,0.0,0.0,0.0,0.1389,3.4517,3.5045,0.2615,6.9325,7.8853,1.4727,52.5369,55.7233,0.0376,0.9735,0.9735,0.0,0.0104,0.0104,0.0,0.2535,0.2535,0.0104,3.9349,3.9349,0.0,0.0,0.0,0.0,0.0081,0.0081,0.0,0.1874,0.1874,0.0274,0.7043,0.7043,0.0,0.0,0.0,0.0,0.0,0.0,0.0,0.0,0.0,0.0,0.398792,0.398792,0.0,0.0,0.0,0.003825,0.005379,0.005379,0.006953,0.009867,0.009867,0.009528,0.012443,0.012443,0.001076,0.001497,0.001497,0.0,0.0,0.000811,0.0,0.0,0.001466,0.0,0.0,0.001466,0.0,0.0,0.00023,0.0,0.0,0.009149,0.0,0.0,0.170506,0.0,0.257135,0.805164,0.0,0.0,0.0,0.0,0.0,0.0,0.0,0.0,0.0,0.0,0.0,0.0,0.0,0.0,0.0,7.7e-05,0.00185,0.001863,0.000145,0.003721,0.003962,0.000624,0.027414,0.028362,2.1e-05,0.000523,0.000523,0.0,0.000336,0.000336,0.0,0.008176,0.008176,0.000336,0.089579,0.089579,0.0,0.0,0.0,0.0,4e-06,4e-06,0.0,8.3e-05,8.3e-05,1.2e-05,0.000332,0.000332,0.0,0.0,0.0,0.0,0.0,0.0,0.0,0.0,0.0,0.0,1.269837,1.269837,0.0,0.0,0.0,0.127487,0.179315,0.179315,0.231758,0.328902,0.328902,0.317607,0.41475,0.41475,0.035873,0.049913,0.049913,0.0,0.0,2e-06,0.0,0.0,4e-06,0.0,0.0,4e-06,0.0,0.0,1e-06,0.0,0.0,3.689659,0.0,0.0,68.738022,0.0,100.801238,318.837547,0.0,0.0,0.0,0.0,0.0,0.0,0.0,0.0,0.0,0.0,0.0,0.0,0.0,0.0,0.0,1.262764,30.315971,30.545266,2.371881,60.976808,65.119727,10.340694,447.624388,463.679889,0.342083,8.562636,8.562636,0.0,0.0,0.0,0.0,3e-06,3e-06,0.0,6.3e-05,6.3e-05,0.0,0.0,0.0,0.0,3.6e-05,3.6e-05,0.0,0.000822,0.000822,0.00012,0.001903,0.001903,0.0,0.0,0.0
BBS_CA_245_BUENA_VISTA_2017,2017-05-28,2017-06-10,0.0,26.6388,26.6388,0.0,49.1122,49.1122,0.0,49.1122,49.1122,0.0,7.3685,7.3685,1.0773,1.0773,1.0773,2.0464,2.0464,2.0464,18.1472,18.1472,18.1472,0.2918,0.2918,0.2918,0.0,0.0,0.0,0.0,0.0,0.0,0.0,0.0,0.0,0.0,0.0,0.0,0.0011,0.0011,0.0999,0.3717,0.3717,2.2363,3.2267,3.401,26.9047,0.0,0.0,0.0,0.0,0.0,0.0,0.0,0.0,0.0,0.0,0.0119,0.0119,0.0,0.0,0.0,36.5458,39.6477,39.6776,79.0687,85.6201,86.1488,212.5354,303.3203,306.5344,9.9649,10.8337,10.8337,0.0176,0.0434,0.0434,1.2425,1.843,1.843,22.5605,30.545,30.545,0.0,0.0,0.0,0.0101,0.0101,0.0101,0.2327,0.2327,0.2327,0.6679,0.9689,0.9689,0.0,0.0,0.0,0.0,0.013319,0.013319,0.0,0.024556,0.024556,0.0,0.024556,0.024556,0.0,0.003684,0.003684,0.000539,0.000539,0.000539,0.001023,0.001023,0.001023,0.008926,0.008926,0.008926,0.000146,0.000146,0.000146,0.0,0.0,0.0,0.0,0.0,0.0,0.0,0.0,0.0,0.0,0.0,0.0,0.000107,0.000107,0.002628,0.035399,0.035399,0.082966,0.307305,0.307791,0.907376,0.0,0.0,0.0,0.0,0.0,0.0,0.0,0.0,0.0,0.0,0.000122,0.000122,0.0,0.0,0.0,0.023884,0.025599,0.025604,0.0507,0.054203,0.054294,0.130791,0.180424,0.181204,0.006506,0.006989,0.006989,0.000568,0.0014,0.0014,0.039079,0.058451,0.058451,0.441137,0.635419,0.635419,0.0,0.0,0.0,4e-06,4e-06,4e-06,0.000103,0.000103,0.000103,0.000297,0.000447,0.000447,0.0,0.0,0.0,0.0,3.566101,3.566101,0.0,6.574589,6.574589,0.0,6.574589,6.574589,0.0,0.986406,0.986406,0.017956,0.017956,0.017956,0.034106,0.034106,0.034106,0.486686,0.486686,0.486686,0.004864,0.004864,0.004864,0.0,0.0,0.0,0.0,0.0,0.0,0.0,0.0,0.0,0.0,0.0,0.0,1e-06,1e-06,0.988254,0.000186,0.000186,18.64635,0.001613,0.250595,235.287927,0.0,0.0,0.0,0.0,0.0,0.0,0.0,0.0,0.0,0.0,0.0,0.0,0.0,0.0,0.0,261.117651,289.185518,289.270986,584.253824,641.522939,643.065311,1644.066729,2454.178776,2467.48682,71.324574,79.223073,79.223073,0.0,1e-06,1e-06,1.5e-05,2.2e-05,2.2e-05,0.000392,0.000514,0.000514,0.0,0.0,0.0,4.4e-05,4.4e-05,4.4e-05,0.001021,0.001021,0.001021,0.00293,0.00323,0.00323,0.0,0.0,0.0
BBS_CA_245_BUENA_VISTA_2018,2018-05-28,2018-06-10,0.0,0.0,0.0,0.0,0.0,0.1329,0.0,6.1142,103.6948,0.0,0.0,0.0,0.3882,2.5021,2.5021,7.0218,10.9217,10.9217,20.7963,27.5276,27.5276,0.0312,0.6154,0.6154,0.0,0.0,0.0,0.0,0.0,0.0,0.0,0.0,0.0,0.0,0.0,0.0,0.0,0.0,0.0,0.0,0.0,2.4133,0.0,0.0,88.9361,0.0,0.0,0.0,0.0,0.0,0.0,0.0,0.0,0.0,0.0,0.0,0.0,0.0,0.0,0.0,0.2194,2.1866,2.1866,4.1009,10.2818,10.4193,31.4356,91.5528,92.4882,0.0156,0.5656,0.5656,0.0126,0.0126,0.0126,0.3121,0.3121,0.3121,7.9308,14.7778,14.7778,0.0,0.0,0.0,0.0069,0.0069,0.0069,0.1599,0.1599,0.1599,0.6312,0.6312,0.6312,0.0,0.0,0.0,0.0,0.0,0.0,0.0,0.0,0.005492,0.0,0.252654,4.284908,0.0,0.0,0.0,0.000173,0.001112,0.001112,0.003121,0.004854,0.004854,0.009243,0.012234,0.012234,1.4e-05,0.000273,0.000273,0.0,0.0,0.0,0.0,0.0,0.0,0.0,0.0,0.0,0.0,0.0,0.0,0.0,0.0,0.0,0.0,0.0,0.061563,0.0,0.0,2.268778,0.0,0.0,0.0,0.0,0.0,0.0,0.0,0.0,0.0,0.0,0.0,0.0,0.0,0.0,0.0,5.6e-05,0.000416,0.000416,0.001038,0.003136,0.003171,0.01573,0.04747,0.047707,4e-06,0.000104,0.000104,0.000408,0.000408,0.000408,0.010066,0.010066,0.010066,0.255833,0.440026,0.440026,0.0,0.0,0.0,3e-06,3e-06,3e-06,7.1e-05,7.1e-05,7.1e-05,0.000281,0.000281,0.000281,0.0,0.0,0.0,0.0,0.0,0.0,0.0,0.0,0.017487,0.0,0.804505,13.64405,0.0,0.0,0.0,0.033468,0.215696,0.215696,0.60533,0.941528,0.941528,1.792787,2.373069,2.373069,0.002686,0.053048,0.053048,0.0,0.0,0.0,0.0,0.0,0.0,0.0,0.0,0.0,0.0,0.0,0.0,0.0,0.0,0.0,0.0,0.0,24.132664,0.0,0.0,889.36093,0.0,0.0,0.0,0.0,0.0,0.0,0.0,0.0,0.0,0.0,0.0,0.0,0.0,0.0,0.0,0.953955,7.066351,7.066351,17.830125,52.558401,53.156398,184.408518,693.422218,697.489029,0.067746,1.76765,1.76765,0.0,0.0,0.0,4e-06,4e-06,4e-06,9.3e-05,0.00019,0.00019,0.0,0.0,0.0,3e-05,3e-05,3e-05,0.000701,0.000701,0.000701,0.002769,0.002769,0.002769,0.0,0.0,0.0
BBS_CA_245_BUENA_VISTA_2019,2019-05-28,2019-06-10,0.0,0.0,0.0,0.0,0.0,0.0,0.0,0.0,0.0,0.0,0.0,0.0,0.0095,0.0095,0.0095,0.2202,0.2202,0.2202,1.8426,1.8426,1.8426,0.0,0.0,0.0,0.0,0.0,0.0,0.0,0.0,0.0,0.0,0.0,0.0,0.0,0.0,0.0,0.0,0.0018,0.0018,0.0,0.0404,0.0404,3.8415,3.9119,3.9119,0.0,0.0,0.0,0.0,0.0,0.0,0.0,0.0,0.0,0.0,0.0,0.0,0.0,0.0,0.0,0.7035,15.589,15.589,1.4016,48.361,48.361,46.3652,166.8811,167.5694,0.1982,4.149,4.149,0.0082,0.0082,0.0082,0.2093,0.4929,0.4929,3.2837,15.2675,15.2675,0.0,0.0,0.0,0.0,0.0,0.0,0.0,0.0,0.0,0.1978,0.2686,0.2686,0.0,0.0,0.0,0.0,0.0,0.0,0.0,0.0,0.0,0.0,0.0,0.0,0.0,0.0,0.0,4e-06,4e-06,4e-06,9.8e-05,9.8e-05,9.8e-05,0.000819,0.000819,0.000819,0.0,0.0,0.0,0.0,0.0,0.0,0.0,0.0,0.0,0.0,0.0,0.0,0.0,0.0,0.0,0.0,0.000167,0.000167,0.0,0.003847,0.003847,0.010701,0.017405,0.017405,0.0,0.0,0.0,0.0,0.0,0.0,0.0,0.0,0.0,0.0,0.0,0.0,0.0,0.0,0.0,0.000362,0.00778,0.00778,0.000722,0.02527,0.02527,0.027131,0.092373,0.093005,0.000102,0.002056,0.002056,0.000266,0.000266,0.000266,0.006753,0.007412,0.007412,0.105925,0.358483,0.358483,0.0,0.0,0.0,0.0,0.0,0.0,0.0,0.0,0.0,8.8e-05,0.000119,0.000119,0.0,0.0,0.0,0.0,0.0,0.0,0.0,0.0,0.0,0.0,0.0,0.0,0.0,0.0,0.0,0.000477,0.000477,0.000477,0.01101,0.01101,0.01101,0.095039,0.095039,0.095039,0.0,0.0,0.0,0.0,0.0,0.0,0.0,0.0,0.0,0.0,0.0,0.0,0.0,0.0,0.0,0.0,1e-06,1e-06,0.0,2e-05,2e-05,5.487893,5.487928,5.487928,0.0,0.0,0.0,0.0,0.0,0.0,0.0,0.0,0.0,0.0,0.0,0.0,0.0,0.0,0.0,5.938851,127.34347,127.34347,11.85448,413.574861,413.574861,375.498925,1443.119094,1444.417733,1.677762,33.656158,33.656158,0.0,0.0,0.0,2e-06,1e-05,1e-05,3.9e-05,0.000239,0.000239,0.0,0.0,0.0,0.0,0.0,0.0,0.0,0.0,0.0,0.000868,0.001178,0.001178,0.0,0.0,0.0
BBS_CA_245_BUENA_VISTA_2020,2020-05-28,2020-06-10,0.0,0.0,0.0,0.0,0.0,0.0,0.0,0.0,0.0,0.0,0.0,0.0,0.0,0.0,0.0,0.0,0.0,0.0,0.1248,0.1248,0.1248,0.0,0.0,0.0,0.0,0.0,0.0,0.0,0.0,0.0,0.0,0.0,0.0,0.0,0.0,0.0,0.0,0.0,0.0,0.0,0.0,0.0,0.0,1.9759,1.9759,0.0,0.0,0.0,0.0,0.0,0.0,0.0,0.0,0.0,0.0,0.0,0.0,0.0,0.0,0.0,0.4069,3.8133,3.8801,10.2083,17.3588,18.7555,95.7323,157.2905,170.86,0.0218,0.9742,0.9742,0.0,0.0084,0.0084,0.0,0.6245,0.6245,30.7686,42.8381,42.8381,0.0,0.0,0.0,0.0,0.0,0.0,0.0,0.0,0.0,1.7901,1.8095,1.8095,0.0,0.0,0.0,0.0,0.0,0.0,0.0,0.0,0.0,0.0,0.0,0.0,0.0,0.0,0.0,0.0,0.0,0.0,0.0,0.0,0.0,5.5e-05,5.5e-05,5.5e-05,0.0,0.0,0.0,0.0,0.0,0.0,0.0,0.0,0.0,0.0,0.0,0.0,0.0,0.0,0.0,0.0,0.0,0.0,0.0,0.0,0.0,0.0,0.005504,0.005504,0.0,0.0,0.0,0.0,0.0,0.0,0.0,0.0,0.0,0.0,0.0,0.0,0.0,0.0,0.0,0.000202,0.001974,0.001988,0.005623,0.009078,0.009373,0.050981,0.084005,0.087551,6e-06,0.000505,0.000505,0.0,0.00027,0.00027,0.0,0.007795,0.007795,0.939732,1.16684,1.16684,0.0,0.0,0.0,0.0,0.0,0.0,0.0,0.0,0.0,0.000799,0.000809,0.000809,0.0,0.0,0.0,0.0,0.0,0.0,0.0,0.0,0.0,0.0,0.0,0.0,0.0,0.0,0.0,0.0,0.0,0.0,0.0,0.0,0.0,0.01076,0.01076,0.01076,0.0,0.0,0.0,0.0,0.0,0.0,0.0,0.0,0.0,0.0,0.0,0.0,0.0,0.0,0.0,0.0,0.0,0.0,0.0,0.0,0.0,0.0,2.822661,2.822661,0.0,0.0,0.0,0.0,0.0,0.0,0.0,0.0,0.0,0.0,0.0,0.0,0.0,0.0,0.0,3.317067,32.404122,32.862845,92.048821,148.937319,157.868788,831.695056,1372.889061,1440.307677,0.094821,8.281199,8.281199,0.0,0.0,0.0,0.0,1.3e-05,1.3e-05,0.000385,0.000599,0.000599,0.0,0.0,0.0,0.0,0.0,0.0,0.0,0.0,0.0,0.007619,0.007638,0.007638,0.0,0.0,0.0
BBS_CA_245_BUENA_VISTA_2021,2021-05-28,2021-06-10,0.0,0.0,0.0,0.0,0.0,0.0,0.0,0.0,0.0,0.0,0.0,0.0,0.1581,10.5347,10.5347,4.2708,31.5469,31.5469,31.2586,112.7387,112.7387,0.0,2.7886,2.7886,0.0,0.0,0.0,0.0,0.0,0.0,0.0,0.0,0.0,0.0,0.0,0.0,0.0,0.0,0.0,0.0,0.0,0.0,2.0179,2.0179,2.0179,0.0,0.0,0.0,0.0,0.0,0.0,0.0,0.0,0.0,0.0,0.0,0.0,0.0,0.0,0.0,0.2143,11.1746,11.2039,5.4688,34.8311,35.328,62.3311,217.9959,219.1156,0.029,3.0182,3.0182,0.0,0.0076,0.0076,0.0,0.1945,0.1945,19.1123,22.6191,22.6191,0.0,0.0,0.0,0.0,0.0,0.0,0.0,0.0,0.0,0.6007,0.6007,0.6007,0.0,0.0,0.0,0.0,0.0,0.0,0.0,0.0,0.0,0.0,0.0,0.0,0.0,0.0,0.0,7e-05,0.004682,0.004682,0.001898,0.014021,0.014021,0.013893,0.050106,0.050106,0.0,0.001239,0.001239,0.0,0.0,0.0,0.0,0.0,0.0,0.0,0.0,0.0,0.0,0.0,0.0,0.0,0.0,0.0,0.0,0.0,0.0,0.005621,0.005621,0.005621,0.0,0.0,0.0,0.0,0.0,0.0,0.0,0.0,0.0,0.0,0.0,0.0,0.0,0.0,0.0,5.4e-05,0.00457,0.004576,0.002135,0.014968,0.015065,0.031116,0.109566,0.109802,7e-06,0.00123,0.00123,0.0,0.000244,0.000244,0.0,0.006274,0.006274,0.067123,0.180246,0.180246,0.0,0.0,0.0,0.0,0.0,0.0,0.0,0.0,0.0,0.00028,0.00028,0.00028,0.0,0.0,0.0,0.0,0.0,0.0,0.0,0.0,0.0,0.0,0.0,0.0,0.0,0.0,0.0,0.01363,0.895624,0.895624,0.368176,2.475359,2.475359,2.094408,7.529007,7.529007,0.0,0.2404,0.2404,0.0,0.0,0.0,0.0,0.0,0.0,0.0,0.0,0.0,0.0,0.0,0.0,0.0,0.0,0.0,0.0,0.0,0.0,2.88271,2.88271,2.88271,0.0,0.0,0.0,0.0,0.0,0.0,0.0,0.0,0.0,0.0,0.0,0.0,0.0,0.0,0.0,0.931605,75.894032,76.103126,35.542599,247.899425,251.44883,500.808019,1789.980169,1797.137253,0.125958,20.434911,20.434911,0.0,0.0,0.0,0.0,2e-06,2e-06,0.000468,0.000509,0.000509,0.0,0.0,0.0,0.0,0.0,0.0,0.0,0.0,0.0,0.001828,0.001828,0.001828,0.0,0.0,0.0
BBS_CA_245_BUENA_VISTA_2022,2022-05-28,2022-06-10,0.0,0.0,0.0,0.0,0.0,0.0,0.0,0.0,0.0,0.0,0.0,0.0,0.0385,0.0385,0.0385,0.888,0.888,0.888,1.9149,1.9149,1.9149,0.0,0.0,0.0,0.0,0.0,0.0,0.0,0.0,0.0,0.0,0.0,0.0,0.0,0.0,0.0,0.0,0.0,0.0,0.0,0.0,0.0,0.0,0.0,0.0,0.0,0.0,0.0,0.0,0.0,0.0,0.0,0.0,0.0,0.0,0.0,0.0,0.0,0.0,0.0,20.7545,31.3845,31.3845,53.9668,78.3507,78.3571,172.2384,356.1078,361.7121,5.575,8.5787,8.5787,0.0,0.008,0.008,0.0,0.2036,0.2036,0.0,26.2905,26.2905,0.0,0.0,0.0,0.0079,0.0079,0.0079,0.1813,0.1813,0.1813,0.5883,0.7508,0.7508,0.0,0.0,0.0,0.0,0.0,0.0,0.0,0.0,0.0,0.0,0.0,0.0,0.0,0.0,0.0,1.7e-05,1.7e-05,1.7e-05,0.000395,0.000395,0.000395,0.000851,0.000851,0.000851,0.0,0.0,0.0,0.0,0.0,0.0,0.0,0.0,0.0,0.0,0.0,0.0,0.0,0.0,0.0,0.0,0.0,0.0,0.0,0.0,0.0,0.0,0.0,0.0,0.0,0.0,0.0,0.0,0.0,0.0,0.0,0.0,0.0,0.0,0.0,0.0,0.0,0.0,0.0,0.011526,0.017427,0.017427,0.02988,0.042891,0.042892,0.095433,0.195243,0.196755,0.003097,0.004766,0.004766,0.0,0.000257,0.000257,0.0,0.006566,0.006566,0.0,0.848079,0.848079,0.0,0.0,0.0,3e-06,3e-06,3e-06,8.1e-05,8.1e-05,8.1e-05,0.000261,0.000334,0.000334,0.0,0.0,0.0,0.0,0.0,0.0,0.0,0.0,0.0,0.0,0.0,0.0,0.0,0.0,0.0,0.001924,0.001924,0.001924,0.0444,0.0444,0.0444,0.109043,0.109043,0.109043,0.0,0.0,0.0,0.0,0.0,0.0,0.0,0.0,0.0,0.0,0.0,0.0,0.0,0.0,0.0,0.0,0.0,0.0,0.0,0.0,0.0,0.0,0.0,0.0,0.0,0.0,0.0,0.0,0.0,0.0,0.0,0.0,0.0,0.0,0.0,0.0,0.0,0.0,0.0,188.56757,285.137376,285.137376,488.085956,701.352366,701.380463,1552.891158,3187.742506,3213.573164,50.681399,77.988076,77.988076,0.0,0.0,0.0,0.0,2e-06,2e-06,0.0,0.000309,0.000309,0.0,0.0,0.0,3.4e-05,3.4e-05,3.4e-05,0.000795,0.000795,0.000795,0.00258,0.003293,0.003293,0.0,0.0,0.0
BBS_CA_245_BUENA_VISTA_2023,2023-05-28,2023-06-10,0.0,0.0,0.0,0.2685,0.2685,0.2685,17.6376,17.6376,17.6376,0.0,0.0,0.0,0.0,0.0,0.0,0.0,0.0,0.0,0.0059,0.0059,0.0059,0.0,0.0,0.0,0.0,0.0,0.0,0.0,0.0,0.0,0.0085,0.0085,0.0085,0.0,0.0,0.0,0.0,0.0,0.0,0.0,0.0,0.0,7.4177,7.4177,7.4177,0.0,0.0,0.0,0.0,0.0,0.0,0.0,0.0,0.0,0.0,0.0,0.0,0.0,0.0,0.0,23.923,26.7765,26.9029,47.9139,59.6728,60.0657,152.4072,269.0103,272.2753,6.6859,7.4068,7.4383,0.0,0.0082,0.0082,0.0,0.208,0.208,16.4569,18.738,18.738,0.0,0.0,0.0,0.008,0.008,0.008,0.1857,0.1857,0.1857,0.8692,0.8692,0.8692,0.0,0.0,0.0,0.0,0.0,0.0,0.011097,0.011097,0.011097,0.728826,0.728826,0.728826,0.0,0.0,0.0,0.0,0.0,0.0,0.0,0.0,0.0,3e-06,3e-06,3e-06,0.0,0.0,0.0,0.0,0.0,0.0,0.0,0.0,0.0,3.7e-05,3.7e-05,3.7e-05,0.0,0.0,0.0,0.0,0.0,0.0,0.0,0.0,0.0,0.020662,0.020662,0.020662,0.0,0.0,0.0,0.0,0.0,0.0,0.0,0.0,0.0,0.0,0.0,0.0,0.0,0.0,0.0,0.013207,0.014791,0.014823,0.026041,0.032544,0.032643,0.08232,0.147018,0.147845,0.003699,0.004099,0.004107,0.0,0.000264,0.000264,0.0,0.00671,0.00671,0.530868,0.604452,0.604452,0.0,0.0,0.0,4e-06,4e-06,4e-06,8.3e-05,8.3e-05,8.3e-05,0.000386,0.000386,0.000386,0.0,0.0,0.0,0.0,0.0,0.0,0.035334,0.035334,0.035334,2.320737,2.320737,2.320737,0.0,0.0,0.0,0.0,0.0,0.0,0.0,0.0,0.0,0.000505,0.000505,0.000505,0.0,0.0,0.0,0.0,0.0,0.0,0.0,0.0,0.0,0.0,0.0,0.0,0.0,0.0,0.0,0.0,0.0,0.0,0.0,0.0,0.0,10.596765,10.596765,10.596765,0.0,0.0,0.0,0.0,0.0,0.0,0.0,0.0,0.0,0.0,0.0,0.0,0.0,0.0,0.0,216.177728,242.092653,242.642218,426.522026,532.948029,534.656249,1344.299963,2403.054611,2417.249936,60.534929,67.087867,67.22507,0.0,0.0,0.0,0.0,2e-06,2e-06,0.000194,0.00022,0.00022,0.0,0.0,0.0,3.5e-05,3.5e-05,3.5e-05,0.000814,0.000814,0.000814,0.003812,0.003812,0.003812,0.0,0.0,0.0
BBS_CA_252_Hollister_2_2015,2015-05-28,2015-06-10,0.0,0.0,0.0,0.0,0.0,0.0,0.0,0.0,0.0,0.0,0.0,0.0,0.0,0.0,0.0,0.0,0.0,0.0,0.0,0.0,0.0,0.0,0.0,0.0,0.0,0.0,0.0,0.0,0.0,0.0,0.0,0.0,0.0,0.0,0.0,0.0,0.0,0.0,0.0,0.0,0.0,0.0,0.0,0.0,0.0,0.0,0.0,0.0,0.0,0.0,0.0,0.0,0.0,0.0,0.0,0.0,0.0,0.0,0.0,0.0,0.0,0.0,0.0,0.0,0.0,0.0,0.0,0.0,0.0,0.0,0.0,0.0,0.0,0.0,0.0,0.0,0.0,0.0,0.0,0.0,0.0,0.0,0.0,0.0,0.0,0.0,0.0,0.0,0.0,0.0,0.2595,0.8435,0.8435,0.0,0.0,0.0,0.0,0.0,0.0,0.0,0.0,0.0,0.0,0.0,0.0,0.0,0.0,0.0,0.0,0.0,0.0,0.0,0.0,0.0,0.0,0.0,0.0,0.0,0.0,0.0,0.0,0.0,0.0,0.0,0.0,0.0,0.0,0.0,0.0,0.0,0.0,0.0,0.0,0.0,0.0,0.0,0.0,0.0,0.0,0.0,0.0,0.0,0.0,0.0,0.0,0.0,0.0,0.0,0.0,0.0,0.0,0.0,0.0,0.0,0.0,0.0,0.0,0.0,0.0,0.0,0.0,0.0,0.0,0.0,0.0,0.0,0.0,0.0,0.0,0.0,0.0,0.0,0.0,0.0,0.0,0.0,0.0,0.0,0.0,0.0,0.0,0.0,0.0,0.0,0.0,0.0,0.00013,0.000422,0.000422,0.0,0.0,0.0,0.0,0.0,0.0,0.0,0.0,0.0,0.0,0.0,0.0,0.0,0.0,0.0,0.0,0.0,0.0,0.0,0.0,0.0,0.0,0.0,0.0,0.0,0.0,0.0,0.0,0.0,0.0,0.0,0.0,0.0,0.0,0.0,0.0,0.0,0.0,0.0,0.0,0.0,0.0,0.0,0.0,0.0,0.0,0.0,0.0,0.0,0.0,0.0,0.0,0.0,0.0,0.0,0.0,0.0,0.0,0.0,0.0,0.0,0.0,0.0,0.0,0.0,0.0,0.0,0.0,0.0,0.0,0.0,0.0,0.0,0.0,0.0,0.0,0.0,0.0,0.0,0.0,0.0,0.0,0.0,0.0,0.0,0.0,0.0,0.0,0.0,0.0,0.0,0.0,0.0,0.00026,0.000844,0.000844,0.0,0.0,0.0
BBS_CA_252_Hollister_2_2016,2016-05-28,2016-06-10,0.0,0.0,0.0,0.0,0.0,0.0,0.0,0.0,0.0,0.0,0.0,0.0,0.0,0.0,0.0,0.0,0.0,0.0,0.0,0.0,0.0,0.0,0.0,0.0,0.0,0.0,0.0,0.0,0.0,0.0,0.0,0.0,0.0,0.0,0.0,0.0,0.0,0.0,0.0,0.0,0.0,0.0,0.0,0.0,0.0,0.0,0.0,0.0,0.0,0.0,0.0,0.0,0.0,0.0,0.0,0.0,0.0,0.0,0.0,0.0,0.0,0.0,0.0,0.0,0.0,0.0,0.0,0.0,0.0,0.0,0.0,0.0,0.0,0.0,0.0,0.0,0.0,0.0,0.0,0.0,0.0,0.0,0.0,0.0,0.0,0.0,0.0,0.0,0.0,0.0,2.2673,2.4915,2.5799,0.0,0.0,0.0,0.0,0.0,0.0,0.0,0.0,0.0,0.0,0.0,0.0,0.0,0.0,0.0,0.0,0.0,0.0,0.0,0.0,0.0,0.0,0.0,0.0,0.0,0.0,0.0,0.0,0.0,0.0,0.0,0.0,0.0,0.0,0.0,0.0,0.0,0.0,0.0,0.0,0.0,0.0,0.0,0.0,0.0,0.0,0.0,0.0,0.0,0.0,0.0,0.0,0.0,0.0,0.0,0.0,0.0,0.0,0.0,0.0,0.0,0.0,0.0,0.0,0.0,0.0,0.0,0.0,0.0,0.0,0.0,0.0,0.0,0.0,0.0,0.0,0.0,0.0,0.0,0.0,0.0,0.0,0.0,0.0,0.0,0.0,0.0,0.0,0.0,0.0,0.0,0.0,0.0,0.001134,0.001246,0.00129,0.0,0.0,0.0,0.0,0.0,0.0,0.0,0.0,0.0,0.0,0.0,0.0,0.0,0.0,0.0,0.0,0.0,0.0,0.0,0.0,0.0,0.0,0.0,0.0,0.0,0.0,0.0,0.0,0.0,0.0,0.0,0.0,0.0,0.0,0.0,0.0,0.0,0.0,0.0,0.0,0.0,0.0,0.0,0.0,0.0,0.0,0.0,0.0,0.0,0.0,0.0,0.0,0.0,0.0,0.0,0.0,0.0,0.0,0.0,0.0,0.0,0.0,0.0,0.0,0.0,0.0,0.0,0.0,0.0,0.0,0.0,0.0,0.0,0.0,0.0,0.0,0.0,0.0,0.0,0.0,0.0,0.0,0.0,0.0,0.0,0.0,0.0,0.0,0.0,0.0,0.0,0.0,0.0,0.002267,0.002491,0.00258,0.0,0.0,0.0
BBS_CA_252_Hollister_2_2017,2017-05-28,2017-06-10,0.0,0.0,0.0,0.0,0.0,0.0,0.0,0.0,0.0,0.0,0.0,0.0,0.0,0.0,0.0,0.0,0.0,0.0,0.0,0.0,0.0,0.0,0.0,0.0,0.0,0.0,0.0,0.0,0.0,0.0,0.0,0.0,0.0,0.0,0.0,0.0,0.0,0.0,0.0,0.0,0.0,0.0,0.0,0.0,0.0,0.0,0.0,0.0,0.0,0.0,0.0,0.0,0.0,0.0,0.0,0.0,0.0,0.0,0.0,0.0,0.0,0.0,0.0,0.0,0.0,0.0,0.0,0.0,0.0,0.0,0.0,0.0,0.0,0.0,0.0,0.0,0.0,0.0,0.0,0.0,0.0,0.0,0.0,0.0,0.0,0.0,0.0,0.0,0.0,0.0,0.0093,0.0093,0.0093,0.0,0.0,0.0,0.0,0.0,0.0,0.0,0.0,0.0,0.0,0.0,0.0,0.0,0.0,0.0,0.0,0.0,0.0,0.0,0.0,0.0,0.0,0.0,0.0,0.0,0.0,0.0,0.0,0.0,0.0,0.0,0.0,0.0,0.0,0.0,0.0,0.0,0.0,0.0,0.0,0.0,0.0,0.0,0.0,0.0,0.0,0.0,0.0,0.0,0.0,0.0,0.0,0.0,0.0,0.0,0.0,0.0,0.0,0.0,0.0,0.0,0.0,0.0,0.0,0.0,0.0,0.0,0.0,0.0,0.0,0.0,0.0,0.0,0.0,0.0,0.0,0.0,0.0,0.0,0.0,0.0,0.0,0.0,0.0,0.0,0.0,0.0,0.0,0.0,0.0,0.0,0.0,0.0,5e-06,5e-06,5e-06,0.0,0.0,0.0,0.0,0.0,0.0,0.0,0.0,0.0,0.0,0.0,0.0,0.0,0.0,0.0,0.0,0.0,0.0,0.0,0.0,0.0,0.0,0.0,0.0,0.0,0.0,0.0,0.0,0.0,0.0,0.0,0.0,0.0,0.0,0.0,0.0,0.0,0.0,0.0,0.0,0.0,0.0,0.0,0.0,0.0,0.0,0.0,0.0,0.0,0.0,0.0,0.0,0.0,0.0,0.0,0.0,0.0,0.0,0.0,0.0,0.0,0.0,0.0,0.0,0.0,0.0,0.0,0.0,0.0,0.0,0.0,0.0,0.0,0.0,0.0,0.0,0.0,0.0,0.0,0.0,0.0,0.0,0.0,0.0,0.0,0.0,0.0,0.0,0.0,0.0,0.0,0.0,0.0,9e-06,9e-06,9e-06,0.0,0.0,0.0
BBS_CA_252_Hollister_2_2018,2018-05-28,2018-06-10,0.0,0.0,0.0,0.0,0.0,0.0,0.0,0.0,0.0,0.0,0.0,0.0,0.0,0.0,0.0,0.0,0.0,0.0,0.0,0.0,0.0,0.0,0.0,0.0,0.0,0.0,0.0,0.0,0.0,0.0,0.0,0.0,0.0,0.0,0.0,0.0,0.0,0.0,0.0,0.0,0.0,0.0,0.0,0.0,0.0,0.0,0.0,0.0,0.0,0.0,0.0,0.0,0.0,0.0,0.0,0.0,0.0,0.0,0.0,0.0,0.0,0.0,0.0,0.0,0.0,0.0,0.0,0.0,0.0,0.0,0.0,0.0,0.0,0.0,0.0,0.0,0.0,0.0,0.0,0.0,0.0,0.0,0.0,0.0,0.0,0.0,0.0,0.0,0.0,0.0,0.9535,1.3369,1.3369,0.0,0.0,0.0,0.0,0.0,0.0,0.0,0.0,0.0,0.0,0.0,0.0,0.0,0.0,0.0,0.0,0.0,0.0,0.0,0.0,0.0,0.0,0.0,0.0,0.0,0.0,0.0,0.0,0.0,0.0,0.0,0.0,0.0,0.0,0.0,0.0,0.0,0.0,0.0,0.0,0.0,0.0,0.0,0.0,0.0,0.0,0.0,0.0,0.0,0.0,0.0,0.0,0.0,0.0,0.0,0.0,0.0,0.0,0.0,0.0,0.0,0.0,0.0,0.0,0.0,0.0,0.0,0.0,0.0,0.0,0.0,0.0,0.0,0.0,0.0,0.0,0.0,0.0,0.0,0.0,0.0,0.0,0.0,0.0,0.0,0.0,0.0,0.0,0.0,0.0,0.0,0.0,0.0,0.000477,0.000668,0.000668,0.0,0.0,0.0,0.0,0.0,0.0,0.0,0.0,0.0,0.0,0.0,0.0,0.0,0.0,0.0,0.0,0.0,0.0,0.0,0.0,0.0,0.0,0.0,0.0,0.0,0.0,0.0,0.0,0.0,0.0,0.0,0.0,0.0,0.0,0.0,0.0,0.0,0.0,0.0,0.0,0.0,0.0,0.0,0.0,0.0,0.0,0.0,0.0,0.0,0.0,0.0,0.0,0.0,0.0,0.0,0.0,0.0,0.0,0.0,0.0,0.0,0.0,0.0,0.0,0.0,0.0,0.0,0.0,0.0,0.0,0.0,0.0,0.0,0.0,0.0,0.0,0.0,0.0,0.0,0.0,0.0,0.0,0.0,0.0,0.0,0.0,0.0,0.0,0.0,0.0,0.0,0.0,0.0,0.000954,0.001337,0.001337,0.0,0.0,0.0
BBS_CA_252_Hollister_2_2019,2019-05-28,2019-06-10,0.0,0.0,0.0,0.0,0.0,0.0,0.0,0.0,0.0,0.0,0.0,0.0,0.0,0.0,0.0,0.0,0.0,0.0,0.0,0.0,0.0,0.0,0.0,0.0,0.0,0.0,0.0,0.0,0.0,0.0,0.0,0.0,0.0,0.0,0.0,0.0,0.0,0.0,0.0,0.0,0.0,0.0,0.0,0.0,0.0,0.0,0.0,0.0,0.0,0.0,0.0,0.0,0.0,0.0,0.0,0.0,0.0,0.0,0.0,0.0,0.0,0.0,0.0,0.0,0.0,0.0,0.0,0.0,0.0,0.0,0.0,0.0,0.0,0.0,0.0,0.0,0.0,0.0,0.0,0.0,0.0,0.0,0.0,0.0,0.0,0.0,0.0,0.0,0.0,0.0,0.3716,0.6117,0.6117,0.0,0.0,0.0,0.0,0.0,0.0,0.0,0.0,0.0,0.0,0.0,0.0,0.0,0.0,0.0,0.0,0.0,0.0,0.0,0.0,0.0,0.0,0.0,0.0,0.0,0.0,0.0,0.0,0.0,0.0,0.0,0.0,0.0,0.0,0.0,0.0,0.0,0.0,0.0,0.0,0.0,0.0,0.0,0.0,0.0,0.0,0.0,0.0,0.0,0.0,0.0,0.0,0.0,0.0,0.0,0.0,0.0,0.0,0.0,0.0,0.0,0.0,0.0,0.0,0.0,0.0,0.0,0.0,0.0,0.0,0.0,0.0,0.0,0.0,0.0,0.0,0.0,0.0,0.0,0.0,0.0,0.0,0.0,0.0,0.0,0.0,0.0,0.0,0.0,0.0,0.0,0.0,0.0,0.000186,0.000306,0.000306,0.0,0.0,0.0,0.0,0.0,0.0,0.0,0.0,0.0,0.0,0.0,0.0,0.0,0.0,0.0,0.0,0.0,0.0,0.0,0.0,0.0,0.0,0.0,0.0,0.0,0.0,0.0,0.0,0.0,0.0,0.0,0.0,0.0,0.0,0.0,0.0,0.0,0.0,0.0,0.0,0.0,0.0,0.0,0.0,0.0,0.0,0.0,0.0,0.0,0.0,0.0,0.0,0.0,0.0,0.0,0.0,0.0,0.0,0.0,0.0,0.0,0.0,0.0,0.0,0.0,0.0,0.0,0.0,0.0,0.0,0.0,0.0,0.0,0.0,0.0,0.0,0.0,0.0,0.0,0.0,0.0,0.0,0.0,0.0,0.0,0.0,0.0,0.0,0.0,0.0,0.0,0.0,0.0,0.000372,0.000612,0.000612,0.0,0.0,0.0
BBS_CA_252_Hollister_2_2020,2020-05-28,2020-06-10,0.0,0.0,0.0,0.0,0.0,0.0,0.0,0.0,0.0,0.0,0.0,0.0,0.0,0.0,0.0,0.0,0.0,0.0,0.0,0.0,0.0,0.0,0.0,0.0,0.0,0.0,0.0,0.0,0.0,0.0,0.0,0.0,0.0,0.0,0.0,0.0,0.0,0.0,0.0,0.0,0.0,0.0,0.0,0.0,0.0,0.0,0.0,0.0,0.0,0.0,0.0,0.0,0.0,0.0,0.0,0.0,0.0,0.0,0.0,0.0,0.0,0.0,0.0,0.0,0.0,0.0,0.0,0.0,0.0,0.0,0.0,0.0,0.0,0.0,0.0,0.0,0.0,0.0,0.0051,0.0051,0.0051,0.0,0.0,0.0,0.0,0.0,0.0,0.0,0.0,0.0,2.268,2.2857,2.7211,0.0,0.0,0.0,0.0,0.0,0.0,0.0,0.0,0.0,0.0,0.0,0.0,0.0,0.0,0.0,0.0,0.0,0.0,0.0,0.0,0.0,0.0,0.0,0.0,0.0,0.0,0.0,0.0,0.0,0.0,0.0,0.0,0.0,0.0,0.0,0.0,0.0,0.0,0.0,0.0,0.0,0.0,0.0,0.0,0.0,0.0,0.0,0.0,0.0,0.0,0.0,0.0,0.0,0.0,0.0,0.0,0.0,0.0,0.0,0.0,0.0,0.0,0.0,0.0,0.0,0.0,0.0,0.0,0.0,0.0,0.0,0.0,0.0,0.0,0.0,0.0,0.0,0.0,0.0,0.0,0.0,0.000164,0.000164,0.000164,0.0,0.0,0.0,0.0,0.0,0.0,0.0,0.0,0.0,0.001134,0.001143,0.001361,0.0,0.0,0.0,0.0,0.0,0.0,0.0,0.0,0.0,0.0,0.0,0.0,0.0,0.0,0.0,0.0,0.0,0.0,0.0,0.0,0.0,0.0,0.0,0.0,0.0,0.0,0.0,0.0,0.0,0.0,0.0,0.0,0.0,0.0,0.0,0.0,0.0,0.0,0.0,0.0,0.0,0.0,0.0,0.0,0.0,0.0,0.0,0.0,0.0,0.0,0.0,0.0,0.0,0.0,0.0,0.0,0.0,0.0,0.0,0.0,0.0,0.0,0.0,0.0,0.0,0.0,0.0,0.0,0.0,0.0,0.0,0.0,0.0,0.0,0.0,0.0,0.0,0.0,0.0,0.0,0.0,0.0,0.0,0.0,0.0,0.0,0.0,0.0,0.0,0.0,0.0,0.0,0.0,0.002268,0.002286,0.002721,0.0,0.0,0.0
BBS_CA_252_Hollister_2_2021,2021-05-28,2021-06-10,0.0,0.0,0.0,0.0,0.0,0.0,0.0,0.0,0.0,0.0,0.0,0.0,0.0,0.0,0.0,0.0,0.0,0.0,0.0,0.0,0.0,0.0,0.0,0.0,0.0,0.0,0.0,0.0,0.0,0.0,0.0,0.0,0.0,0.0,0.0,0.0,0.0,0.0,0.0,0.0,0.0,0.0,0.0,0.0,0.0,0.0,0.0,0.0,0.0,0.0,0.0,0.0,0.0,0.0,0.0,0.0,0.0,0.0,0.0,0.0,0.0,0.0,0.0,0.0,0.0,0.0,0.0,0.0,0.0,0.0,0.0,0.0,0.0,0.0,0.0,0.0,0.0,0.0,0.0,0.0,0.0,0.0,0.0,0.0,0.0,0.0,0.0,0.0,0.0,0.0,2.0498,2.7165,2.7165,0.0,0.0,0.0,0.0,0.0,0.0,0.0,0.0,0.0,0.0,0.0,0.0,0.0,0.0,0.0,0.0,0.0,0.0,0.0,0.0,0.0,0.0,0.0,0.0,0.0,0.0,0.0,0.0,0.0,0.0,0.0,0.0,0.0,0.0,0.0,0.0,0.0,0.0,0.0,0.0,0.0,0.0,0.0,0.0,0.0,0.0,0.0,0.0,0.0,0.0,0.0,0.0,0.0,0.0,0.0,0.0,0.0,0.0,0.0,0.0,0.0,0.0,0.0,0.0,0.0,0.0,0.0,0.0,0.0,0.0,0.0,0.0,0.0,0.0,0.0,0.0,0.0,0.0,0.0,0.0,0.0,0.0,0.0,0.0,0.0,0.0,0.0,0.0,0.0,0.0,0.0,0.0,0.0,0.001025,0.001358,0.001358,0.0,0.0,0.0,0.0,0.0,0.0,0.0,0.0,0.0,0.0,0.0,0.0,0.0,0.0,0.0,0.0,0.0,0.0,0.0,0.0,0.0,0.0,0.0,0.0,0.0,0.0,0.0,0.0,0.0,0.0,0.0,0.0,0.0,0.0,0.0,0.0,0.0,0.0,0.0,0.0,0.0,0.0,0.0,0.0,0.0,0.0,0.0,0.0,0.0,0.0,0.0,0.0,0.0,0.0,0.0,0.0,0.0,0.0,0.0,0.0,0.0,0.0,0.0,0.0,0.0,0.0,0.0,0.0,0.0,0.0,0.0,0.0,0.0,0.0,0.0,0.0,0.0,0.0,0.0,0.0,0.0,0.0,0.0,0.0,0.0,0.0,0.0,0.0,0.0,0.0,0.0,0.0,0.0,0.00205,0.002717,0.002717,0.0,0.0,0.0
BBS_CA_252_Hollister_2_2022,2022-05-28,2022-06-10,0.0,0.0,0.0,0.0,0.0,0.0,0.0,0.0,0.0,0.0,0.0,0.0,0.0,0.0,0.0,0.0,0.0,0.0,0.0,0.0,0.0,0.0,0.0,0.0,0.0,0.0,0.0,0.0,0.0,0.0,0.0,0.0,0.0,0.0,0.0,0.0,0.0,0.0,0.0,0.0,0.0,0.0,0.0,0.0,0.0,0.0,0.0,0.0,0.0,0.0,0.0,0.0,0.0,0.0,0.0,0.0,0.0,0.0,0.0,0.0,0.0,0.0,0.0,0.0,0.0,0.0,0.0,0.0,0.0,0.0,0.0,0.0,0.0,0.0,0.0,0.0,0.0,0.0,0.0,0.0,0.0,0.0,0.0,0.0,0.0,0.0,0.0,0.0,0.0,0.0,1.2451,1.7444,1.7444,0.0,0.0,0.0,0.0,0.0,0.0,0.0,0.0,0.0,0.0,0.0,0.0,0.0,0.0,0.0,0.0,0.0,0.0,0.0,0.0,0.0,0.0,0.0,0.0,0.0,0.0,0.0,0.0,0.0,0.0,0.0,0.0,0.0,0.0,0.0,0.0,0.0,0.0,0.0,0.0,0.0,0.0,0.0,0.0,0.0,0.0,0.0,0.0,0.0,0.0,0.0,0.0,0.0,0.0,0.0,0.0,0.0,0.0,0.0,0.0,0.0,0.0,0.0,0.0,0.0,0.0,0.0,0.0,0.0,0.0,0.0,0.0,0.0,0.0,0.0,0.0,0.0,0.0,0.0,0.0,0.0,0.0,0.0,0.0,0.0,0.0,0.0,0.0,0.0,0.0,0.0,0.0,0.0,0.000623,0.000872,0.000872,0.0,0.0,0.0,0.0,0.0,0.0,0.0,0.0,0.0,0.0,0.0,0.0,0.0,0.0,0.0,0.0,0.0,0.0,0.0,0.0,0.0,0.0,0.0,0.0,0.0,0.0,0.0,0.0,0.0,0.0,0.0,0.0,0.0,0.0,0.0,0.0,0.0,0.0,0.0,0.0,0.0,0.0,0.0,0.0,0.0,0.0,0.0,0.0,0.0,0.0,0.0,0.0,0.0,0.0,0.0,0.0,0.0,0.0,0.0,0.0,0.0,0.0,0.0,0.0,0.0,0.0,0.0,0.0,0.0,0.0,0.0,0.0,0.0,0.0,0.0,0.0,0.0,0.0,0.0,0.0,0.0,0.0,0.0,0.0,0.0,0.0,0.0,0.0,0.0,0.0,0.0,0.0,0.0,0.001245,0.001744,0.001744,0.0,0.0,0.0
BBS_CA_252_Hollister_2_2023,2023-05-28,2023-06-10,0.0,0.0,0.0,0.0,0.0,0.0,0.0,0.0,0.0,0.0,0.0,0.0,0.0,0.0,0.0,0.0,0.0,0.0,0.0,0.0,0.0,0.0,0.0,0.0,0.0,0.0,0.0,0.0,0.0,0.0,0.0,0.0,0.0,0.0,0.0,0.0,0.0,0.0,0.0,0.0,0.0,0.0,0.0,0.0,0.0,0.0,0.0,0.0,0.0,0.0,0.0,0.0,0.0,0.0,0.0,0.0,0.0,0.0,0.0,0.0,0.0,0.0,0.0,0.0,0.0,0.0,0.0,0.0,0.0,0.0,0.0,0.0,0.0,0.0,0.0,0.0,0.0,0.0,0.0,0.0,0.0,0.0,0.0,0.0,0.0,0.0,0.0,0.0,0.0,0.0,0.0114,0.0197,0.0197,0.0,0.0,0.0,0.0,0.0,0.0,0.0,0.0,0.0,0.0,0.0,0.0,0.0,0.0,0.0,0.0,0.0,0.0,0.0,0.0,0.0,0.0,0.0,0.0,0.0,0.0,0.0,0.0,0.0,0.0,0.0,0.0,0.0,0.0,0.0,0.0,0.0,0.0,0.0,0.0,0.0,0.0,0.0,0.0,0.0,0.0,0.0,0.0,0.0,0.0,0.0,0.0,0.0,0.0,0.0,0.0,0.0,0.0,0.0,0.0,0.0,0.0,0.0,0.0,0.0,0.0,0.0,0.0,0.0,0.0,0.0,0.0,0.0,0.0,0.0,0.0,0.0,0.0,0.0,0.0,0.0,0.0,0.0,0.0,0.0,0.0,0.0,0.0,0.0,0.0,0.0,0.0,0.0,6e-06,1e-05,1e-05,0.0,0.0,0.0,0.0,0.0,0.0,0.0,0.0,0.0,0.0,0.0,0.0,0.0,0.0,0.0,0.0,0.0,0.0,0.0,0.0,0.0,0.0,0.0,0.0,0.0,0.0,0.0,0.0,0.0,0.0,0.0,0.0,0.0,0.0,0.0,0.0,0.0,0.0,0.0,0.0,0.0,0.0,0.0,0.0,0.0,0.0,0.0,0.0,0.0,0.0,0.0,0.0,0.0,0.0,0.0,0.0,0.0,0.0,0.0,0.0,0.0,0.0,0.0,0.0,0.0,0.0,0.0,0.0,0.0,0.0,0.0,0.0,0.0,0.0,0.0,0.0,0.0,0.0,0.0,0.0,0.0,0.0,0.0,0.0,0.0,0.0,0.0,0.0,0.0,0.0,0.0,0.0,0.0,1.1e-05,2e-05,2e-05,0.0,0.0,0.0
BBS_CA_302_GLEN_ELLEN_2_2015,2015-05-28,2015-06-10,0.0,0.0,0.0,0.0,0.0,0.0,0.0,0.0,0.0,0.0,0.0,0.0,0.0,0.0,0.0,0.0,0.0,0.0,0.0,0.0,0.0,0.0,0.0,0.0,0.0,0.0,0.0,0.0,0.0,0.0,0.0,0.0,0.0,0.0,0.0,0.0,0.0,0.0,0.0,0.0,0.0,0.0,0.0,0.0,0.0,0.0,0.0,0.0,0.0,0.0,0.0,0.0,0.0,0.0,0.0,0.0,0.0,0.0,0.0,0.0,0.0,0.0,0.0,0.0,0.0,0.0,0.0,0.6375,0.8625,0.0,0.0,0.0,0.0,0.0,0.0,0.0,0.0,0.0,0.4749,2.152,2.152,0.0,0.0,0.0,0.0,0.0,0.0,0.0,0.0,0.0,0.0136,0.2296,0.417,0.0,0.0,0.0,0.0,0.0,0.0,0.0,0.0,0.0,0.0,0.0,0.0,0.0,0.0,0.0,0.0,0.0,0.0,0.0,0.0,0.0,0.0,0.0,0.0,0.0,0.0,0.0,0.0,0.0,0.0,0.0,0.0,0.0,0.0,0.0,0.0,0.0,0.0,0.0,0.0,0.0,0.0,0.0,0.0,0.0,0.0,0.0,0.0,0.0,0.0,0.0,0.0,0.0,0.0,0.0,0.0,0.0,0.0,0.0,0.0,0.0,0.0,0.0,0.0,0.0,0.0,0.0,0.0,0.0,0.0,0.000319,0.000431,0.0,0.0,0.0,0.0,0.0,0.0,0.0,0.0,0.0,0.001104,0.050465,0.050465,0.0,0.0,0.0,0.0,0.0,0.0,0.0,0.0,0.0,7e-06,0.000115,0.000208,0.0,0.0,0.0,0.0,0.0,0.0,0.0,0.0,0.0,0.0,0.0,0.0,0.0,0.0,0.0,0.0,0.0,0.0,0.0,0.0,0.0,0.0,0.0,0.0,0.0,0.0,0.0,0.0,0.0,0.0,0.0,0.0,0.0,0.0,0.0,0.0,0.0,0.0,0.0,0.0,0.0,0.0,0.0,0.0,0.0,0.0,0.0,0.0,0.0,0.0,0.0,0.0,0.0,0.0,0.0,0.0,0.0,0.0,0.0,0.0,0.0,0.0,0.0,0.0,0.0,0.0,0.0,0.0,0.0,0.0,3.984375,5.390625,0.0,0.0,0.0,0.0,0.0,0.0,0.0,0.0,0.0,1.2e-05,3.4e-05,3.4e-05,0.0,0.0,0.0,0.0,0.0,0.0,0.0,0.0,0.0,1.4e-05,0.00023,0.000417,0.0,0.0,0.0
BBS_CA_302_GLEN_ELLEN_2_2016,2016-05-28,2016-06-10,0.0,0.0,0.0,0.0,0.0,0.0,0.0,0.0,0.0,0.0,0.0,0.0,0.0,0.0,0.0,0.0,0.0,0.0,0.0,0.0,0.0,0.0,0.0,0.0,0.0,0.0,0.0,0.0,0.0,0.0,0.0,0.0,0.0,0.0,0.0,0.0,0.0,0.0,0.0,0.0,0.0,0.0,0.0,0.0,0.0,0.0,0.0,0.0,0.0,0.0,0.0,0.0,0.0,0.0,0.0,0.0,0.0,0.0,0.0,0.0,0.0,0.0,0.0,0.0,0.0,0.0,0.075,0.15,0.15,0.0,0.0,0.0,0.0,0.0,0.0,0.0,0.0,0.0,0.0,0.1931,0.1931,0.0,0.0,0.0,0.0,0.0,0.0,0.0,0.0,0.0,0.0624,0.1249,0.1249,0.0,0.0,0.0,0.0,0.0,0.0,0.0,0.0,0.0,0.0,0.0,0.0,0.0,0.0,0.0,0.0,0.0,0.0,0.0,0.0,0.0,0.0,0.0,0.0,0.0,0.0,0.0,0.0,0.0,0.0,0.0,0.0,0.0,0.0,0.0,0.0,0.0,0.0,0.0,0.0,0.0,0.0,0.0,0.0,0.0,0.0,0.0,0.0,0.0,0.0,0.0,0.0,0.0,0.0,0.0,0.0,0.0,0.0,0.0,0.0,0.0,0.0,0.0,0.0,0.0,0.0,0.0,0.0,0.0,3.7e-05,7.5e-05,7.5e-05,0.0,0.0,0.0,0.0,0.0,0.0,0.0,0.0,0.0,0.0,0.000449,0.000449,0.0,0.0,0.0,0.0,0.0,0.0,0.0,0.0,0.0,3.1e-05,6.2e-05,6.2e-05,0.0,0.0,0.0,0.0,0.0,0.0,0.0,0.0,0.0,0.0,0.0,0.0,0.0,0.0,0.0,0.0,0.0,0.0,0.0,0.0,0.0,0.0,0.0,0.0,0.0,0.0,0.0,0.0,0.0,0.0,0.0,0.0,0.0,0.0,0.0,0.0,0.0,0.0,0.0,0.0,0.0,0.0,0.0,0.0,0.0,0.0,0.0,0.0,0.0,0.0,0.0,0.0,0.0,0.0,0.0,0.0,0.0,0.0,0.0,0.0,0.0,0.0,0.0,0.0,0.0,0.0,0.0,0.0,0.0,0.46875,0.9375,0.9375,0.0,0.0,0.0,0.0,0.0,0.0,0.0,0.0,0.0,0.0,5e-06,5e-06,0.0,0.0,0.0,0.0,0.0,0.0,0.0,0.0,0.0,6.2e-05,0.000125,0.000125,0.0,0.0,0.0
BBS_CA_302_GLEN_ELLEN_2_2017,2017-05-28,2017-06-10,0.0,0.0,0.0,0.0,0.0,0.0,0.0,0.0,0.0,0.0,0.0,0.0,0.0,0.0,0.0,0.0,0.0,0.0,0.0,0.0,0.0,0.0,0.0,0.0,0.0,0.0,0.0,0.0,0.0,0.0,0.0,0.0,0.0,0.0,0.0,0.0,0.0,0.0,0.0,0.0,0.0,0.0,0.0,0.0,0.0,0.0,0.0,0.0,0.0,0.0,0.0,0.0,0.0,0.0,0.0,0.0,0.0,0.0,0.0,0.0,0.0,0.0,0.0,0.0,0.0,0.0,0.1125,0.1125,0.1125,0.0,0.0,0.0,0.0,0.0,0.0,0.0,0.0,0.0,0.0,0.0,0.0,0.0,0.0,0.0,0.0,0.0,0.0,0.0,0.0,0.0,0.1513,0.1521,0.1521,0.0,0.0,0.0,0.0,0.0,0.0,0.0,0.0,0.0,0.0,0.0,0.0,0.0,0.0,0.0,0.0,0.0,0.0,0.0,0.0,0.0,0.0,0.0,0.0,0.0,0.0,0.0,0.0,0.0,0.0,0.0,0.0,0.0,0.0,0.0,0.0,0.0,0.0,0.0,0.0,0.0,0.0,0.0,0.0,0.0,0.0,0.0,0.0,0.0,0.0,0.0,0.0,0.0,0.0,0.0,0.0,0.0,0.0,0.0,0.0,0.0,0.0,0.0,0.0,0.0,0.0,0.0,0.0,0.0,5.6e-05,5.6e-05,5.6e-05,0.0,0.0,0.0,0.0,0.0,0.0,0.0,0.0,0.0,0.0,0.0,0.0,0.0,0.0,0.0,0.0,0.0,0.0,0.0,0.0,0.0,7.6e-05,7.6e-05,7.6e-05,0.0,0.0,0.0,0.0,0.0,0.0,0.0,0.0,0.0,0.0,0.0,0.0,0.0,0.0,0.0,0.0,0.0,0.0,0.0,0.0,0.0,0.0,0.0,0.0,0.0,0.0,0.0,0.0,0.0,0.0,0.0,0.0,0.0,0.0,0.0,0.0,0.0,0.0,0.0,0.0,0.0,0.0,0.0,0.0,0.0,0.0,0.0,0.0,0.0,0.0,0.0,0.0,0.0,0.0,0.0,0.0,0.0,0.0,0.0,0.0,0.0,0.0,0.0,0.0,0.0,0.0,0.0,0.0,0.0,0.703125,0.703125,0.703125,0.0,0.0,0.0,0.0,0.0,0.0,0.0,0.0,0.0,0.0,0.0,0.0,0.0,0.0,0.0,0.0,0.0,0.0,0.0,0.0,0.0,0.000151,0.000152,0.000152,0.0,0.0,0.0
BBS_CA_302_GLEN_ELLEN_2_2018,2018-05-28,2018-06-10,0.0,0.0,0.0,0.0,0.0,0.0,0.0,0.0,0.0,0.0,0.0,0.0,0.0,0.0,0.0,0.0,0.0,0.0,0.0,0.0,0.0,0.0,0.0,0.0,0.0,0.0,0.0,0.0,0.0,0.0,0.0,0.0,0.0,0.0,0.0,0.0,0.0,0.0,0.0,0.0,0.0,0.0,0.0,0.0,0.0,0.0,0.0,0.0,0.0,0.0,0.0,0.0,0.0,0.0,0.0,0.0,0.0,0.0,0.0,0.0,0.0,0.0,0.0,0.0,0.0,0.0,0.0438,0.15,0.225,0.0,0.0,0.0,0.0,0.0,0.0,0.0,0.0,0.0,2.7364,2.7364,2.7364,0.0,0.0,0.0,0.0,0.0,0.0,0.0,0.0,0.0,0.2068,0.3159,0.3938,0.0,0.0,0.0,0.0,0.0,0.0,0.0,0.0,0.0,0.0,0.0,0.0,0.0,0.0,0.0,0.0,0.0,0.0,0.0,0.0,0.0,0.0,0.0,0.0,0.0,0.0,0.0,0.0,0.0,0.0,0.0,0.0,0.0,0.0,0.0,0.0,0.0,0.0,0.0,0.0,0.0,0.0,0.0,0.0,0.0,0.0,0.0,0.0,0.0,0.0,0.0,0.0,0.0,0.0,0.0,0.0,0.0,0.0,0.0,0.0,0.0,0.0,0.0,0.0,0.0,0.0,0.0,0.0,0.0,2.2e-05,7.5e-05,0.000113,0.0,0.0,0.0,0.0,0.0,0.0,0.0,0.0,0.0,0.088195,0.088195,0.088195,0.0,0.0,0.0,0.0,0.0,0.0,0.0,0.0,0.0,0.000103,0.000158,0.000197,0.0,0.0,0.0,0.0,0.0,0.0,0.0,0.0,0.0,0.0,0.0,0.0,0.0,0.0,0.0,0.0,0.0,0.0,0.0,0.0,0.0,0.0,0.0,0.0,0.0,0.0,0.0,0.0,0.0,0.0,0.0,0.0,0.0,0.0,0.0,0.0,0.0,0.0,0.0,0.0,0.0,0.0,0.0,0.0,0.0,0.0,0.0,0.0,0.0,0.0,0.0,0.0,0.0,0.0,0.0,0.0,0.0,0.0,0.0,0.0,0.0,0.0,0.0,0.0,0.0,0.0,0.0,0.0,0.0,0.2735,0.937625,1.406375,0.0,0.0,0.0,0.0,0.0,0.0,0.0,0.0,0.0,3.2e-05,3.2e-05,3.2e-05,0.0,0.0,0.0,0.0,0.0,0.0,0.0,0.0,0.0,0.000207,0.000316,0.000394,0.0,0.0,0.0
BBS_CA_302_GLEN_ELLEN_2_2019,2019-05-28,2019-06-10,0.0,0.0,0.0,0.0,0.0,0.0,0.0,0.0,0.0,0.0,0.0,0.0,0.0,0.0,0.0,0.0,0.0,0.0,0.0,0.0,0.0,0.0,0.0,0.0,0.0,0.0,0.0,0.0,0.0,0.0,0.0,0.0,0.0,0.0,0.0,0.0,0.0,0.0,0.0,0.0,0.0,0.0,0.0,0.0,0.0,0.0,0.0,0.0,0.0,0.0,0.0,0.0,0.0,0.0,0.0,0.0,0.0,0.0,0.0,0.0,0.0,0.0,0.0,0.0,0.0,0.0,0.125,0.3563,0.4188,0.0,0.0,0.0,0.0,0.0,0.0,0.0,0.0,0.0,1.6052,1.6052,1.6052,0.0,0.0,0.0,0.0028,0.0028,0.0028,0.003,0.003,0.003,0.1432,0.4041,0.4587,0.0008,0.0008,0.0008,0.0,0.0,0.0,0.0,0.0,0.0,0.0,0.0,0.0,0.0,0.0,0.0,0.0,0.0,0.0,0.0,0.0,0.0,0.0,0.0,0.0,0.0,0.0,0.0,0.0,0.0,0.0,0.0,0.0,0.0,0.0,0.0,0.0,0.0,0.0,0.0,0.0,0.0,0.0,0.0,0.0,0.0,0.0,0.0,0.0,0.0,0.0,0.0,0.0,0.0,0.0,0.0,0.0,0.0,0.0,0.0,0.0,0.0,0.0,0.0,0.0,0.0,0.0,0.0,0.0,0.0,6.3e-05,0.000178,0.000209,0.0,0.0,0.0,0.0,0.0,0.0,0.0,0.0,0.0,0.051782,0.051782,0.051782,0.0,0.0,0.0,1e-06,1e-06,1e-06,1e-06,1e-06,1e-06,7.2e-05,0.000202,0.000229,0.0,0.0,0.0,0.0,0.0,0.0,0.0,0.0,0.0,0.0,0.0,0.0,0.0,0.0,0.0,0.0,0.0,0.0,0.0,0.0,0.0,0.0,0.0,0.0,0.0,0.0,0.0,0.0,0.0,0.0,0.0,0.0,0.0,0.0,0.0,0.0,0.0,0.0,0.0,0.0,0.0,0.0,0.0,0.0,0.0,0.0,0.0,0.0,0.0,0.0,0.0,0.0,0.0,0.0,0.0,0.0,0.0,0.0,0.0,0.0,0.0,0.0,0.0,0.0,0.0,0.0,0.0,0.0,0.0,0.78125,2.226625,2.61725,0.0,0.0,0.0,0.0,0.0,0.0,0.0,0.0,0.0,1.9e-05,1.9e-05,1.9e-05,0.0,0.0,0.0,3e-06,3e-06,3e-06,3e-06,3e-06,3e-06,0.000143,0.000404,0.000459,1e-06,1e-06,1e-06
BBS_CA_302_GLEN_ELLEN_2_2020,2020-05-28,2020-06-10,0.0,0.0,0.0,0.0,0.0,0.0,0.0,0.0,0.0,0.0,0.0,0.0,0.0,0.0,0.0,0.0,0.0,0.0,0.0,0.0,0.0,0.0,0.0,0.0,0.0,0.0,0.0,0.0,0.0,0.0,0.0,0.0,0.0,0.0,0.0,0.0,0.0,0.0,0.0,0.0,0.0,0.0,0.0,0.0,0.0,0.0,0.0,0.0,0.0,0.0,0.0,0.0,0.0,0.0,0.0,0.0,0.0,0.0,0.0,0.0,0.0,0.0,0.0,0.0,0.0,0.0,0.15,0.25,0.2875,0.0,0.0,0.0,0.0,0.0,0.0,0.0,0.0,0.0,0.0,0.0,0.0,0.0,0.0,0.0,0.0,0.0,0.0,0.0,0.0,0.0,0.2025,0.3582,0.4127,0.0,0.0,0.0,0.0,0.0,0.0,0.0,0.0,0.0,0.0,0.0,0.0,0.0,0.0,0.0,0.0,0.0,0.0,0.0,0.0,0.0,0.0,0.0,0.0,0.0,0.0,0.0,0.0,0.0,0.0,0.0,0.0,0.0,0.0,0.0,0.0,0.0,0.0,0.0,0.0,0.0,0.0,0.0,0.0,0.0,0.0,0.0,0.0,0.0,0.0,0.0,0.0,0.0,0.0,0.0,0.0,0.0,0.0,0.0,0.0,0.0,0.0,0.0,0.0,0.0,0.0,0.0,0.0,0.0,7.5e-05,0.000125,0.000144,0.0,0.0,0.0,0.0,0.0,0.0,0.0,0.0,0.0,0.0,0.0,0.0,0.0,0.0,0.0,0.0,0.0,0.0,0.0,0.0,0.0,0.000101,0.000179,0.000206,0.0,0.0,0.0,0.0,0.0,0.0,0.0,0.0,0.0,0.0,0.0,0.0,0.0,0.0,0.0,0.0,0.0,0.0,0.0,0.0,0.0,0.0,0.0,0.0,0.0,0.0,0.0,0.0,0.0,0.0,0.0,0.0,0.0,0.0,0.0,0.0,0.0,0.0,0.0,0.0,0.0,0.0,0.0,0.0,0.0,0.0,0.0,0.0,0.0,0.0,0.0,0.0,0.0,0.0,0.0,0.0,0.0,0.0,0.0,0.0,0.0,0.0,0.0,0.0,0.0,0.0,0.0,0.0,0.0,0.9375,1.5625,1.796875,0.0,0.0,0.0,0.0,0.0,0.0,0.0,0.0,0.0,0.0,0.0,0.0,0.0,0.0,0.0,0.0,0.0,0.0,0.0,0.0,0.0,0.000202,0.000358,0.000413,0.0,0.0,0.0
BBS_CA_302_GLEN_ELLEN_2_2021,2021-05-28,2021-06-10,0.0,0.0,0.0,0.0,0.0,0.0,0.0,0.0,0.0,0.0,0.0,0.0,0.0,0.0,0.0,0.0,0.0,0.0,0.0,0.0,0.0,0.0,0.0,0.0,0.0,0.0,0.0,0.0,0.0,0.0,0.0,0.0,0.0,0.0,0.0,0.0,0.0,0.0,0.0,0.0,0.0,0.0,0.0,0.0,0.0,0.0,0.0,0.0,0.0,0.0,0.0,0.0,0.0,0.0,0.0,0.0,0.0,0.0,0.0,0.0,0.0,0.0,0.0,0.0,0.0,0.0,0.5,0.6906,1.0031,0.0,0.0,0.0,0.0,0.0,0.0,0.0,0.0,0.0,1.4762,1.4762,1.4762,0.0,0.0,0.0,0.0,0.0,0.0,0.0,0.0,0.0,0.7706,1.0061,1.3023,0.0,0.0,0.0,0.0,0.0,0.0,0.0,0.0,0.0,0.0,0.0,0.0,0.0,0.0,0.0,0.0,0.0,0.0,0.0,0.0,0.0,0.0,0.0,0.0,0.0,0.0,0.0,0.0,0.0,0.0,0.0,0.0,0.0,0.0,0.0,0.0,0.0,0.0,0.0,0.0,0.0,0.0,0.0,0.0,0.0,0.0,0.0,0.0,0.0,0.0,0.0,0.0,0.0,0.0,0.0,0.0,0.0,0.0,0.0,0.0,0.0,0.0,0.0,0.0,0.0,0.0,0.0,0.0,0.0,0.00025,0.000345,0.000502,0.0,0.0,0.0,0.0,0.0,0.0,0.0,0.0,0.0,0.04762,0.04762,0.04762,0.0,0.0,0.0,0.0,0.0,0.0,0.0,0.0,0.0,0.000385,0.000503,0.000651,0.0,0.0,0.0,0.0,0.0,0.0,0.0,0.0,0.0,0.0,0.0,0.0,0.0,0.0,0.0,0.0,0.0,0.0,0.0,0.0,0.0,0.0,0.0,0.0,0.0,0.0,0.0,0.0,0.0,0.0,0.0,0.0,0.0,0.0,0.0,0.0,0.0,0.0,0.0,0.0,0.0,0.0,0.0,0.0,0.0,0.0,0.0,0.0,0.0,0.0,0.0,0.0,0.0,0.0,0.0,0.0,0.0,0.0,0.0,0.0,0.0,0.0,0.0,0.0,0.0,0.0,0.0,0.0,0.0,3.125,4.316375,6.2695,0.0,0.0,0.0,0.0,0.0,0.0,0.0,0.0,0.0,1.7e-05,1.7e-05,1.7e-05,0.0,0.0,0.0,0.0,0.0,0.0,0.0,0.0,0.0,0.000771,0.001006,0.001302,0.0,0.0,0.0
BBS_CA_302_GLEN_ELLEN_2_2022,2022-05-28,2022-06-10,0.0,0.0,0.0,0.0,0.0,0.0,0.0,0.0,0.0,0.0,0.0,0.0,0.0,0.0,0.0,0.0,0.0,0.0,0.0,0.0,0.0,0.0,0.0,0.0,0.0,0.0,0.0,0.0,0.0,0.0,0.0,0.0,0.0,0.0,0.0,0.0,0.0,0.0,0.0,0.0,0.0,0.0,0.0,0.0,0.0,0.0,0.0,0.0,0.0,0.0,0.0,0.0,0.0,0.0,0.0,0.0,0.0,0.0,0.0,0.0,0.0,0.0,0.0,0.0,0.0,0.0,0.175,0.325,0.475,0.0,0.0,0.0,0.0,0.0,0.0,0.0,0.0,0.0,3.9327,3.9327,3.9327,0.0,0.0,0.0,0.0,0.0,0.0,0.0,0.0,0.0,0.3191,0.5916,0.8485,0.0,0.0,0.0,0.0,0.0,0.0,0.0,0.0,0.0,0.0,0.0,0.0,0.0,0.0,0.0,0.0,0.0,0.0,0.0,0.0,0.0,0.0,0.0,0.0,0.0,0.0,0.0,0.0,0.0,0.0,0.0,0.0,0.0,0.0,0.0,0.0,0.0,0.0,0.0,0.0,0.0,0.0,0.0,0.0,0.0,0.0,0.0,0.0,0.0,0.0,0.0,0.0,0.0,0.0,0.0,0.0,0.0,0.0,0.0,0.0,0.0,0.0,0.0,0.0,0.0,0.0,0.0,0.0,0.0,8.7e-05,0.000162,0.000237,0.0,0.0,0.0,0.0,0.0,0.0,0.0,0.0,0.0,0.126862,0.126862,0.126862,0.0,0.0,0.0,0.0,0.0,0.0,0.0,0.0,0.0,0.00016,0.000296,0.000424,0.0,0.0,0.0,0.0,0.0,0.0,0.0,0.0,0.0,0.0,0.0,0.0,0.0,0.0,0.0,0.0,0.0,0.0,0.0,0.0,0.0,0.0,0.0,0.0,0.0,0.0,0.0,0.0,0.0,0.0,0.0,0.0,0.0,0.0,0.0,0.0,0.0,0.0,0.0,0.0,0.0,0.0,0.0,0.0,0.0,0.0,0.0,0.0,0.0,0.0,0.0,0.0,0.0,0.0,0.0,0.0,0.0,0.0,0.0,0.0,0.0,0.0,0.0,0.0,0.0,0.0,0.0,0.0,0.0,1.09375,2.03125,2.96875,0.0,0.0,0.0,0.0,0.0,0.0,0.0,0.0,0.0,4.6e-05,4.6e-05,4.6e-05,0.0,0.0,0.0,0.0,0.0,0.0,0.0,0.0,0.0,0.000319,0.000592,0.000849,0.0,0.0,0.0
BBS_CA_302_GLEN_ELLEN_2_2023,2023-05-28,2023-06-10,0.0,0.0,0.0,0.0,0.0,0.0,0.0,0.0,0.0,0.0,0.0,0.0,0.0,0.0,0.0,0.0,0.0,0.0,0.0,0.0,0.0,0.0,0.0,0.0,0.0,0.0,0.0,0.0,0.0,0.0,0.0,0.0,0.0,0.0,0.0,0.0,0.0,0.0,0.0,0.0,0.0,0.0,0.0,0.0,0.0,0.0,0.0,0.0,0.0,0.0,0.0,0.0,0.0,0.0,0.0,0.0,0.0,0.0,0.0,0.0,0.0,0.0,0.0,0.0,0.0,0.0,0.2125,0.35,0.35,0.0,0.0,0.0,0.0,0.0,0.0,0.0,0.0,0.0,0.0,0.0,0.0,0.0,0.0,0.0,0.0,0.0,0.0,0.0,0.0,0.0,0.3658,0.5799,0.5799,0.0,0.0,0.0,0.0,0.0,0.0,0.0,0.0,0.0,0.0,0.0,0.0,0.0,0.0,0.0,0.0,0.0,0.0,0.0,0.0,0.0,0.0,0.0,0.0,0.0,0.0,0.0,0.0,0.0,0.0,0.0,0.0,0.0,0.0,0.0,0.0,0.0,0.0,0.0,0.0,0.0,0.0,0.0,0.0,0.0,0.0,0.0,0.0,0.0,0.0,0.0,0.0,0.0,0.0,0.0,0.0,0.0,0.0,0.0,0.0,0.0,0.0,0.0,0.0,0.0,0.0,0.0,0.0,0.0,0.000106,0.000175,0.000175,0.0,0.0,0.0,0.0,0.0,0.0,0.0,0.0,0.0,0.0,0.0,0.0,0.0,0.0,0.0,0.0,0.0,0.0,0.0,0.0,0.0,0.000183,0.00029,0.00029,0.0,0.0,0.0,0.0,0.0,0.0,0.0,0.0,0.0,0.0,0.0,0.0,0.0,0.0,0.0,0.0,0.0,0.0,0.0,0.0,0.0,0.0,0.0,0.0,0.0,0.0,0.0,0.0,0.0,0.0,0.0,0.0,0.0,0.0,0.0,0.0,0.0,0.0,0.0,0.0,0.0,0.0,0.0,0.0,0.0,0.0,0.0,0.0,0.0,0.0,0.0,0.0,0.0,0.0,0.0,0.0,0.0,0.0,0.0,0.0,0.0,0.0,0.0,0.0,0.0,0.0,0.0,0.0,0.0,1.328125,2.1875,2.1875,0.0,0.0,0.0,0.0,0.0,0.0,0.0,0.0,0.0,0.0,0.0,0.0,0.0,0.0,0.0,0.0,0.0,0.0,0.0,0.0,0.0,0.000366,0.00058,0.00058,0.0,0.0,0.0
BBS_CA_320_COLLEGEVILLE_2_2015,2015-05-28,2015-06-10,0.0,0.0,0.0,0.0,0.0,0.0,5.5926,5.5926,5.5926,0.0,0.0,0.0,7.8619,7.8619,7.8619,32.0355,32.0355,32.0355,50.1068,61.8284,61.8284,1.8437,1.8437,1.8437,0.0,0.0,0.0,0.0,0.0,0.0,0.0,0.0,0.0,0.0,0.0,0.0,0.0,0.0,0.0,0.0,0.0,14.9005,0.0,77.9757,481.1565,0.0,0.0,0.0,0.0,0.0,0.0,0.0,0.0,0.0,8.8865,8.8865,8.8865,0.0,0.0,0.0,10.7488,10.7488,22.5308,33.4119,33.4119,52.0123,57.3417,96.5845,119.7414,2.7023,2.7023,7.2853,26.3067,31.9047,31.9047,76.2029,89.587,89.587,112.1624,126.1324,126.1324,6.5606,8.7381,8.7381,0.0,0.0,0.0,0.0,0.0,0.0,4.0179,10.7953,10.9302,0.0,0.0,0.0,0.0,0.0,0.0,0.0,0.0,0.0,0.231101,0.231101,0.231101,0.0,0.0,0.0,0.003931,0.003931,0.003931,0.016018,0.016018,0.016018,0.024807,0.030668,0.030668,0.000922,0.000922,0.000922,0.0,0.0,0.0,0.0,0.0,0.0,0.0,0.0,0.0,0.0,0.0,0.0,0.0,0.0,0.0,0.0,0.0,1.419092,0.0,1.989177,25.205311,0.0,0.0,0.0,0.0,0.0,0.0,0.0,0.0,0.0,0.090679,0.090679,0.090679,0.0,0.0,0.0,0.005972,0.005972,0.007174,0.017402,0.017402,0.0193,0.026779,0.052947,0.055999,0.001501,0.001501,0.001969,0.486992,0.49671,0.49671,1.683844,1.70708,1.70708,2.299002,2.323256,2.323256,0.078997,0.082777,0.082777,0.0,0.0,0.0,0.0,0.0,0.0,0.001895,0.005016,0.005076,0.0,0.0,0.0,0.0,0.0,0.0,0.0,0.0,0.0,0.735875,0.735875,0.735875,0.0,0.0,0.0,0.131032,0.131032,0.131032,0.533924,0.533924,0.533924,1.142917,1.338276,1.338276,0.030728,0.030728,0.030728,0.0,0.0,0.0,0.0,0.0,0.0,0.0,0.0,0.0,0.0,0.0,0.0,0.0,0.0,0.0,0.0,0.0,0.00745,0.0,779.75739,2615.781086,0.0,0.0,0.0,0.0,0.0,0.0,0.0,0.0,0.0,0.000178,0.000178,0.000178,0.0,0.0,0.0,97.716553,97.716553,117.353193,285.545452,285.545452,316.547511,413.828302,598.635561,649.447965,24.566434,24.566434,32.204776,0.000289,0.000345,0.000345,0.000852,0.000986,0.000986,0.001243,0.001383,0.001383,7e-05,9.1e-05,9.1e-05,0.0,0.0,0.0,0.0,0.0,0.0,0.010973,0.034049,0.034641,0.0,0.0,0.0
BBS_CA_320_COLLEGEVILLE_2_2016,2016-05-28,2016-06-10,7.5478,7.5478,7.5478,120.6243,120.6243,120.6243,201.7279,233.5874,233.5874,0.0973,0.0973,0.0973,0.0144,8.3081,8.3081,8.7514,34.2307,34.2307,47.307,75.7225,75.7225,0.0002,1.7733,1.7733,0.0,0.0,0.0,0.0,0.0,0.0,0.0,0.0,0.0,0.0,0.0,0.0,0.0,0.0,0.0,0.0,0.0,8.5733,14.2539,35.5989,572.201,0.0,0.0,0.0,0.0,0.0,0.0,0.0,0.0,0.0,22.51,22.51,22.51,0.0,0.0,0.0,8.4864,19.2077,30.9897,36.0378,70.1971,89.5257,95.1318,144.3834,195.2011,1.6948,3.99,8.573,18.3228,23.9525,23.9525,48.3221,57.2096,57.2096,120.5761,141.1703,141.1703,3.7013,5.8912,5.8912,0.0,0.0,0.0,0.0,0.0,0.0,0.6525,5.466,5.5951,0.0,0.0,0.0,0.311893,0.311893,0.311893,4.984476,4.984476,4.984476,7.46725,7.48318,7.48318,0.00402,0.00402,0.00402,7e-06,0.004154,0.004154,0.003893,0.016633,0.016633,0.021263,0.035471,0.035471,0.0,0.000887,0.000887,0.0,0.0,0.0,0.0,0.0,0.0,0.0,0.0,0.0,0.0,0.0,0.0,0.0,0.0,0.0,0.0,0.0,0.814725,0.039705,0.58422,14.425806,0.0,0.0,0.0,0.0,0.0,0.0,0.0,0.0,0.0,0.229694,0.229694,0.229694,0.0,0.0,0.0,0.003194,0.009151,0.010353,0.016787,0.035387,0.037469,0.059042,0.082601,0.088582,0.000634,0.001909,0.002376,0.591057,0.600831,0.600831,1.558777,1.574207,1.574207,3.889551,4.282615,4.282615,0.119397,0.123199,0.123199,0.0,0.0,0.0,0.0,0.0,0.0,0.00029,0.002429,0.002494,0.0,0.0,0.0,0.993132,0.993132,0.993132,15.87162,15.87162,15.87162,26.591862,30.856861,30.856861,0.0128,0.0128,0.0128,0.00024,0.138469,0.138469,0.749634,1.174289,1.174289,3.78027,4.253862,4.253862,3e-06,0.029555,0.029555,0.0,0.0,0.0,0.0,0.0,0.0,0.0,0.0,0.0,0.0,0.0,0.0,0.0,0.0,0.0,0.0,0.0,0.031754,20.362741,233.812841,3238.688951,0.0,0.0,0.0,0.0,0.0,0.0,0.0,0.0,0.0,0.000452,0.000452,0.000452,0.0,0.0,0.0,39.052582,136.519226,156.155866,206.204902,510.822341,544.986407,488.457754,876.53607,975.344049,7.154788,28.020147,35.658489,0.000216,0.000272,0.000272,0.000568,0.000657,0.000657,0.001419,0.001645,0.001645,4.4e-05,6.5e-05,6.5e-05,0.0,0.0,0.0,0.0,0.0,0.0,0.002862,0.023974,0.024103,0.0,0.0,0.0
BBS_CA_320_COLLEGEVILLE_2_2017,2017-05-28,2017-06-10,25.6741,25.6741,25.6741,65.5,65.5,65.5,215.57,215.57,215.57,4.6063,4.6063,4.6063,0.0,10.2755,10.2755,8.6824,42.2597,42.2597,50.7127,88.9541,88.9541,0.0,1.961,1.961,0.0,0.0,0.0,0.0,0.0,0.0,0.0,0.0,0.0,0.0,0.0,0.0,0.0,0.0,0.0,0.0,0.0,8.6714,309.933,312.2108,579.6904,0.0,0.0,0.0,3.7629,3.7629,3.7629,9.6,9.6,9.6,19.4633,19.4633,19.4633,0.6751,0.6751,0.6751,0.9576,16.1065,16.1065,1.9291,52.8718,53.6035,73.9642,179.94,202.2521,0.2958,3.1873,3.1873,4.2669,4.2669,4.2669,20.4467,20.4467,20.4467,171.5731,183.9292,183.9292,1.478,1.478,1.478,0.0,0.0,0.0,0.0008,0.0008,0.0008,11.5089,12.1542,12.1542,0.0,0.0,0.0,0.012837,0.012837,0.012837,0.03275,0.03275,0.03275,0.107785,0.107785,0.107785,0.002303,0.002303,0.002303,0.0,0.004567,0.004567,0.003859,0.018782,0.018782,0.022539,0.039535,0.039535,0.0,0.000872,0.000872,0.0,0.0,0.0,0.0,0.0,0.0,0.0,0.0,0.0,0.0,0.0,0.0,0.0,0.0,0.0,0.0,0.0,0.823766,7.906455,7.964561,23.221801,0.0,0.0,0.0,0.038397,0.038397,0.038397,0.097959,0.097959,0.097959,0.198605,0.198605,0.198605,0.006889,0.006889,0.006889,0.000242,0.008658,0.008658,0.000488,0.028353,0.028538,0.043032,0.115416,0.119251,7.5e-05,0.001681,0.001681,0.076643,0.076643,0.076643,0.40821,0.40821,0.40821,4.829859,5.228441,5.228441,0.023951,0.023951,0.023951,0.0,0.0,0.0,0.0,0.0,0.0,0.005211,0.005534,0.005534,0.0,0.0,0.0,3.436966,3.436966,3.436966,8.768407,8.768407,8.768407,28.858097,28.858097,28.858097,0.616646,0.616646,0.616646,0.0,0.885816,0.885816,0.748484,3.643079,3.643079,4.371784,7.668458,7.668458,0.0,0.169052,0.169052,0.0,0.0,0.0,0.0,0.0,0.0,0.0,0.0,0.0,0.0,0.0,0.0,0.0,0.0,0.0,0.0,0.0,0.30235,3099.330499,3122.107763,4587.436733,0.0,0.0,0.0,7.6e-05,7.6e-05,7.6e-05,0.000193,0.000193,0.000193,0.000391,0.000391,0.000391,1.4e-05,1.4e-05,1.4e-05,4.163563,141.88062,141.88062,8.387226,464.652606,467.821697,399.102563,1017.019943,1081.854914,1.286021,27.572402,27.572402,4.7e-05,4.7e-05,4.7e-05,0.000226,0.000226,0.000226,0.001978,0.002123,0.002123,1.6e-05,1.6e-05,1.6e-05,0.0,0.0,0.0,3e-06,3e-06,3e-06,0.044611,0.045257,0.045257,0.0,0.0,0.0
BBS_CA_320_COLLEGEVILLE_2_2018,2018-05-28,2018-06-10,0.0,0.0,0.0,0.0,0.0,0.0,110.7476,111.748,111.748,0.0,0.0,0.0,8.4064,8.4064,8.4064,27.6936,27.6936,27.6936,93.6085,98.7258,98.7258,1.5812,1.5812,1.5812,0.0,0.0,0.0,0.0,0.0,0.0,0.0,0.0,0.0,0.0,0.0,0.0,0.0,0.0,0.0,0.0,11.3871,11.3871,2.2662,222.9815,225.7704,0.0,0.0,0.0,0.0,0.0,0.0,0.0,0.0,0.0,6.8068,6.8068,6.8068,0.0,0.0,0.0,4.2032,4.2032,4.2032,13.9835,14.7106,14.7106,72.786,84.4253,99.1325,0.7906,0.7906,0.7906,19.5003,19.5003,19.5003,50.9608,50.9608,50.9608,197.5264,202.1907,202.1907,3.4987,3.4987,3.4987,0.0,0.0,0.0,0.7842,0.7842,0.7842,10.2596,10.2596,10.2596,0.0,0.0,0.0,0.0,0.0,0.0,0.0,0.0,0.0,1.212631,1.213131,1.213131,0.0,0.0,0.0,0.003736,0.003736,0.003736,0.012308,0.012308,0.012308,0.041604,0.043878,0.043878,0.000703,0.000703,0.000703,0.0,0.0,0.0,0.0,0.0,0.0,0.0,0.0,0.0,0.0,0.0,0.0,0.0,0.0,0.0,0.0,1.084482,1.084482,0.006313,6.628663,6.699809,0.0,0.0,0.0,0.0,0.0,0.0,0.0,0.0,0.0,0.069457,0.069457,0.069457,0.0,0.0,0.0,0.001064,0.001064,0.001064,0.00354,0.003724,0.003724,0.023985,0.02759,0.032048,0.0002,0.0002,0.0002,0.629043,0.629043,0.629043,1.643895,1.643895,1.643895,6.127466,6.199182,6.199182,0.11286,0.11286,0.11286,0.0,0.0,0.0,0.000349,0.000349,0.000349,0.00456,0.00456,0.00456,0.0,0.0,0.0,0.0,0.0,0.0,0.0,0.0,0.0,14.760728,14.894651,14.894651,0.0,0.0,0.0,0.724693,0.724693,0.724693,2.387377,2.387377,2.387377,8.069699,8.510846,8.510846,0.136313,0.136313,0.136313,0.0,0.0,0.0,0.0,0.0,0.0,0.0,0.0,0.0,0.0,0.0,0.0,0.0,0.0,0.0,0.0,0.005694,0.005694,3.237485,236.063754,263.952932,0.0,0.0,0.0,0.0,0.0,0.0,0.0,0.0,0.0,0.000137,0.000137,0.000137,0.0,0.0,0.0,18.274869,18.274869,18.274869,60.797702,63.959267,63.959267,350.846152,398.056615,472.231762,3.437453,3.437453,3.437453,0.000229,0.000229,0.000229,0.0006,0.0006,0.0006,0.00231,0.00236,0.00236,4.1e-05,4.1e-05,4.1e-05,0.0,0.0,0.0,0.00344,0.00344,0.00344,0.044998,0.044998,0.044998,0.0,0.0,0.0
BBS_CA_320_COLLEGEVILLE_2_2019,2019-05-28,2019-06-10,0.0,0.0,0.0,0.0,0.0,0.0,0.0,0.0,0.0,0.0,0.0,0.0,9.0971,9.0971,9.0971,28.1769,28.1769,28.1769,95.0879,97.449,97.449,1.9183,1.9183,1.9183,0.0,0.0,0.0,0.0,0.0,0.0,0.0,0.0,0.0,0.0,0.0,0.0,0.0,0.0,0.0,0.0,38.3057,38.3057,2.2662,219.9003,290.8196,0.0,0.0,0.0,0.0,0.0,0.0,0.0,0.0,0.0,0.0,0.224,0.224,0.0,0.0,0.0,18.0843,19.1221,19.1221,52.9249,54.5633,54.5633,162.0615,188.5458,195.1547,4.8672,5.2709,5.2709,0.5781,0.5781,0.5781,6.645,6.645,6.645,79.7808,79.7808,79.7808,0.1037,0.1037,0.1037,0.0,0.0,0.0,0.0,0.0,0.0,6.5095,6.5095,6.5095,0.0,0.0,0.0,0.0,0.0,0.0,0.0,0.0,0.0,0.0,0.0,0.0,0.0,0.0,0.0,0.004043,0.004043,0.004043,0.012523,0.012523,0.012523,0.042261,0.043311,0.043311,0.000853,0.000853,0.000853,0.0,0.0,0.0,0.0,0.0,0.0,0.0,0.0,0.0,0.0,0.0,0.0,0.0,0.0,0.0,0.0,0.924502,0.924502,0.006313,5.258872,12.013093,0.0,0.0,0.0,0.0,0.0,0.0,0.0,0.0,0.0,0.0,0.002286,0.002286,0.0,0.0,0.0,0.002713,0.002976,0.002976,0.009231,0.009646,0.009646,0.062158,0.068366,0.070039,0.00065,0.000752,0.000752,0.018648,0.018648,0.018648,0.180336,0.180336,0.180336,2.251084,2.251084,2.251084,0.003346,0.003346,0.003346,0.0,0.0,0.0,0.0,0.0,0.0,0.002893,0.002893,0.002893,0.0,0.0,0.0,0.0,0.0,0.0,0.0,0.0,0.0,0.0,0.0,0.0,0.0,0.0,0.0,0.784234,0.784234,0.784234,2.429042,2.429042,2.429042,7.108569,7.312107,7.312107,0.165369,0.165369,0.165369,0.0,0.0,0.0,0.0,0.0,0.0,0.0,0.0,0.0,0.0,0.0,0.0,0.0,0.0,0.0,0.0,42.09029,42.09029,3.237485,242.373479,242.408938,0.0,0.0,0.0,0.0,0.0,0.0,0.0,0.0,0.0,0.0,4e-06,4e-06,0.0,0.0,0.0,45.532905,50.04516,50.04516,156.164668,163.288082,163.288082,905.783747,1008.297562,1037.031825,10.833724,12.58892,12.58892,7e-06,7e-06,7e-06,7.6e-05,7.6e-05,7.6e-05,0.00092,0.00092,0.00092,1e-06,1e-06,1e-06,0.0,0.0,0.0,0.0,0.0,0.0,0.02855,0.02855,0.02855,0.0,0.0,0.0
BBS_CA_320_COLLEGEVILLE_2_2020,2020-05-28,2020-06-10,0.0,0.0,0.0,0.0,0.0,0.0,21.2779,21.2779,21.2779,0.0,0.0,0.0,2.1899,2.1899,2.1899,19.6607,19.6607,19.6607,48.7258,51.8684,53.4565,0.0,0.0,0.0,0.0,0.0,0.0,0.0,0.0,0.0,0.0,0.8669,1.8105,0.0,0.0,0.0,0.0,0.0,0.0,0.0,0.0,7.4289,0.5666,0.5666,267.5797,0.0,0.0,0.0,0.0,0.0,0.0,0.0,0.0,0.0,0.9885,0.9885,0.9885,0.0,0.0,0.0,49.159,49.159,49.159,138.1518,138.179,138.3613,293.6718,307.1353,340.9017,14.1221,14.1221,14.1221,15.58,18.2264,18.2264,127.3804,149.9306,149.9306,237.8841,278.9106,279.3923,0.0303,0.0303,0.0303,1.1544,1.1544,1.1544,5.5233,5.5233,5.5233,11.9004,20.5567,21.3691,0.0149,0.0149,0.0149,0.0,0.0,0.0,0.0,0.0,0.0,0.010639,0.010639,0.010639,0.0,0.0,0.0,0.000973,0.000973,0.000973,0.008738,0.008738,0.008738,0.021656,0.023053,0.023758,0.0,0.0,0.0,0.0,0.0,0.0,0.0,0.0,0.0,0.0,0.003737,0.007804,0.0,0.0,0.0,0.0,0.0,0.0,0.0,0.0,0.020693,0.001578,0.001578,2.173872,0.0,0.0,0.0,0.0,0.0,0.0,0.0,0.0,0.0,0.010087,0.010087,0.010087,0.0,0.0,0.0,0.02017,0.02017,0.02017,0.058632,0.058639,0.058686,0.136417,0.143929,0.148563,0.005684,0.005684,0.005684,0.502581,0.587949,0.587949,4.066692,4.79412,4.79412,7.579408,8.902843,8.918382,0.000976,0.000976,0.000976,0.000513,0.000513,0.000513,0.002455,0.002455,0.002455,0.005289,0.009136,0.009497,7e-06,7e-06,7e-06,0.0,0.0,0.0,0.0,0.0,0.0,2.848441,2.848441,2.848441,0.0,0.0,0.0,0.188787,0.188787,0.188787,1.694887,1.694887,1.694887,4.200503,4.471417,4.60832,0.0,0.0,0.0,0.0,0.0,0.0,0.0,0.0,0.0,0.0,1.1e-05,2.3e-05,0.0,0.0,0.0,0.0,0.0,0.0,0.0,0.0,10.612718,0.809371,0.809371,917.913206,0.0,0.0,0.0,0.0,0.0,0.0,0.0,0.0,0.0,2e-05,2e-05,2e-05,0.0,0.0,0.0,320.624163,320.624163,320.624163,931.506819,931.640311,932.432977,1915.357074,2013.397469,2090.453277,91.442531,91.442531,91.442531,0.000183,0.000214,0.000214,0.001496,0.001761,0.001761,0.002793,0.003276,0.003282,0.0,0.0,0.0,0.005063,0.005063,0.005063,0.024225,0.024225,0.024225,0.052195,0.090161,0.093724,6.5e-05,6.5e-05,6.5e-05
BBS_CA_320_COLLEGEVILLE_2_2021,2021-05-28,2021-06-10,97.1561,97.1561,97.1561,153.3785,153.3785,153.3785,154.9828,156.5871,156.5871,37.7922,37.7922,37.7922,0.0,0.0,0.0,2.2158,2.2158,2.2158,65.7516,69.1637,69.1637,0.0,0.0,0.0,0.0,0.0,0.0,0.0,0.0,0.0,0.0,0.0,0.0,0.0,0.0,0.0,0.0,0.0,0.0,7.4301,7.4301,7.4301,204.4523,204.4523,317.2771,0.0,0.0,0.0,0.0,0.0,0.0,0.0,0.0,0.0,0.0,0.0,0.0,0.0,0.0,0.0,26.5112,26.5112,26.5112,78.1924,80.7118,80.7118,203.3513,259.8318,272.1667,6.8913,6.8913,6.8913,0.0,1.9976,1.9976,4.209,21.2311,21.2311,78.6318,130.8194,130.8194,0.0,0.0,0.0,0.0,0.0,0.0,0.0,0.0,0.0,13.2401,13.2401,13.2401,0.0,0.0,0.0,0.048578,0.048578,0.048578,0.076689,0.076689,0.076689,0.077491,0.078294,0.078294,0.018896,0.018896,0.018896,0.0,0.0,0.0,0.000985,0.000985,0.000985,0.029223,0.030739,0.030739,0.0,0.0,0.0,0.0,0.0,0.0,0.0,0.0,0.0,0.0,0.0,0.0,0.0,0.0,0.0,0.0,0.0,0.0,0.020697,0.020697,0.020697,0.569505,0.569505,11.31472,0.0,0.0,0.0,0.0,0.0,0.0,0.0,0.0,0.0,0.0,0.0,0.0,0.0,0.0,0.0,0.014373,0.014373,0.014373,0.044808,0.046208,0.046208,0.120328,0.149128,0.15225,0.003761,0.003761,0.003761,0.0,0.064439,0.064439,0.092902,0.642005,0.642005,2.441891,4.125363,4.125363,0.0,0.0,0.0,0.0,0.0,0.0,0.0,0.0,0.0,0.005884,0.005884,0.005884,0.0,0.0,0.0,13.006167,13.006167,13.006167,20.532596,20.532596,20.532596,20.747364,20.962132,20.962132,5.059193,5.059193,5.059193,0.0,0.0,0.0,0.191016,0.191016,0.191016,5.66824,5.962384,5.962384,0.0,0.0,0.0,0.0,0.0,0.0,0.0,0.0,0.0,0.0,0.0,0.0,0.0,0.0,0.0,0.0,0.0,0.0,10.614489,10.614489,10.614489,292.074729,292.074729,292.131142,0.0,0.0,0.0,0.0,0.0,0.0,0.0,0.0,0.0,0.0,0.0,0.0,0.0,0.0,0.0,234.543769,234.543769,234.543769,637.255647,660.15937,660.15937,1296.827842,1769.836522,1823.466654,61.588516,61.588516,61.588516,0.0,2.4e-05,2.4e-05,4.7e-05,0.000247,0.000247,0.00092,0.001534,0.001534,0.0,0.0,0.0,0.0,0.0,0.0,0.0,0.0,0.0,0.058071,0.058071,0.058071,0.0,0.0,0.0
BBS_CA_320_COLLEGEVILLE_2_2022,2022-05-28,2022-06-10,29.2366,29.2366,29.2366,91.1719,91.1719,91.1719,99.5,99.5,99.5,4.747,4.747,4.747,5.004,5.004,5.004,7.8997,7.8997,7.8997,14.9199,21.6474,21.6474,1.9465,1.9465,1.9465,0.0,0.0,0.0,0.0,0.0,0.0,0.0,0.0,0.0,0.0,0.0,0.0,0.0,0.0,0.0,0.0,0.0,30.0777,0.0,0.0,820.7107,0.0,0.0,0.0,0.0,0.0,0.0,0.0,0.0,0.0,12.657,12.657,12.657,0.0,0.0,0.0,20.7527,20.7527,21.08,62.2228,68.9057,70.6469,140.9143,189.8093,205.4845,4.7047,4.7047,4.7089,21.6737,23.7042,23.7042,38.4857,55.785,55.785,52.4249,87.8749,87.8749,8.4307,8.4307,8.4307,0.0,0.0,0.0,5.2111,5.2111,5.2111,5.8825,5.8825,5.8825,0.0,0.0,0.0,0.014618,0.014618,0.014618,0.045586,0.045586,0.045586,0.04975,0.04975,0.04975,0.002373,0.002373,0.002373,0.002224,0.002224,0.002224,0.003511,0.003511,0.003511,0.006631,0.009621,0.009621,0.000865,0.000865,0.000865,0.0,0.0,0.0,0.0,0.0,0.0,0.0,0.0,0.0,0.0,0.0,0.0,0.0,0.0,0.0,0.0,0.0,0.108933,0.0,0.0,18.589021,0.0,0.0,0.0,0.0,0.0,0.0,0.0,0.0,0.0,0.129153,0.129153,0.129153,0.0,0.0,0.0,0.011044,0.011044,0.011126,0.033792,0.036899,0.03734,0.077628,0.105352,0.10932,0.002374,0.002374,0.002375,0.183662,0.249162,0.249162,0.385332,0.943372,0.943372,0.783862,1.559175,1.559175,0.071442,0.071442,0.071442,0.0,0.0,0.0,0.002316,0.002316,0.002316,0.002614,0.002614,0.002614,0.0,0.0,0.0,3.913864,3.913864,3.913864,12.205069,12.205069,12.205069,13.319946,13.319946,13.319946,0.635475,0.635475,0.635475,0.250199,0.250199,0.250199,0.394985,0.394985,0.394985,1.000172,1.580128,1.580128,0.097324,0.097324,0.097324,0.0,0.0,0.0,0.0,0.0,0.0,0.0,0.0,0.0,0.0,0.0,0.0,0.0,0.0,0.0,0.0,0.0,42.579672,0.0,0.0,920.62034,0.0,0.0,0.0,0.0,0.0,0.0,0.0,0.0,0.0,0.000254,0.000254,0.000254,0.0,0.0,0.0,167.324038,167.324038,168.746964,517.291539,568.539757,576.110518,1198.666259,1551.975831,1620.128964,35.806962,35.806962,35.825301,0.000225,0.000249,0.000249,0.000403,0.000607,0.000607,0.000564,0.00096,0.00096,8.8e-05,8.8e-05,8.8e-05,0.0,0.0,0.0,0.022856,0.022856,0.022856,0.025801,0.025801,0.025801,0.0,0.0,0.0
BBS_CA_320_COLLEGEVILLE_2_2023,2023-05-28,2023-06-10,29.2366,29.2366,29.2366,91.1719,91.1719,91.1719,229.0592,288.5895,288.5895,4.747,4.747,4.747,0.0,0.0,0.0,0.0029,0.0029,0.0029,7.6941,14.397,14.397,0.0,0.0,0.0,0.0,0.0,0.0,0.0,0.0,0.0,0.0,0.0,0.0,0.0,0.0,0.0,0.0,0.0,0.0,0.0,0.0,0.0,0.0,500.861,501.5578,0.0,0.0,0.0,1.4814,1.4814,1.4814,7.0881,7.0881,7.0881,14.7123,14.7123,14.7123,0.0191,0.0191,0.0191,16.6684,19.7837,19.7837,46.6276,61.7526,61.7526,77.8796,131.4581,132.2999,4.2877,4.3278,4.3278,39.3074,39.3074,39.3074,114.1983,114.1983,114.1983,127.7028,130.7547,130.7547,10.0352,10.0352,10.0352,0.0,0.0,0.0,0.0,0.0,0.0,0.0,0.0,0.0,0.0,0.0,0.0,0.014618,0.014618,0.014618,0.045586,0.045586,0.045586,0.11453,0.144295,0.144295,0.002373,0.002373,0.002373,0.0,0.0,0.0,1e-06,1e-06,1e-06,0.00342,0.006399,0.006399,0.0,0.0,0.0,0.0,0.0,0.0,0.0,0.0,0.0,0.0,0.0,0.0,0.0,0.0,0.0,0.0,0.0,0.0,0.0,0.0,0.0,0.0,14.228443,14.294798,0.0,0.0,0.0,0.015117,0.015117,0.015117,0.072328,0.072328,0.072328,0.150125,0.150125,0.150125,0.000195,0.000195,0.000195,0.009311,0.011042,0.011042,0.025721,0.034068,0.034068,0.041962,0.06673,0.066943,0.002351,0.002373,0.002373,0.752347,0.752347,0.752347,2.392393,2.392393,2.392393,2.627838,2.726287,2.726287,0.123144,0.123144,0.123144,0.0,0.0,0.0,0.0,0.0,0.0,0.0,0.0,0.0,0.0,0.0,0.0,3.913864,3.913864,3.913864,12.205069,12.205069,12.205069,30.663878,38.633127,38.633127,0.635475,0.635475,0.635475,0.0,0.0,0.0,0.000246,0.000246,0.000246,0.663284,1.241121,1.241121,0.0,0.0,0.0,0.0,0.0,0.0,0.0,0.0,0.0,0.0,0.0,0.0,0.0,0.0,0.0,0.0,0.0,0.0,0.0,0.0,0.0,0.0,517.286027,517.286376,0.0,0.0,0.0,3e-05,3e-05,3e-05,0.000142,0.000142,0.000142,0.000295,0.000295,0.000295,0.0,0.0,0.0,136.665994,164.987423,164.987423,381.747928,518.380868,518.380868,623.71906,1032.399858,1036.059717,34.533026,34.898056,34.898056,0.000433,0.000433,0.000433,0.001269,0.001269,0.001269,0.001416,0.001452,0.001452,0.000106,0.000106,0.000106,0.0,0.0,0.0,0.0,0.0,0.0,0.0,0.0,0.0,0.0,0.0,0.0
BBS_CA_352_STATEN_IS._2015,2015-05-28,2015-06-10,0.0,0.0,0.0,0.0,0.0,0.0,9.8723,9.8723,9.8723,0.0,0.0,0.0,0.0,0.0,0.0,0.0,0.0,0.0,0.0,0.0,0.0,0.0,0.0,0.0,0.0,0.0,0.0,0.0,0.0,0.0,0.0,0.0,0.0,0.0,0.0,0.0,0.0,0.0,0.0,0.0,0.0,0.0,0.0,0.0,0.0,0.0,0.0,0.0,0.0,0.0,0.0,0.0,0.0,0.0,0.0,0.0,0.0,0.0,0.0,0.0,0.0,0.0,0.0,0.0,0.0,0.0,0.0,0.0,0.0,0.0,0.0,0.0,0.0,0.0,0.0,0.0,0.0,0.0,0.0,0.0,0.0,0.0,0.0,0.0,0.0,0.0,0.0,0.0,0.0,0.0,0.0,0.0,0.0,0.0,0.0,0.0,0.0,0.0,0.0,0.0,0.0,0.0,0.136185,0.136185,0.136185,0.0,0.0,0.0,0.0,0.0,0.0,0.0,0.0,0.0,0.0,0.0,0.0,0.0,0.0,0.0,0.0,0.0,0.0,0.0,0.0,0.0,0.0,0.0,0.0,0.0,0.0,0.0,0.0,0.0,0.0,0.0,0.0,0.0,0.0,0.0,0.0,0.0,0.0,0.0,0.0,0.0,0.0,0.0,0.0,0.0,0.0,0.0,0.0,0.0,0.0,0.0,0.0,0.0,0.0,0.0,0.0,0.0,0.0,0.0,0.0,0.0,0.0,0.0,0.0,0.0,0.0,0.0,0.0,0.0,0.0,0.0,0.0,0.0,0.0,0.0,0.0,0.0,0.0,0.0,0.0,0.0,0.0,0.0,0.0,0.0,0.0,0.0,0.0,0.0,0.0,0.0,0.0,0.0,1.267283,1.267283,1.267283,0.0,0.0,0.0,0.0,0.0,0.0,0.0,0.0,0.0,0.0,0.0,0.0,0.0,0.0,0.0,0.0,0.0,0.0,0.0,0.0,0.0,0.0,0.0,0.0,0.0,0.0,0.0,0.0,0.0,0.0,0.0,0.0,0.0,0.0,0.0,0.0,0.0,0.0,0.0,0.0,0.0,0.0,0.0,0.0,0.0,0.0,0.0,0.0,0.0,0.0,0.0,0.0,0.0,0.0,0.0,0.0,0.0,0.0,0.0,0.0,0.0,0.0,0.0,0.0,0.0,0.0,0.0,0.0,0.0,0.0,0.0,0.0,0.0,0.0,0.0,0.0,0.0,0.0,0.0,0.0,0.0,0.0,0.0,0.0,0.0,0.0,0.0
BBS_CA_352_STATEN_IS._2016,2016-05-28,2016-06-10,0.0,0.0,0.0,0.0,0.0,0.0,0.0,9.138,9.138,0.0,0.0,0.0,0.0,0.0,0.0,0.0,0.0,0.0,0.0,0.0,0.0,0.0,0.0,0.0,0.0,0.0,0.0,0.0,0.0,0.0,0.0,0.0,0.0,0.0,0.0,0.0,0.0,0.0,0.0,0.0,0.0,0.0,0.0,0.0,0.0,0.0,0.0,0.0,0.0,0.0,0.0,0.0,0.0,0.0,0.0,0.0,0.0,0.0,0.0,0.0,0.0,0.0,0.0,0.0,0.0,0.0,0.0,0.0,0.0966,0.0,0.0,0.0,0.0,0.0,0.0,0.0,0.0,0.0,0.0,0.0,0.0,0.0,0.0,0.0,0.0,0.0,0.0,0.0,0.0,0.0,0.0,0.0,0.0,0.0,0.0,0.0,0.0,0.0,0.0,0.0,0.0,0.0,0.0,0.004569,0.004569,0.0,0.0,0.0,0.0,0.0,0.0,0.0,0.0,0.0,0.0,0.0,0.0,0.0,0.0,0.0,0.0,0.0,0.0,0.0,0.0,0.0,0.0,0.0,0.0,0.0,0.0,0.0,0.0,0.0,0.0,0.0,0.0,0.0,0.0,0.0,0.0,0.0,0.0,0.0,0.0,0.0,0.0,0.0,0.0,0.0,0.0,0.0,0.0,0.0,0.0,0.0,0.0,0.0,0.0,0.0,0.0,0.0,0.0,0.0,2.4e-05,0.0,0.0,0.0,0.0,0.0,0.0,0.0,0.0,0.0,0.0,0.0,0.0,0.0,0.0,0.0,0.0,0.0,0.0,0.0,0.0,0.0,0.0,0.0,0.0,0.0,0.0,0.0,0.0,0.0,0.0,0.0,0.0,0.0,0.0,1.223297,1.223297,0.0,0.0,0.0,0.0,0.0,0.0,0.0,0.0,0.0,0.0,0.0,0.0,0.0,0.0,0.0,0.0,0.0,0.0,0.0,0.0,0.0,0.0,0.0,0.0,0.0,0.0,0.0,0.0,0.0,0.0,0.0,0.0,0.0,0.0,0.0,0.0,0.0,0.0,0.0,0.0,0.0,0.0,0.0,0.0,0.0,0.0,0.0,0.0,0.0,0.0,0.0,0.0,0.0,0.0,0.0,0.0,0.0,0.0,0.0,0.420081,0.0,0.0,0.0,0.0,0.0,0.0,0.0,0.0,0.0,0.0,0.0,0.0,0.0,0.0,0.0,0.0,0.0,0.0,0.0,0.0,0.0,0.0,0.0,0.0,0.0,0.0,0.0
BBS_CA_352_STATEN_IS._2017,2017-05-28,2017-06-10,0.0,0.0,0.0,0.0,0.0,0.0,0.0,0.0,0.0,0.0,0.0,0.0,0.0,0.0,0.0,0.0,0.0,0.0,0.0,0.0,0.0,0.0,0.0,0.0,0.0,0.0,0.0,0.0,0.0,0.0,0.0,0.0,0.0,0.0,0.0,0.0,0.0,0.0,0.0,0.0,0.0,0.0,21.2219,21.2219,21.2219,0.0,0.0,0.0,0.0,0.0,0.0,0.0,0.0,0.0,17.8461,17.8461,17.8461,0.0,0.0,0.0,0.0,0.0,0.0,0.0,0.0,0.0,0.0,0.0,0.0,0.0,0.0,0.0,0.0,0.0,0.0,0.0,0.0,0.0,2.473,2.473,2.473,0.0,0.0,0.0,0.0,0.0,0.0,0.0,0.0,0.0,0.0,0.0,0.0,0.0,0.0,0.0,0.0,0.0,0.0,0.0,0.0,0.0,0.0,0.0,0.0,0.0,0.0,0.0,0.0,0.0,0.0,0.0,0.0,0.0,0.0,0.0,0.0,0.0,0.0,0.0,0.0,0.0,0.0,0.0,0.0,0.0,0.0,0.0,0.0,0.0,0.0,0.0,0.0,0.0,0.0,0.0,0.0,0.0,9.431966,9.431966,9.431966,0.0,0.0,0.0,0.0,0.0,0.0,0.0,0.0,0.0,0.182103,0.182103,0.182103,0.0,0.0,0.0,0.0,0.0,0.0,0.0,0.0,0.0,0.0,0.0,0.0,0.0,0.0,0.0,0.0,0.0,0.0,0.0,0.0,0.0,0.004293,0.004293,0.004293,0.0,0.0,0.0,0.0,0.0,0.0,0.0,0.0,0.0,0.0,0.0,0.0,0.0,0.0,0.0,0.0,0.0,0.0,0.0,0.0,0.0,0.0,0.0,0.0,0.0,0.0,0.0,0.0,0.0,0.0,0.0,0.0,0.0,0.0,0.0,0.0,0.0,0.0,0.0,0.0,0.0,0.0,0.0,0.0,0.0,0.0,0.0,0.0,0.0,0.0,0.0,0.0,0.0,0.0,0.0,0.0,0.0,5.305481,5.305481,5.305481,0.0,0.0,0.0,0.0,0.0,0.0,0.0,0.0,0.0,0.000358,0.000358,0.000358,0.0,0.0,0.0,0.0,0.0,0.0,0.0,0.0,0.0,0.0,0.0,0.0,0.0,0.0,0.0,0.0,0.0,0.0,0.0,0.0,0.0,2.5e-05,2.5e-05,2.5e-05,0.0,0.0,0.0,0.0,0.0,0.0,0.0,0.0,0.0,0.0,0.0,0.0,0.0,0.0,0.0
BBS_CA_352_STATEN_IS._2018,2018-05-28,2018-06-10,0.0,0.0,0.0,0.0,0.0,0.0,0.0,0.0,0.0,0.0,0.0,0.0,0.0,0.0,0.0,0.0,0.0,0.0,0.0,0.0,0.0,0.0,0.0,0.0,0.0,0.0,0.0,0.0,0.0,0.0,0.0,0.0,0.0,0.0,0.0,0.0,0.0,0.0,0.0,0.0,0.0,0.0,8.1639,8.1639,8.1639,0.0,0.0,0.0,0.0,0.0,0.0,0.0,0.0,0.0,0.0,0.0,0.0,0.0,0.0,0.0,0.0,0.0,0.0,0.0,0.0,0.0,0.0,0.624,0.624,0.0,0.0,0.0,0.0,0.0,0.0,0.0,0.0,0.0,0.0,0.0,0.0,0.0,0.0,0.0,0.0,0.0,0.0,0.0,0.0,0.0,0.0,0.0,0.0,0.0,0.0,0.0,0.0,0.0,0.0,0.0,0.0,0.0,0.0,0.0,0.0,0.0,0.0,0.0,0.0,0.0,0.0,0.0,0.0,0.0,0.0,0.0,0.0,0.0,0.0,0.0,0.0,0.0,0.0,0.0,0.0,0.0,0.0,0.0,0.0,0.0,0.0,0.0,0.0,0.0,0.0,0.0,0.0,0.0,3.628392,3.628392,3.628392,0.0,0.0,0.0,0.0,0.0,0.0,0.0,0.0,0.0,0.0,0.0,0.0,0.0,0.0,0.0,0.0,0.0,0.0,0.0,0.0,0.0,0.0,0.000158,0.000158,0.0,0.0,0.0,0.0,0.0,0.0,0.0,0.0,0.0,0.0,0.0,0.0,0.0,0.0,0.0,0.0,0.0,0.0,0.0,0.0,0.0,0.0,0.0,0.0,0.0,0.0,0.0,0.0,0.0,0.0,0.0,0.0,0.0,0.0,0.0,0.0,0.0,0.0,0.0,0.0,0.0,0.0,0.0,0.0,0.0,0.0,0.0,0.0,0.0,0.0,0.0,0.0,0.0,0.0,0.0,0.0,0.0,0.0,0.0,0.0,0.0,0.0,0.0,0.0,0.0,0.0,0.0,0.0,0.0,2.040971,2.040971,2.040971,0.0,0.0,0.0,0.0,0.0,0.0,0.0,0.0,0.0,0.0,0.0,0.0,0.0,0.0,0.0,0.0,0.0,0.0,0.0,0.0,0.0,0.0,2.713049,2.713049,0.0,0.0,0.0,0.0,0.0,0.0,0.0,0.0,0.0,0.0,0.0,0.0,0.0,0.0,0.0,0.0,0.0,0.0,0.0,0.0,0.0,0.0,0.0,0.0,0.0,0.0,0.0
BBS_CA_352_STATEN_IS._2019,2019-05-28,2019-06-10,0.0,0.0,0.0,0.0,0.0,0.0,0.0,0.0,0.0,0.0,0.0,0.0,0.0,0.0,0.0,0.0,0.0,0.0,0.0,0.0,0.0,0.0,0.0,0.0,0.0,0.0,0.0,0.0,0.0,0.0,0.0,0.0,0.0,0.0,0.0,0.0,0.0,0.0,0.0,0.0,0.0,0.0,0.0,30.6324,30.6324,0.0,0.0,0.0,0.0,0.0,0.0,0.0,0.0,0.0,0.0,0.0,0.0,0.0,0.0,0.0,0.0,0.0,0.0,0.0,0.0,0.0,0.0,5.3947,7.3632,0.0,0.0,0.0,0.0,0.0,0.0,0.0,0.0,0.0,0.0,0.0,0.0,0.0,0.0,0.0,0.0,0.0,0.0,0.0,0.0,0.0,0.0,0.0,0.0,0.0,0.0,0.0,0.0,0.0,0.0,0.0,0.0,0.0,0.0,0.0,0.0,0.0,0.0,0.0,0.0,0.0,0.0,0.0,0.0,0.0,0.0,0.0,0.0,0.0,0.0,0.0,0.0,0.0,0.0,0.0,0.0,0.0,0.0,0.0,0.0,0.0,0.0,0.0,0.0,0.0,0.0,0.0,0.0,0.0,0.0,0.085327,0.085327,0.0,0.0,0.0,0.0,0.0,0.0,0.0,0.0,0.0,0.0,0.0,0.0,0.0,0.0,0.0,0.0,0.0,0.0,0.0,0.0,0.0,0.0,0.001111,0.001609,0.0,0.0,0.0,0.0,0.0,0.0,0.0,0.0,0.0,0.0,0.0,0.0,0.0,0.0,0.0,0.0,0.0,0.0,0.0,0.0,0.0,0.0,0.0,0.0,0.0,0.0,0.0,0.0,0.0,0.0,0.0,0.0,0.0,0.0,0.0,0.0,0.0,0.0,0.0,0.0,0.0,0.0,0.0,0.0,0.0,0.0,0.0,0.0,0.0,0.0,0.0,0.0,0.0,0.0,0.0,0.0,0.0,0.0,0.0,0.0,0.0,0.0,0.0,0.0,0.0,0.0,0.0,0.0,0.0,0.0,43.760562,43.760562,0.0,0.0,0.0,0.0,0.0,0.0,0.0,0.0,0.0,0.0,0.0,0.0,0.0,0.0,0.0,0.0,0.0,0.0,0.0,0.0,0.0,0.0,18.932968,27.491838,0.0,0.0,0.0,0.0,0.0,0.0,0.0,0.0,0.0,0.0,0.0,0.0,0.0,0.0,0.0,0.0,0.0,0.0,0.0,0.0,0.0,0.0,0.0,0.0,0.0,0.0,0.0
BBS_CA_352_STATEN_IS._2020,2020-05-28,2020-06-10,0.0,0.0,0.0,0.0,0.0,0.0,0.0,0.0,0.0,0.0,0.0,0.0,0.0,0.0,0.0,0.0,0.0,0.0,0.0,0.0,0.0,0.0,0.0,0.0,0.0,0.0,0.0,0.0,0.0,0.0,0.0,0.0,0.0,0.0,0.0,0.0,0.0,0.0,0.0,0.0,0.0,0.0,0.0,20.3782,184.8342,0.0,0.0,0.0,0.0,0.0,0.0,0.0,0.0,0.0,0.0,0.0,0.0,0.0,0.0,0.0,0.0,0.0,0.0,0.0,0.0,0.0,0.0,0.4181,4.4447,0.0,0.0,0.0,0.0,0.0,0.0,0.0,0.0,0.0,0.0,0.0,0.0,0.0,0.0,0.0,0.0,0.0,0.0,0.0,0.0,0.0,6.9514,6.9514,6.9514,0.0,0.0,0.0,0.0,0.0,0.0,0.0,0.0,0.0,0.0,0.0,0.0,0.0,0.0,0.0,0.0,0.0,0.0,0.0,0.0,0.0,0.0,0.0,0.0,0.0,0.0,0.0,0.0,0.0,0.0,0.0,0.0,0.0,0.0,0.0,0.0,0.0,0.0,0.0,0.0,0.0,0.0,0.0,0.0,0.0,0.0,0.056764,0.514859,0.0,0.0,0.0,0.0,0.0,0.0,0.0,0.0,0.0,0.0,0.0,0.0,0.0,0.0,0.0,0.0,0.0,0.0,0.0,0.0,0.0,0.0,0.000106,0.001125,0.0,0.0,0.0,0.0,0.0,0.0,0.0,0.0,0.0,0.0,0.0,0.0,0.0,0.0,0.0,0.0,0.0,0.0,0.0,0.0,0.0,0.00309,0.00309,0.00309,0.0,0.0,0.0,0.0,0.0,0.0,0.0,0.0,0.0,0.0,0.0,0.0,0.0,0.0,0.0,0.0,0.0,0.0,0.0,0.0,0.0,0.0,0.0,0.0,0.0,0.0,0.0,0.0,0.0,0.0,0.0,0.0,0.0,0.0,0.0,0.0,0.0,0.0,0.0,0.0,0.0,0.0,0.0,0.0,0.0,0.0,29.111731,264.048885,0.0,0.0,0.0,0.0,0.0,0.0,0.0,0.0,0.0,0.0,0.0,0.0,0.0,0.0,0.0,0.0,0.0,0.0,0.0,0.0,0.0,0.0,1.81794,19.324569,0.0,0.0,0.0,0.0,0.0,0.0,0.0,0.0,0.0,0.0,0.0,0.0,0.0,0.0,0.0,0.0,0.0,0.0,0.0,0.0,0.0,0.030489,0.030489,0.030489,0.0,0.0,0.0
BBS_CA_352_STATEN_IS._2021,2021-05-28,2021-06-10,0.0,0.0,0.0,0.0,0.0,0.0,0.0,0.0,0.0,0.0,0.0,0.0,0.0,0.0,0.0,0.0,0.0,0.0,0.0,0.0,0.0,0.0,0.0,0.0,0.0,0.0,0.0,0.0,0.0,0.0,0.0,0.0,0.0,0.0,0.0,0.0,0.0,0.0,0.0,0.0,0.0,0.0,0.0,0.0,2.5665,0.0,0.0,0.0,0.0,0.0,0.0,0.0,0.0,0.0,0.0,0.0,0.0,0.0,0.0,0.0,0.0,0.0,0.0,0.0,0.0,0.0,0.0,0.0,5.5093,0.0,0.0,0.0,0.0,0.0,0.0,0.0,0.0,0.0,0.0,0.0,0.0,0.0,0.0,0.0,0.0,0.0,0.0,0.0,0.0,0.0,0.0,0.0,0.0,0.0,0.0,0.0,0.0,0.0,0.0,0.0,0.0,0.0,0.0,0.0,0.0,0.0,0.0,0.0,0.0,0.0,0.0,0.0,0.0,0.0,0.0,0.0,0.0,0.0,0.0,0.0,0.0,0.0,0.0,0.0,0.0,0.0,0.0,0.0,0.0,0.0,0.0,0.0,0.0,0.0,0.0,0.0,0.0,0.0,0.0,0.0,0.244425,0.0,0.0,0.0,0.0,0.0,0.0,0.0,0.0,0.0,0.0,0.0,0.0,0.0,0.0,0.0,0.0,0.0,0.0,0.0,0.0,0.0,0.0,0.0,0.001395,0.0,0.0,0.0,0.0,0.0,0.0,0.0,0.0,0.0,0.0,0.0,0.0,0.0,0.0,0.0,0.0,0.0,0.0,0.0,0.0,0.0,0.0,0.0,0.0,0.0,0.0,0.0,0.0,0.0,0.0,0.0,0.0,0.0,0.0,0.0,0.0,0.0,0.0,0.0,0.0,0.0,0.0,0.0,0.0,0.0,0.0,0.0,0.0,0.0,0.0,0.0,0.0,0.0,0.0,0.0,0.0,0.0,0.0,0.0,0.0,0.0,0.0,0.0,0.0,0.0,0.0,0.0,0.0,0.0,0.0,0.0,0.001283,0.0,0.0,0.0,0.0,0.0,0.0,0.0,0.0,0.0,0.0,0.0,0.0,0.0,0.0,0.0,0.0,0.0,0.0,0.0,0.0,0.0,0.0,0.0,23.953643,0.0,0.0,0.0,0.0,0.0,0.0,0.0,0.0,0.0,0.0,0.0,0.0,0.0,0.0,0.0,0.0,0.0,0.0,0.0,0.0,0.0,0.0,0.0,0.0,0.0,0.0,0.0
BBS_CA_352_STATEN_IS._2022,2022-05-28,2022-06-10,0.0,0.0,0.0,0.0,0.0,0.0,0.0,0.0,0.0,0.0,0.0,0.0,0.0,0.0,0.0,0.0,0.0,0.0,2.9921,2.9921,2.9921,0.0,0.0,0.0,0.0,0.0,0.0,0.0,0.0,0.0,0.0,0.0,0.0,0.0,0.0,0.0,0.0,0.0,0.0,0.0,0.0,0.0,0.0,0.0,0.0,0.0,0.0,0.0,0.0,0.0,0.0,0.0,0.0,0.0,0.0,0.0,0.0,0.0,0.0,0.0,0.0,0.0,0.0,0.0,0.0,0.0,1.1349,28.1892,28.1892,0.0,0.0,0.0,0.0,0.0,0.0,0.0,0.0,0.0,0.0,0.0,0.0,0.0,0.0,0.0,0.0,0.0,0.0,0.0,0.0,0.0,0.0,0.0,0.0,0.0,0.0,0.0,0.0,0.0,0.0,0.0,0.0,0.0,0.0,0.0,0.0,0.0,0.0,0.0,0.0,0.0,0.0,0.0,0.0,0.0,0.00133,0.00133,0.00133,0.0,0.0,0.0,0.0,0.0,0.0,0.0,0.0,0.0,0.0,0.0,0.0,0.0,0.0,0.0,0.0,0.0,0.0,0.0,0.0,0.0,0.0,0.0,0.0,0.0,0.0,0.0,0.0,0.0,0.0,0.0,0.0,0.0,0.0,0.0,0.0,0.0,0.0,0.0,0.0,0.0,0.0,0.0,0.0,0.0,0.00063,0.015661,0.015661,0.0,0.0,0.0,0.0,0.0,0.0,0.0,0.0,0.0,0.0,0.0,0.0,0.0,0.0,0.0,0.0,0.0,0.0,0.0,0.0,0.0,0.0,0.0,0.0,0.0,0.0,0.0,0.0,0.0,0.0,0.0,0.0,0.0,0.0,0.0,0.0,0.0,0.0,0.0,0.0,0.0,0.0,0.0,0.0,0.0,0.257935,0.257935,0.257935,0.0,0.0,0.0,0.0,0.0,0.0,0.0,0.0,0.0,0.0,0.0,0.0,0.0,0.0,0.0,0.0,0.0,0.0,0.0,0.0,0.0,0.0,0.0,0.0,0.0,0.0,0.0,0.0,0.0,0.0,0.0,0.0,0.0,0.0,0.0,0.0,0.0,0.0,0.0,0.0,0.0,0.0,0.0,0.0,0.0,10.316913,256.265766,256.265766,0.0,0.0,0.0,0.0,0.0,0.0,0.0,0.0,0.0,0.0,0.0,0.0,0.0,0.0,0.0,0.0,0.0,0.0,0.0,0.0,0.0,0.0,0.0,0.0,0.0,0.0,0.0
BBS_CA_352_STATEN_IS._2023,2023-05-28,2023-06-10,0.0,0.0,0.0,0.0,0.0,0.0,0.0,0.0,0.0,0.0,0.0,0.0,0.0,0.0,0.0,0.0,0.0,0.0,8.4534,8.4534,8.4534,0.0,0.0,0.0,0.0,0.0,0.0,0.0,0.0,0.0,0.0,0.0,0.0,0.0,0.0,0.0,0.0,0.0,0.0,0.0,0.0,0.0,0.0,1.2832,1.2832,0.0,0.0,0.0,0.0,0.0,0.0,0.0,0.0,0.0,0.0,0.0,0.0,0.0,0.0,0.0,0.0,0.0,0.0,0.0,0.0,0.0,14.161,40.0237,40.0237,0.0,0.0,0.0,0.0,0.0,0.0,0.0,0.0,0.0,0.0,0.0,0.0,0.0,0.0,0.0,0.0,0.0,0.0,0.0,0.0,0.0,0.0,0.0,0.0,0.0,0.0,0.0,0.0,0.0,0.0,0.0,0.0,0.0,0.0,0.0,0.0,0.0,0.0,0.0,0.0,0.0,0.0,0.0,0.0,0.0,0.003757,0.003757,0.003757,0.0,0.0,0.0,0.0,0.0,0.0,0.0,0.0,0.0,0.0,0.0,0.0,0.0,0.0,0.0,0.0,0.0,0.0,0.0,0.0,0.0,0.0,0.122212,0.122212,0.0,0.0,0.0,0.0,0.0,0.0,0.0,0.0,0.0,0.0,0.0,0.0,0.0,0.0,0.0,0.0,0.0,0.0,0.0,0.0,0.0,0.007867,0.021819,0.021819,0.0,0.0,0.0,0.0,0.0,0.0,0.0,0.0,0.0,0.0,0.0,0.0,0.0,0.0,0.0,0.0,0.0,0.0,0.0,0.0,0.0,0.0,0.0,0.0,0.0,0.0,0.0,0.0,0.0,0.0,0.0,0.0,0.0,0.0,0.0,0.0,0.0,0.0,0.0,0.0,0.0,0.0,0.0,0.0,0.0,0.728742,0.728742,0.728742,0.0,0.0,0.0,0.0,0.0,0.0,0.0,0.0,0.0,0.0,0.0,0.0,0.0,0.0,0.0,0.0,0.0,0.0,0.0,0.0,0.0,0.0,0.000642,0.000642,0.0,0.0,0.0,0.0,0.0,0.0,0.0,0.0,0.0,0.0,0.0,0.0,0.0,0.0,0.0,0.0,0.0,0.0,0.0,0.0,0.0,128.736423,357.328231,357.328231,0.0,0.0,0.0,0.0,0.0,0.0,0.0,0.0,0.0,0.0,0.0,0.0,0.0,0.0,0.0,0.0,0.0,0.0,0.0,0.0,0.0,0.0,0.0,0.0,0.0,0.0,0.0
BBS_CA_420_PLACERVILLE_2015,2015-05-28,2015-06-10,0.0,0.0,0.0,0.0,0.0,0.0,0.0,12.0149,12.0149,0.0,0.0,0.0,0.0,0.0,0.0,0.0,0.0,0.0,0.1936,0.1936,0.1936,0.0,0.0,0.0,0.0,0.0,0.0,0.0,0.0,0.0,0.0,0.0,0.0,0.0,0.0,0.0,0.0,0.0,0.0,0.0,0.0,0.0,0.0,0.0,0.7245,0.0,0.0,0.0,0.0,0.0,0.0,0.0,0.0,0.0,0.0,0.0,0.0,0.0,0.0,0.0,0.0,0.0,0.0,0.0,0.0,0.0,0.0007,0.0007,0.0007,0.0,0.0,0.0,0.0,0.0,0.0,0.0,0.0,0.0,0.0,0.0,0.0,0.0,0.0,0.0,0.0,0.0,0.0,0.0,0.0,0.0,0.0,0.0,0.0,0.0,0.0,0.0,0.0,0.0,0.0,0.0,0.0,0.0,0.0,0.006007,0.006007,0.0,0.0,0.0,0.0,0.0,0.0,0.0,0.0,0.0,8.6e-05,8.6e-05,8.6e-05,0.0,0.0,0.0,0.0,0.0,0.0,0.0,0.0,0.0,0.0,0.0,0.0,0.0,0.0,0.0,0.0,0.0,0.0,0.0,0.0,0.0,0.0,0.0,0.502995,0.0,0.0,0.0,0.0,0.0,0.0,0.0,0.0,0.0,0.0,0.0,0.0,0.0,0.0,0.0,0.0,0.0,0.0,0.0,0.0,0.0,0.0,0.0,0.0,0.0,0.0,0.0,0.0,0.0,0.0,0.0,0.0,0.0,0.0,0.0,0.0,0.0,0.0,0.0,0.0,0.0,0.0,0.0,0.0,0.0,0.0,0.0,0.0,0.0,0.0,0.0,0.0,0.0,0.0,0.0,0.0,0.0,0.0,1.608424,1.608424,0.0,0.0,0.0,0.0,0.0,0.0,0.0,0.0,0.0,0.016691,0.016691,0.016691,0.0,0.0,0.0,0.0,0.0,0.0,0.0,0.0,0.0,0.0,0.0,0.0,0.0,0.0,0.0,0.0,0.0,0.0,0.0,0.0,0.0,0.0,0.0,0.726374,0.0,0.0,0.0,0.0,0.0,0.0,0.0,0.0,0.0,0.0,0.0,0.0,0.0,0.0,0.0,0.0,0.0,0.0,0.0,0.0,0.0,0.00656,0.00656,0.00656,0.0,0.0,0.0,0.0,0.0,0.0,0.0,0.0,0.0,0.0,0.0,0.0,0.0,0.0,0.0,0.0,0.0,0.0,0.0,0.0,0.0,0.0,0.0,0.0,0.0,0.0,0.0
BBS_CA_420_PLACERVILLE_2016,2016-05-28,2016-06-10,0.0,0.0,0.0,0.0,0.0,0.0,0.0,0.0182,0.0182,0.0,0.0,0.0,0.0,0.0,0.0,0.0,0.0,0.0,0.0355,0.0355,0.0355,0.0,0.0,0.0,0.0,0.0,0.0,0.0,0.0,0.0,0.0,0.0,0.0,0.0,0.0,0.0,0.0,0.0,0.0,0.0,0.0,0.0,0.0,0.0,0.0,0.0,0.0,0.0,0.0,0.0,0.0,0.0,0.0,0.0,0.0009,0.0009,0.0009,0.0,0.0,0.0,0.0,0.0,0.0,0.0,0.0,0.0,0.0,0.0,0.0,0.0,0.0,0.0,0.0,0.0,0.0,0.0,0.0,0.0,0.0,0.0,0.0,0.0,0.0,0.0,0.0,0.0,0.0,0.0,0.0,0.0,0.0,1.4772,1.4772,0.0,0.0,0.0,0.0,0.0,0.0,0.0,0.0,0.0,0.0,9e-06,9e-06,0.0,0.0,0.0,0.0,0.0,0.0,0.0,0.0,0.0,1.6e-05,1.6e-05,1.6e-05,0.0,0.0,0.0,0.0,0.0,0.0,0.0,0.0,0.0,0.0,0.0,0.0,0.0,0.0,0.0,0.0,0.0,0.0,0.0,0.0,0.0,0.0,0.0,0.0,0.0,0.0,0.0,0.0,0.0,0.0,0.0,0.0,0.0,1e-05,1e-05,1e-05,0.0,0.0,0.0,0.0,0.0,0.0,0.0,0.0,0.0,0.0,0.0,0.0,0.0,0.0,0.0,0.0,0.0,0.0,0.0,0.0,0.0,0.0,0.0,0.0,0.0,0.0,0.0,0.0,0.0,0.0,0.0,0.0,0.0,0.0,0.000657,0.000657,0.0,0.0,0.0,0.0,0.0,0.0,0.0,0.0,0.0,0.0,0.002442,0.002442,0.0,0.0,0.0,0.0,0.0,0.0,0.0,0.0,0.0,0.003064,0.003064,0.003064,0.0,0.0,0.0,0.0,0.0,0.0,0.0,0.0,0.0,0.0,0.0,0.0,0.0,0.0,0.0,0.0,0.0,0.0,0.0,0.0,0.0,0.0,0.0,0.0,0.0,0.0,0.0,0.0,0.0,0.0,0.0,0.0,0.0,0.0,0.0,0.0,0.0,0.0,0.0,0.0,0.0,0.0,0.0,0.0,0.0,0.0,2.5e-05,2.5e-05,0.0,0.0,0.0,0.0,0.0,0.0,0.0,0.0,0.0,0.0,0.0,0.0,0.0,0.0,0.0,0.0,0.0,0.0,0.0,0.0,0.0,0.0,0.006479,0.006479,0.0,0.0,0.0
BBS_CA_420_PLACERVILLE_2017,2017-05-28,2017-06-10,0.0,0.0,0.0,0.0,0.0,0.0,20.993,20.993,20.993,0.0,0.0,0.0,0.0,0.0,0.0,0.0,0.0,0.0,0.0,0.0,0.0,0.0,0.0,0.0,0.0,0.0,0.0,0.0,0.0,0.0,0.0,0.0,0.0,0.0,0.0,0.0,0.0,0.0,0.0,0.0,0.0,0.0,0.0,0.0,0.0116,0.0,0.0,0.0,0.0,0.0,0.0,0.0,0.0,0.0,0.0,0.0,0.0,0.0,0.0,0.0,0.0,0.0,0.0,0.0,0.0,0.0,0.0,0.0,0.0,0.0,0.0,0.0,0.0,0.0,0.0,0.0,0.0,0.0,0.0,0.0,0.0,0.0,0.0,0.0,0.0,0.0,0.0,0.0,0.0,0.0,0.0004,0.0004,0.0004,0.0,0.0,0.0,0.0,0.0,0.0,0.0,0.0,0.0,0.010497,0.010497,0.010497,0.0,0.0,0.0,0.0,0.0,0.0,0.0,0.0,0.0,0.0,0.0,0.0,0.0,0.0,0.0,0.0,0.0,0.0,0.0,0.0,0.0,0.0,0.0,0.0,0.0,0.0,0.0,0.0,0.0,0.0,0.0,0.0,0.0,0.0,0.0,0.008041,0.0,0.0,0.0,0.0,0.0,0.0,0.0,0.0,0.0,0.0,0.0,0.0,0.0,0.0,0.0,0.0,0.0,0.0,0.0,0.0,0.0,0.0,0.0,0.0,0.0,0.0,0.0,0.0,0.0,0.0,0.0,0.0,0.0,0.0,0.0,0.0,0.0,0.0,0.0,0.0,0.0,0.0,0.0,0.0,0.0,0.0,0.0,0.0,0.0,0.0,0.0,0.0,0.0,0.0,0.0,0.0,0.0,2.810312,2.810312,2.810312,0.0,0.0,0.0,0.0,0.0,0.0,0.0,0.0,0.0,0.0,2e-06,2e-06,0.0,0.0,0.0,0.0,0.0,0.0,0.0,0.0,0.0,0.0,0.0,0.0,0.0,0.0,0.0,0.0,0.0,0.0,0.0,0.0,0.0,0.0,0.0,0.011578,0.0,0.0,0.0,0.0,0.0,0.0,0.0,0.0,0.0,0.0,0.0,0.0,0.0,0.0,0.0,0.0,0.0,0.0,0.0,0.0,0.0,0.0,0.0,0.0,0.0,0.0,0.0,0.0,0.0,0.0,0.0,0.0,0.0,0.0,0.0,0.0,0.0,0.0,0.0,0.0,0.0,0.0,0.0,0.0,0.0,2e-06,2e-06,2e-06,0.0,0.0,0.0
BBS_CA_420_PLACERVILLE_2018,2018-05-28,2018-06-10,0.0,0.0,0.0,0.0,0.0,0.0,0.8658,0.8658,0.8658,0.0,0.0,0.0,0.0,0.0,0.0,0.0,0.0,0.0,0.0,0.0,0.0,0.0,0.0,0.0,0.0,0.0,0.0,0.0,0.0,0.0,0.0,0.0,0.0,0.0,0.0,0.0,0.0,0.0,0.0,0.0,0.0,0.0,0.0,0.0,0.032,0.0,0.0,0.0,0.0,0.0,0.0,0.0,0.0,0.0,0.4398,0.4398,0.4398,0.0,0.0,0.0,0.0,0.0,0.0,0.0,0.0,0.0,0.0,0.0,0.0,0.0,0.0,0.0,0.0,0.0,0.0,0.0,0.0,0.0,0.0,0.0,0.0,0.0,0.0,0.0,0.0,0.0,0.0,0.0,0.0,0.0,0.0,0.0,0.0,0.0,0.0,0.0,0.0,0.0,0.0,0.0,0.0,0.0,0.000433,0.000433,0.000433,0.0,0.0,0.0,0.0,0.0,0.0,0.0,0.0,0.0,0.0,0.0,0.0,0.0,0.0,0.0,0.0,0.0,0.0,0.0,0.0,0.0,0.0,0.0,0.0,0.0,0.0,0.0,0.0,0.0,0.0,0.0,0.0,0.0,0.0,0.0,0.022207,0.0,0.0,0.0,0.0,0.0,0.0,0.0,0.0,0.0,0.004488,0.004488,0.004488,0.0,0.0,0.0,0.0,0.0,0.0,0.0,0.0,0.0,0.0,0.0,0.0,0.0,0.0,0.0,0.0,0.0,0.0,0.0,0.0,0.0,0.0,0.0,0.0,0.0,0.0,0.0,0.0,0.0,0.0,0.0,0.0,0.0,0.0,0.0,0.0,0.0,0.0,0.0,0.0,0.0,0.0,0.0,0.0,0.0,0.115906,0.115906,0.115906,0.0,0.0,0.0,0.0,0.0,0.0,0.0,0.0,0.0,0.0,0.0,0.0,0.0,0.0,0.0,0.0,0.0,0.0,0.0,0.0,0.0,0.0,0.0,0.0,0.0,0.0,0.0,0.0,0.0,0.0,0.0,0.0,0.0,0.0,0.0,0.031978,0.0,0.0,0.0,0.0,0.0,0.0,0.0,0.0,0.0,9e-06,9e-06,9e-06,0.0,0.0,0.0,0.0,0.0,0.0,0.0,0.0,0.0,0.0,0.0,0.0,0.0,0.0,0.0,0.0,0.0,0.0,0.0,0.0,0.0,0.0,0.0,0.0,0.0,0.0,0.0,0.0,0.0,0.0,0.0,0.0,0.0,0.0,0.0,0.0,0.0,0.0,0.0
BBS_CA_420_PLACERVILLE_2019,2019-05-28,2019-06-10,0.0,0.0,0.0,0.0,0.0,0.0,0.7553,0.7553,0.7553,0.0,0.0,0.0,0.0,0.0,0.0,0.0,0.0,0.0,0.0,0.0,0.0,0.0,0.0,0.0,0.0,0.0,0.0,0.0,0.0,0.0,0.0,0.0,0.0,0.0,0.0,0.0,0.0,0.0,0.0,0.0,0.0,0.0,0.0,0.0,0.0,0.0,0.0,0.0,0.0,0.0,0.0,0.0,0.0,0.0,0.3369,0.3369,0.3369,0.0,0.0,0.0,0.0,0.0,0.0,0.0,0.0,0.0,0.0,0.0,0.0,0.0,0.0,0.0,0.0,0.0,0.0,0.0,0.0,0.0,0.0,0.0,0.0,0.0,0.0,0.0,0.0,0.0,0.0,0.0,0.0,0.0,0.0,0.0,0.0,0.0,0.0,0.0,0.0,0.0,0.0,0.0,0.0,0.0,0.000378,0.000378,0.000378,0.0,0.0,0.0,0.0,0.0,0.0,0.0,0.0,0.0,0.0,0.0,0.0,0.0,0.0,0.0,0.0,0.0,0.0,0.0,0.0,0.0,0.0,0.0,0.0,0.0,0.0,0.0,0.0,0.0,0.0,0.0,0.0,0.0,0.0,0.0,0.0,0.0,0.0,0.0,0.0,0.0,0.0,0.0,0.0,0.0,0.003438,0.003438,0.003438,0.0,0.0,0.0,0.0,0.0,0.0,0.0,0.0,0.0,0.0,0.0,0.0,0.0,0.0,0.0,0.0,0.0,0.0,0.0,0.0,0.0,0.0,0.0,0.0,0.0,0.0,0.0,0.0,0.0,0.0,0.0,0.0,0.0,0.0,0.0,0.0,0.0,0.0,0.0,0.0,0.0,0.0,0.0,0.0,0.0,0.101105,0.101105,0.101105,0.0,0.0,0.0,0.0,0.0,0.0,0.0,0.0,0.0,0.0,0.0,0.0,0.0,0.0,0.0,0.0,0.0,0.0,0.0,0.0,0.0,0.0,0.0,0.0,0.0,0.0,0.0,0.0,0.0,0.0,0.0,0.0,0.0,0.0,0.0,0.0,0.0,0.0,0.0,0.0,0.0,0.0,0.0,0.0,0.0,7e-06,7e-06,7e-06,0.0,0.0,0.0,0.0,0.0,0.0,0.0,0.0,0.0,0.0,0.0,0.0,0.0,0.0,0.0,0.0,0.0,0.0,0.0,0.0,0.0,0.0,0.0,0.0,0.0,0.0,0.0,0.0,0.0,0.0,0.0,0.0,0.0,0.0,0.0,0.0,0.0,0.0,0.0
BBS_CA_420_PLACERVILLE_2020,2020-05-28,2020-06-10,0.0,0.0,0.0,0.0,0.0,0.0,0.0,0.0,0.0,0.0,0.0,0.0,0.0,0.0,0.0,0.0,0.0,0.0,0.0,0.0,0.0,0.0,0.0,0.0,0.0,0.0,0.0,0.0,0.0,0.0,0.0,0.0,0.0,0.0,0.0,0.0,0.0,0.0,0.0,0.0,0.0,0.0,0.0,0.0,0.0,0.0,0.0,0.0,0.0,0.0,0.0,0.0005,0.0005,0.0005,3.5,3.5,3.5,0.0,0.0,0.0,0.0,0.0,0.0,0.0,0.0,0.0,0.0,0.0,0.0,0.0,0.0,0.0,0.0,0.0,0.0,0.0,0.0,0.0,0.0,0.0,0.0,0.0,0.0,0.0,0.0,0.0,0.0,0.0,0.0,0.0,0.0,0.0,0.0,0.0,0.0,0.0,0.0,0.0,0.0,0.0,0.0,0.0,0.0,0.0,0.0,0.0,0.0,0.0,0.0,0.0,0.0,0.0,0.0,0.0,0.0,0.0,0.0,0.0,0.0,0.0,0.0,0.0,0.0,0.0,0.0,0.0,0.0,0.0,0.0,0.0,0.0,0.0,0.0,0.0,0.0,0.0,0.0,0.0,0.0,0.0,0.0,0.0,0.0,0.0,0.0,0.0,0.0,5e-06,5e-06,5e-06,0.035714,0.035714,0.035714,0.0,0.0,0.0,0.0,0.0,0.0,0.0,0.0,0.0,0.0,0.0,0.0,0.0,0.0,0.0,0.0,0.0,0.0,0.0,0.0,0.0,0.0,0.0,0.0,0.0,0.0,0.0,0.0,0.0,0.0,0.0,0.0,0.0,0.0,0.0,0.0,0.0,0.0,0.0,0.0,0.0,0.0,0.0,0.0,0.0,0.0,0.0,0.0,0.0,0.0,0.0,0.0,0.0,0.0,0.0,0.0,0.0,0.0,0.0,0.0,0.0,0.0,0.0,0.0,0.0,0.0,0.0,0.0,0.0,0.0,0.0,0.0,0.0,0.0,0.0,0.0,0.0,0.0,0.0,0.0,0.0,0.0,0.0,0.0,0.0,0.0,0.0,0.0,0.0,0.0,0.0,0.0,0.0,7e-05,7e-05,7e-05,0.0,0.0,0.0,0.0,0.0,0.0,0.0,0.0,0.0,0.0,4.6e-05,4.6e-05,0.0,0.0,0.0,0.0,0.0,0.0,0.0,0.0,0.0,0.0,0.0,0.0,0.0,0.0,0.0,0.0,0.0,0.0,0.0,0.0,0.0,0.0,0.0,0.0,0.0,0.0,0.0
BBS_CA_420_PLACERVILLE_2021,2021-05-28,2021-06-10,0.0,0.0,0.0,0.0,0.0,0.0,0.0,0.0,0.0,0.0,0.0,0.0,0.0,0.0,0.0,0.0,0.0,0.0,0.0719,0.0719,0.0719,0.0,0.0,0.0,0.0,0.0,0.0,0.0,0.0,0.0,0.0,0.0,0.0,0.0,0.0,0.0,0.0,0.0,0.0,0.0,0.0,0.0,0.0,0.0,1.4604,0.0,0.0,0.0,0.0,0.0,0.0,0.0,0.0,0.0,0.0029,0.0029,0.0029,0.0,0.0,0.0,0.0,0.0,0.0,0.0,0.0,0.0,0.0,0.0,0.0,0.0,0.0,0.0,0.0,0.0,0.0,0.0,0.0,0.0,0.0,0.0,0.0,0.0,0.0,0.0,0.0,0.0,0.0,0.0,0.0,0.0,0.0842,0.0842,0.0842,0.0,0.0,0.0,0.0,0.0,0.0,0.0,0.0,0.0,0.0,0.0,0.0,0.0,0.0,0.0,0.0,0.0,0.0,0.0,0.0,0.0,3.2e-05,3.2e-05,3.2e-05,0.0,0.0,0.0,0.0,0.0,0.0,0.0,0.0,0.0,0.0,0.0,0.0,0.0,0.0,0.0,0.0,0.0,0.0,0.0,0.0,0.0,0.0,0.0,1.014134,0.0,0.0,0.0,0.0,0.0,0.0,0.0,0.0,0.0,3e-05,3e-05,3e-05,0.0,0.0,0.0,0.0,0.0,0.0,0.0,0.0,0.0,0.0,0.0,0.0,0.0,0.0,0.0,0.0,0.0,0.0,0.0,0.0,0.0,0.0,0.0,0.0,0.0,0.0,0.0,0.0,0.0,0.0,0.0,0.0,0.0,3.7e-05,3.7e-05,3.7e-05,0.0,0.0,0.0,0.0,0.0,0.0,0.0,0.0,0.0,0.0,0.0,0.0,0.0,0.0,0.0,0.0,0.0,0.0,0.0,0.0,0.0,0.006196,0.006196,0.006196,0.0,0.0,0.0,0.0,0.0,0.0,0.0,0.0,0.0,0.0,0.0,0.0,0.0,0.0,0.0,0.0,0.0,0.0,0.0,0.0,0.0,0.0,0.0,1.460354,0.0,0.0,0.0,0.0,0.0,0.0,0.0,0.0,0.0,0.0,0.0,0.0,0.0,0.0,0.0,0.0,0.0,0.0,0.0,0.0,0.0,0.0,0.0,0.0,0.0,0.0,0.0,0.0,0.0,0.0,0.0,0.0,0.0,0.0,0.0,0.0,0.0,0.0,0.0,0.0,0.0,0.0,0.0,0.0,0.0,0.000369,0.000369,0.000369,0.0,0.0,0.0
BBS_CA_420_PLACERVILLE_2023,2023-05-28,2023-06-10,0.0,0.0,0.0,0.0,0.0,0.0,0.0,0.0,0.0,0.0,0.0,0.0,0.0,0.0,0.0,0.0,0.0,0.0,0.0134,0.0134,0.0134,0.0,0.0,0.0,0.0,0.0,0.0,0.0,0.0,0.0,0.0,0.0,0.0,0.0,0.0,0.0,0.0,0.0,0.0,0.0,0.0,0.0,0.0,0.0,0.0,0.0,0.0,0.0,0.0,0.0,0.0,0.0,0.0,0.0,0.0,0.0,0.0,0.0,0.0,0.0,0.0,0.0,0.0,0.0,0.0,0.0,0.0,0.0,0.0,0.0,0.0,0.0,0.0,0.0,0.0,0.0,0.0,0.0,0.0,0.0,0.0,0.0,0.0,0.0,0.0,0.0,0.0,0.0,0.0,0.0,0.0,0.0,0.0,0.0,0.0,0.0,0.0,0.0,0.0,0.0,0.0,0.0,0.0,0.0,0.0,0.0,0.0,0.0,0.0,0.0,0.0,0.0,0.0,0.0,6e-06,6e-06,6e-06,0.0,0.0,0.0,0.0,0.0,0.0,0.0,0.0,0.0,0.0,0.0,0.0,0.0,0.0,0.0,0.0,0.0,0.0,0.0,0.0,0.0,0.0,0.0,0.0,0.0,0.0,0.0,0.0,0.0,0.0,0.0,0.0,0.0,0.0,0.0,0.0,0.0,0.0,0.0,0.0,0.0,0.0,0.0,0.0,0.0,0.0,0.0,0.0,0.0,0.0,0.0,0.0,0.0,0.0,0.0,0.0,0.0,0.0,0.0,0.0,0.0,0.0,0.0,0.0,0.0,0.0,0.0,0.0,0.0,0.0,0.0,0.0,0.0,0.0,0.0,0.0,0.0,0.0,0.0,0.0,0.0,0.0,0.0,0.0,0.0,0.0,0.0,0.0,0.0,0.0,0.0,0.0,0.0,0.001158,0.001158,0.001158,0.0,0.0,0.0,0.0,0.0,0.0,0.0,0.0,0.0,0.0,0.0,0.0,0.0,0.0,0.0,0.0,0.0,0.0,0.0,0.0,0.0,0.0,0.0,0.0,0.0,0.0,0.0,0.0,0.0,0.0,0.0,0.0,0.0,0.0,0.0,0.0,0.0,0.0,0.0,0.0,0.0,0.0,0.0,0.0,0.0,0.0,0.0,0.0,0.0,0.0,0.0,0.0,0.0,0.0,0.0,0.0,0.0,0.0,0.0,0.0,0.0,0.0,0.0,0.0,0.0,0.0,0.0,0.0,0.0,0.0,0.0,0.0,0.0,0.0,0.0
BBS_CA_503_Tracy_2_2015,2015-05-28,2015-06-10,0.0,0.0,0.0,0.0,0.0,0.0,0.0,0.0,0.0,0.0,0.0,0.0,0.0,0.0,0.0,0.0,0.0,0.0,0.0,0.0,0.0,0.0,0.0,0.0,0.0,0.0,0.0,0.0,0.0,0.0,0.0,0.0,0.0,0.0,0.0,0.0,0.0,0.0,0.0,0.0,0.0,0.0,0.0,0.0,0.0,0.0,0.0,0.0,0.0,0.0,0.0,0.0,0.0,0.0,0.0,0.0,0.0,0.0,0.0,0.0,0.6258,0.6258,0.6258,0.6291,0.6291,0.6291,24.7011,28.6437,28.6437,0.2482,0.2482,0.2482,36.1715,36.1715,36.1715,92.0794,92.0794,92.0794,162.3701,162.3701,162.3701,9.5704,9.5704,9.5704,0.0,0.0,0.0,0.0,0.0,0.0,0.0,0.0,0.0,0.0,0.0,0.0,0.0,0.0,0.0,0.0,0.0,0.0,0.0,0.0,0.0,0.0,0.0,0.0,0.0,0.0,0.0,0.0,0.0,0.0,0.0,0.0,0.0,0.0,0.0,0.0,0.0,0.0,0.0,0.0,0.0,0.0,0.0,0.0,0.0,0.0,0.0,0.0,0.0,0.0,0.0,0.0,0.0,0.0,0.0,0.0,0.0,0.0,0.0,0.0,0.0,0.0,0.0,0.0,0.0,0.0,0.0,0.0,0.0,0.0,0.0,0.0,0.000158,0.000158,0.000158,0.000159,0.000159,0.000159,0.002616,0.003614,0.003614,6.3e-05,6.3e-05,6.3e-05,1.166824,1.166824,1.166824,2.92891,2.92891,2.92891,4.921343,4.921343,4.921343,0.308721,0.308721,0.308721,0.0,0.0,0.0,0.0,0.0,0.0,0.0,0.0,0.0,0.0,0.0,0.0,0.0,0.0,0.0,0.0,0.0,0.0,0.0,0.0,0.0,0.0,0.0,0.0,0.0,0.0,0.0,0.0,0.0,0.0,0.0,0.0,0.0,0.0,0.0,0.0,0.0,0.0,0.0,0.0,0.0,0.0,0.0,0.0,0.0,0.0,0.0,0.0,0.0,0.0,0.0,0.0,0.0,0.0,0.0,0.0,0.0,0.0,0.0,0.0,0.0,0.0,0.0,0.0,0.0,0.0,0.0,0.0,0.0,0.0,0.0,0.0,2.721005,2.721005,2.721005,2.735405,2.735405,2.735405,42.855341,59.997174,59.997174,1.079307,1.079307,1.079307,0.000426,0.000426,0.000426,0.001081,0.001081,0.001081,0.001892,0.001892,0.001892,0.000113,0.000113,0.000113,0.0,0.0,0.0,0.0,0.0,0.0,0.0,0.0,0.0,0.0,0.0,0.0
BBS_CA_503_Tracy_2_2016,2016-05-28,2016-06-10,0.0,0.0,0.0,0.0,0.0,0.0,0.0,0.0,0.0,0.0,0.0,0.0,0.0,0.0,0.0,0.0,0.0,0.0,0.0,0.0,0.0,0.0,0.0,0.0,0.0,0.0,0.0,0.0,0.0,0.0,0.0,0.0,0.0,0.0,0.0,0.0,0.0,0.0,0.0,0.0,0.0,0.0,0.0,0.0,0.0,0.0,0.0,0.0,0.0,0.0,0.0,0.0,0.0,0.0,0.0,0.0,0.0,0.0,0.0,0.0,0.0,0.6258,0.6258,0.0,0.6291,0.6291,54.178,58.7497,58.7497,0.0,0.2482,0.2482,36.1552,36.1552,36.1552,92.5198,92.5198,92.5198,169.7117,169.7117,169.7117,9.5659,9.5659,9.5659,0.0,0.0,0.0,0.0,0.0,0.0,0.0,0.0,0.0,0.0,0.0,0.0,0.0,0.0,0.0,0.0,0.0,0.0,0.0,0.0,0.0,0.0,0.0,0.0,0.0,0.0,0.0,0.0,0.0,0.0,0.0,0.0,0.0,0.0,0.0,0.0,0.0,0.0,0.0,0.0,0.0,0.0,0.0,0.0,0.0,0.0,0.0,0.0,0.0,0.0,0.0,0.0,0.0,0.0,0.0,0.0,0.0,0.0,0.0,0.0,0.0,0.0,0.0,0.0,0.0,0.0,0.0,0.0,0.0,0.0,0.0,0.0,0.0,0.000158,0.000158,0.0,0.000159,0.000159,0.005528,0.006686,0.006686,0.0,6.3e-05,6.3e-05,1.166297,1.166297,1.166297,2.952649,2.952649,2.952649,5.225628,5.225628,5.225628,0.308577,0.308577,0.308577,0.0,0.0,0.0,0.0,0.0,0.0,0.0,0.0,0.0,0.0,0.0,0.0,0.0,0.0,0.0,0.0,0.0,0.0,0.0,0.0,0.0,0.0,0.0,0.0,0.0,0.0,0.0,0.0,0.0,0.0,0.0,0.0,0.0,0.0,0.0,0.0,0.0,0.0,0.0,0.0,0.0,0.0,0.0,0.0,0.0,0.0,0.0,0.0,0.0,0.0,0.0,0.0,0.0,0.0,0.0,0.0,0.0,0.0,0.0,0.0,0.0,0.0,0.0,0.0,0.0,0.0,0.0,0.0,0.0,0.0,0.0,0.0,0.0,2.721005,2.721005,0.0,2.735405,2.735405,90.29664,110.173878,110.173878,0.0,1.079307,1.079307,0.000425,0.000425,0.000425,0.001087,0.001087,0.001087,0.001982,0.001982,0.001982,0.000113,0.000113,0.000113,0.0,0.0,0.0,0.0,0.0,0.0,0.0,0.0,0.0,0.0,0.0,0.0
BBS_CA_503_Tracy_2_2017,2017-05-28,2017-06-10,0.0,0.0,0.0,0.0,0.0,0.0,0.0,0.0,0.0,0.0,0.0,0.0,0.0,0.0,0.0,0.0,0.0,0.0,0.0,0.0,0.0,0.0,0.0,0.0,0.0,0.0,0.0,0.0,0.0,0.0,0.0,0.0,0.0,0.0,0.0,0.0,0.0,0.0,0.0,0.0,0.0,0.0,0.0,0.0,0.0,0.0,0.0,0.0,0.0,0.0,0.0,0.0,0.0,0.0,0.0,0.0,0.0,0.0,0.0,0.0,0.6258,0.6258,0.6258,0.6291,0.6291,0.6291,58.4019,58.4019,58.4019,0.2482,0.2482,0.2482,36.1715,36.1715,36.1715,93.6026,93.6026,93.6026,168.4107,168.4107,168.4107,9.5704,9.5704,9.5704,0.0,0.0,0.0,0.0,0.0,0.0,0.0,0.0,0.0,0.0,0.0,0.0,0.0,0.0,0.0,0.0,0.0,0.0,0.0,0.0,0.0,0.0,0.0,0.0,0.0,0.0,0.0,0.0,0.0,0.0,0.0,0.0,0.0,0.0,0.0,0.0,0.0,0.0,0.0,0.0,0.0,0.0,0.0,0.0,0.0,0.0,0.0,0.0,0.0,0.0,0.0,0.0,0.0,0.0,0.0,0.0,0.0,0.0,0.0,0.0,0.0,0.0,0.0,0.0,0.0,0.0,0.0,0.0,0.0,0.0,0.0,0.0,0.000158,0.000158,0.000158,0.000159,0.000159,0.000159,0.006054,0.006054,0.006054,6.3e-05,6.3e-05,6.3e-05,1.166824,1.166824,1.166824,3.01944,3.01944,3.01944,5.390636,5.390636,5.390636,0.308721,0.308721,0.308721,0.0,0.0,0.0,0.0,0.0,0.0,0.0,0.0,0.0,0.0,0.0,0.0,0.0,0.0,0.0,0.0,0.0,0.0,0.0,0.0,0.0,0.0,0.0,0.0,0.0,0.0,0.0,0.0,0.0,0.0,0.0,0.0,0.0,0.0,0.0,0.0,0.0,0.0,0.0,0.0,0.0,0.0,0.0,0.0,0.0,0.0,0.0,0.0,0.0,0.0,0.0,0.0,0.0,0.0,0.0,0.0,0.0,0.0,0.0,0.0,0.0,0.0,0.0,0.0,0.0,0.0,0.0,0.0,0.0,0.0,0.0,0.0,2.721005,2.721005,2.721005,2.735405,2.735405,2.735405,99.023277,99.023277,99.023277,1.079307,1.079307,1.079307,0.000426,0.000426,0.000426,0.001101,0.001101,0.001101,0.001979,0.001979,0.001979,0.000113,0.000113,0.000113,0.0,0.0,0.0,0.0,0.0,0.0,0.0,0.0,0.0,0.0,0.0,0.0
BBS_CA_503_Tracy_2_2018,2018-05-28,2018-06-10,0.0,0.0,0.0,0.0,0.0,0.0,0.0,0.0,0.0,0.0,0.0,0.0,0.0,0.0,0.0,0.0,0.0,0.0,0.0,0.0,0.0,0.0,0.0,0.0,0.0,0.0,0.0,0.0,0.0,0.0,0.0,0.0,0.0,0.0,0.0,0.0,0.0,0.0,0.0,0.0,0.0,0.0,0.0,0.0,0.0,0.0,0.0,0.0,0.0,0.0,0.0,0.0,0.0,0.0,0.0,0.0,0.0,0.0,0.0,0.0,0.6258,0.6258,0.6258,0.6291,0.6291,0.6291,4.5718,4.5718,4.5718,0.2482,0.2482,0.2482,0.0,0.0,0.0,0.7594,0.7594,0.7594,7.5347,13.0797,13.0797,0.0,0.0,0.0,0.0,0.0,0.0,0.0,0.0,0.0,0.0,0.0,0.0,0.0,0.0,0.0,0.0,0.0,0.0,0.0,0.0,0.0,0.0,0.0,0.0,0.0,0.0,0.0,0.0,0.0,0.0,0.0,0.0,0.0,0.0,0.0,0.0,0.0,0.0,0.0,0.0,0.0,0.0,0.0,0.0,0.0,0.0,0.0,0.0,0.0,0.0,0.0,0.0,0.0,0.0,0.0,0.0,0.0,0.0,0.0,0.0,0.0,0.0,0.0,0.0,0.0,0.0,0.0,0.0,0.0,0.0,0.0,0.0,0.0,0.0,0.0,0.000158,0.000158,0.000158,0.000159,0.000159,0.000159,0.001157,0.001157,0.001157,6.3e-05,6.3e-05,6.3e-05,0.0,0.0,0.0,0.024496,0.024496,0.024496,0.243056,0.421927,0.421927,0.0,0.0,0.0,0.0,0.0,0.0,0.0,0.0,0.0,0.0,0.0,0.0,0.0,0.0,0.0,0.0,0.0,0.0,0.0,0.0,0.0,0.0,0.0,0.0,0.0,0.0,0.0,0.0,0.0,0.0,0.0,0.0,0.0,0.0,0.0,0.0,0.0,0.0,0.0,0.0,0.0,0.0,0.0,0.0,0.0,0.0,0.0,0.0,0.0,0.0,0.0,0.0,0.0,0.0,0.0,0.0,0.0,0.0,0.0,0.0,0.0,0.0,0.0,0.0,0.0,0.0,0.0,0.0,0.0,0.0,0.0,0.0,0.0,0.0,0.0,2.721005,2.721005,2.721005,2.735405,2.735405,2.735405,19.877238,19.877238,19.877238,1.079307,1.079307,1.079307,0.0,0.0,0.0,9e-06,9e-06,9e-06,8.9e-05,0.000154,0.000154,0.0,0.0,0.0,0.0,0.0,0.0,0.0,0.0,0.0,0.0,0.0,0.0,0.0,0.0,0.0
BBS_CA_503_Tracy_2_2019,2019-05-28,2019-06-10,0.0,0.0,0.0,0.0,0.0,0.0,0.0,0.0,0.0,0.0,0.0,0.0,4.3966,4.3966,4.3966,11.3865,11.3865,11.3865,53.7648,53.7648,53.7648,1.1799,1.1799,1.1799,0.0,0.0,0.0,0.0,0.0,0.0,0.0,0.0,0.0,0.0,0.0,0.0,0.0,0.0,0.0,0.0,0.0,0.0,0.0,0.0,0.0,0.0,0.0,0.0,0.0,0.0,0.0,0.0,0.0,0.0,0.0,0.0,0.0,0.0,0.0,0.0,0.0,0.2712,0.2712,0.0,0.2726,0.2726,0.0,4.2152,4.2152,0.0,0.1076,0.1076,33.8989,33.8989,33.8989,87.7986,87.7986,87.7986,114.4795,114.4795,114.4795,9.0973,9.0973,9.0973,0.0,0.0,0.0,0.0,0.0,0.0,0.0,0.0,0.0,0.0,0.0,0.0,0.0,0.0,0.0,0.0,0.0,0.0,0.0,0.0,0.0,0.0,0.0,0.0,0.001954,0.001954,0.001954,0.005061,0.005061,0.005061,0.023895,0.023895,0.023895,0.000524,0.000524,0.000524,0.0,0.0,0.0,0.0,0.0,0.0,0.0,0.0,0.0,0.0,0.0,0.0,0.0,0.0,0.0,0.0,0.0,0.0,0.0,0.0,0.0,0.0,0.0,0.0,0.0,0.0,0.0,0.0,0.0,0.0,0.0,0.0,0.0,0.0,0.0,0.0,0.0,6.9e-05,6.9e-05,0.0,6.9e-05,6.9e-05,0.0,0.001067,0.001067,0.0,2.7e-05,2.7e-05,1.093514,1.093514,1.093514,2.832213,2.832213,2.832213,3.692887,3.692887,3.692887,0.293461,0.293461,0.293461,0.0,0.0,0.0,0.0,0.0,0.0,0.0,0.0,0.0,0.0,0.0,0.0,0.0,0.0,0.0,0.0,0.0,0.0,0.0,0.0,0.0,0.0,0.0,0.0,0.379014,0.379014,0.379014,0.981594,0.981594,0.981594,4.634899,4.634899,4.634899,0.101712,0.101712,0.101712,0.0,0.0,0.0,0.0,0.0,0.0,0.0,0.0,0.0,0.0,0.0,0.0,0.0,0.0,0.0,0.0,0.0,0.0,0.0,0.0,0.0,0.0,0.0,0.0,0.0,0.0,0.0,0.0,0.0,0.0,0.0,0.0,0.0,0.0,0.0,0.0,0.0,1.179063,1.179063,0.0,1.185303,1.185303,0.0,18.327136,18.327136,0.0,0.467684,0.467684,0.000399,0.000399,0.000399,0.001033,0.001033,0.001033,0.001347,0.001347,0.001347,0.000107,0.000107,0.000107,0.0,0.0,0.0,0.0,0.0,0.0,0.0,0.0,0.0,0.0,0.0,0.0
BBS_CA_503_Tracy_2_2020,2020-05-28,2020-06-10,0.0,0.0,0.0,0.0,0.0,0.0,0.0,0.0,0.0,0.0,0.0,0.0,0.0,0.0,0.0,0.0,0.0,0.0,0.0,0.0,0.0,0.0,0.0,0.0,0.0,0.0,0.0,0.0,0.0,0.0,0.0,0.0,0.0,0.0,0.0,0.0,0.0,0.0,0.0,0.0,0.0,0.0,0.0,0.0,0.0,0.0,0.0,0.0,0.0,0.0,0.0,0.0,0.0,0.0,0.0,0.0,0.0,0.0,0.0,0.0,0.2712,0.2712,0.2712,0.2726,0.2726,0.2726,8.1579,8.1579,8.1579,0.1076,0.1076,0.1076,33.8989,33.8989,33.8989,87.7986,87.7986,87.7986,91.9736,91.9736,91.9736,9.0973,9.0973,9.0973,0.0,0.0,0.0,0.0,0.0,0.0,0.0,0.0,0.0,0.0,0.0,0.0,0.0,0.0,0.0,0.0,0.0,0.0,0.0,0.0,0.0,0.0,0.0,0.0,0.0,0.0,0.0,0.0,0.0,0.0,0.0,0.0,0.0,0.0,0.0,0.0,0.0,0.0,0.0,0.0,0.0,0.0,0.0,0.0,0.0,0.0,0.0,0.0,0.0,0.0,0.0,0.0,0.0,0.0,0.0,0.0,0.0,0.0,0.0,0.0,0.0,0.0,0.0,0.0,0.0,0.0,0.0,0.0,0.0,0.0,0.0,0.0,6.9e-05,6.9e-05,6.9e-05,6.9e-05,6.9e-05,6.9e-05,0.002065,0.002065,0.002065,2.7e-05,2.7e-05,2.7e-05,1.093514,1.093514,1.093514,2.832213,2.832213,2.832213,2.966889,2.966889,2.966889,0.293461,0.293461,0.293461,0.0,0.0,0.0,0.0,0.0,0.0,0.0,0.0,0.0,0.0,0.0,0.0,0.0,0.0,0.0,0.0,0.0,0.0,0.0,0.0,0.0,0.0,0.0,0.0,0.0,0.0,0.0,0.0,0.0,0.0,0.0,0.0,0.0,0.0,0.0,0.0,0.0,0.0,0.0,0.0,0.0,0.0,0.0,0.0,0.0,0.0,0.0,0.0,0.0,0.0,0.0,0.0,0.0,0.0,0.0,0.0,0.0,0.0,0.0,0.0,0.0,0.0,0.0,0.0,0.0,0.0,0.0,0.0,0.0,0.0,0.0,0.0,1.179063,1.179063,1.179063,1.185303,1.185303,1.185303,35.468969,35.468969,35.468969,0.467684,0.467684,0.467684,0.000399,0.000399,0.000399,0.001033,0.001033,0.001033,0.001082,0.001082,0.001082,0.000107,0.000107,0.000107,0.0,0.0,0.0,0.0,0.0,0.0,0.0,0.0,0.0,0.0,0.0,0.0
BBS_CA_503_Tracy_2_2021,2021-05-28,2021-06-10,0.0,0.0,0.0,0.0,0.0,0.0,0.0,0.0,0.0,0.0,0.0,0.0,0.0,0.0,0.0,0.0,0.0,0.0,0.0,0.0,0.0,0.0,0.0,0.0,0.0,0.0,0.0,0.0,0.0,0.0,0.0,0.0,0.0,0.0,0.0,0.0,0.0,0.0,0.0,0.0,0.0,0.0,0.0,0.0,0.0,0.0,0.0,0.0,0.0,0.0,0.0,0.0,0.0,0.0,0.0,0.0,0.0,0.0,0.0,0.0,0.0,0.0,0.0,0.0,0.0,0.0,0.0,3.9426,3.9426,0.0,0.0,0.0,33.8989,33.8989,33.8989,87.7986,87.7986,87.7986,98.9443,98.9443,98.9443,9.0973,9.0973,9.0973,0.0,0.0,0.0,0.0,0.0,0.0,0.0,0.0,0.0,0.0,0.0,0.0,0.0,0.0,0.0,0.0,0.0,0.0,0.0,0.0,0.0,0.0,0.0,0.0,0.0,0.0,0.0,0.0,0.0,0.0,0.0,0.0,0.0,0.0,0.0,0.0,0.0,0.0,0.0,0.0,0.0,0.0,0.0,0.0,0.0,0.0,0.0,0.0,0.0,0.0,0.0,0.0,0.0,0.0,0.0,0.0,0.0,0.0,0.0,0.0,0.0,0.0,0.0,0.0,0.0,0.0,0.0,0.0,0.0,0.0,0.0,0.0,0.0,0.0,0.0,0.0,0.0,0.0,0.0,0.000998,0.000998,0.0,0.0,0.0,1.093514,1.093514,1.093514,2.832213,2.832213,2.832213,3.191753,3.191753,3.191753,0.293461,0.293461,0.293461,0.0,0.0,0.0,0.0,0.0,0.0,0.0,0.0,0.0,0.0,0.0,0.0,0.0,0.0,0.0,0.0,0.0,0.0,0.0,0.0,0.0,0.0,0.0,0.0,0.0,0.0,0.0,0.0,0.0,0.0,0.0,0.0,0.0,0.0,0.0,0.0,0.0,0.0,0.0,0.0,0.0,0.0,0.0,0.0,0.0,0.0,0.0,0.0,0.0,0.0,0.0,0.0,0.0,0.0,0.0,0.0,0.0,0.0,0.0,0.0,0.0,0.0,0.0,0.0,0.0,0.0,0.0,0.0,0.0,0.0,0.0,0.0,0.0,0.0,0.0,0.0,0.0,0.0,0.0,17.141833,17.141833,0.0,0.0,0.0,0.000399,0.000399,0.000399,0.001033,0.001033,0.001033,0.001164,0.001164,0.001164,0.000107,0.000107,0.000107,0.0,0.0,0.0,0.0,0.0,0.0,0.0,0.0,0.0,0.0,0.0,0.0
BBS_CA_503_Tracy_2_2022,2022-05-28,2022-06-10,0.0,0.0,0.0,0.0,0.0,0.0,0.0,0.0,0.0,0.0,0.0,0.0,0.0,0.0,0.0,0.0,0.0,0.0,0.0,0.0,0.0,0.0,0.0,0.0,0.0,0.0,0.0,0.0,0.0,0.0,0.0,0.0,0.0,0.0,0.0,0.0,0.0,0.0,0.0,0.0,0.0,0.0,0.0,0.0,0.0,0.0,0.0,0.0,0.0,0.0,0.0,0.0,0.0,0.0,0.0,0.0,0.0,0.0,0.0,0.0,0.0,0.0,0.0,0.0,0.0,0.0,0.0,2.5166,2.5166,0.0,0.0,0.0,0.0,0.0,33.8989,0.0,0.0,87.7986,6.0762,6.2205,98.1941,0.0,0.0,9.0973,0.0,0.0,0.0,0.0,0.0,0.0,0.0,0.0,0.0,0.0,0.0,0.0,0.0,0.0,0.0,0.0,0.0,0.0,0.0,0.0,0.0,0.0,0.0,0.0,0.0,0.0,0.0,0.0,0.0,0.0,0.0,0.0,0.0,0.0,0.0,0.0,0.0,0.0,0.0,0.0,0.0,0.0,0.0,0.0,0.0,0.0,0.0,0.0,0.0,0.0,0.0,0.0,0.0,0.0,0.0,0.0,0.0,0.0,0.0,0.0,0.0,0.0,0.0,0.0,0.0,0.0,0.0,0.0,0.0,0.0,0.0,0.0,0.0,0.0,0.0,0.0,0.0,0.0,0.0,0.000637,0.000637,0.0,0.0,0.0,0.0,0.0,1.093514,0.0,0.0,2.832213,0.196006,0.200662,3.167551,0.0,0.0,0.293461,0.0,0.0,0.0,0.0,0.0,0.0,0.0,0.0,0.0,0.0,0.0,0.0,0.0,0.0,0.0,0.0,0.0,0.0,0.0,0.0,0.0,0.0,0.0,0.0,0.0,0.0,0.0,0.0,0.0,0.0,0.0,0.0,0.0,0.0,0.0,0.0,0.0,0.0,0.0,0.0,0.0,0.0,0.0,0.0,0.0,0.0,0.0,0.0,0.0,0.0,0.0,0.0,0.0,0.0,0.0,0.0,0.0,0.0,0.0,0.0,0.0,0.0,0.0,0.0,0.0,0.0,0.0,0.0,0.0,0.0,0.0,0.0,0.0,0.0,0.0,0.0,0.0,0.0,0.0,10.941621,10.941621,0.0,0.0,0.0,0.0,0.0,0.000399,0.0,0.0,0.001033,7.1e-05,7.3e-05,0.001155,0.0,0.0,0.000107,0.0,0.0,0.0,0.0,0.0,0.0,0.0,0.0,0.0,0.0,0.0,0.0
BBS_CA_503_Tracy_2_2023,2023-05-28,2023-06-10,0.0,0.0,0.0,0.0,0.0,0.0,0.0,0.0,0.0,0.0,0.0,0.0,0.0,0.0,0.0,0.0,0.0,0.0,0.0,0.0,0.0,0.0,0.0,0.0,0.0,0.0,0.0,0.0,0.0,0.0,0.0,0.0,0.0,0.0,0.0,0.0,0.0,0.0,0.0,0.0,0.0,0.0,0.0,0.0,0.0,0.0,0.0,0.0,0.0,0.0,0.0,0.0,0.0,0.0,0.0,0.0,0.0,0.0,0.0,0.0,0.0,0.0,0.0,0.0,0.0,0.0,3.9426,3.9426,3.9426,0.0,0.0,0.0,32.8827,32.8827,32.8827,84.9402,84.9402,84.9402,87.0201,87.0201,87.0201,8.8246,8.8246,8.8246,0.0,0.0,0.0,0.0,0.0,0.0,0.0,0.0,0.0,0.0,0.0,0.0,0.0,0.0,0.0,0.0,0.0,0.0,0.0,0.0,0.0,0.0,0.0,0.0,0.0,0.0,0.0,0.0,0.0,0.0,0.0,0.0,0.0,0.0,0.0,0.0,0.0,0.0,0.0,0.0,0.0,0.0,0.0,0.0,0.0,0.0,0.0,0.0,0.0,0.0,0.0,0.0,0.0,0.0,0.0,0.0,0.0,0.0,0.0,0.0,0.0,0.0,0.0,0.0,0.0,0.0,0.0,0.0,0.0,0.0,0.0,0.0,0.0,0.0,0.0,0.0,0.0,0.0,0.000998,0.000998,0.000998,0.0,0.0,0.0,1.060732,1.060732,1.060732,2.740007,2.740007,2.740007,2.8071,2.8071,2.8071,0.284666,0.284666,0.284666,0.0,0.0,0.0,0.0,0.0,0.0,0.0,0.0,0.0,0.0,0.0,0.0,0.0,0.0,0.0,0.0,0.0,0.0,0.0,0.0,0.0,0.0,0.0,0.0,0.0,0.0,0.0,0.0,0.0,0.0,0.0,0.0,0.0,0.0,0.0,0.0,0.0,0.0,0.0,0.0,0.0,0.0,0.0,0.0,0.0,0.0,0.0,0.0,0.0,0.0,0.0,0.0,0.0,0.0,0.0,0.0,0.0,0.0,0.0,0.0,0.0,0.0,0.0,0.0,0.0,0.0,0.0,0.0,0.0,0.0,0.0,0.0,0.0,0.0,0.0,0.0,0.0,0.0,17.141833,17.141833,17.141833,0.0,0.0,0.0,0.000387,0.000387,0.000387,0.000999,0.000999,0.000999,0.001024,0.001024,0.001024,0.000104,0.000104,0.000104,0.0,0.0,0.0,0.0,0.0,0.0,0.0,0.0,0.0,0.0,0.0,0.0
BBS_CA_901_GAZELLE_2015,2015-05-28,2015-06-10,0.0,0.0,0.0,0.0,0.0,0.0,0.0,0.0,0.0,0.0,0.0,0.0,0.0,0.0,0.0,0.0,0.0,0.0,0.0,0.0,0.0,0.0,0.0,0.0,0.0,0.0,0.0,0.0,0.0,0.0,0.0,0.0,0.0,0.0,0.0,0.0,0.0,0.0,0.0,0.0,0.0,0.0,0.0,0.0,0.0,0.0,0.0,0.0,0.0,0.0,0.0,0.0,0.0,0.0,0.0,0.0,0.0,0.0,0.0,0.0,0.0,0.3418,0.3418,0.0,2.0818,2.0818,3.3004,13.4018,13.4018,0.0,0.0573,0.0573,0.0,0.0,0.0,0.0,0.0,0.0,0.0,0.0,0.0,0.0,0.0,0.0,0.0,0.0,0.0,0.0,0.0,0.0,0.0,0.0,0.0,0.0,0.0,0.0,0.0,0.0,0.0,0.0,0.0,0.0,0.0,0.0,0.0,0.0,0.0,0.0,0.0,0.0,0.0,0.0,0.0,0.0,0.0,0.0,0.0,0.0,0.0,0.0,0.0,0.0,0.0,0.0,0.0,0.0,0.0,0.0,0.0,0.0,0.0,0.0,0.0,0.0,0.0,0.0,0.0,0.0,0.0,0.0,0.0,0.0,0.0,0.0,0.0,0.0,0.0,0.0,0.0,0.0,0.0,0.0,0.0,0.0,0.0,0.0,0.0,0.000171,0.000171,0.0,0.001041,0.001041,0.001996,0.007046,0.007046,0.0,2.9e-05,2.9e-05,0.0,0.0,0.0,0.0,0.0,0.0,0.0,0.0,0.0,0.0,0.0,0.0,0.0,0.0,0.0,0.0,0.0,0.0,0.0,0.0,0.0,0.0,0.0,0.0,0.0,0.0,0.0,0.0,0.0,0.0,0.0,0.0,0.0,0.0,0.0,0.0,0.0,0.0,0.0,0.0,0.0,0.0,0.0,0.0,0.0,0.0,0.0,0.0,0.0,0.0,0.0,0.0,0.0,0.0,0.0,0.0,0.0,0.0,0.0,0.0,0.0,0.0,0.0,0.0,0.0,0.0,0.0,0.0,0.0,0.0,0.0,0.0,0.0,0.0,0.0,0.0,0.0,0.0,0.0,0.0,0.0,0.0,0.0,0.0,0.0,1.178732,1.178732,0.0,7.178504,7.178504,11.717212,46.549605,46.549605,0.0,0.197647,0.197647,0.0,0.0,0.0,0.0,0.0,0.0,0.0,0.0,0.0,0.0,0.0,0.0,0.0,0.0,0.0,0.0,0.0,0.0,0.0,0.0,0.0,0.0,0.0,0.0
BBS_CA_901_GAZELLE_2016,2016-05-28,2016-06-10,0.0,0.0,0.0,0.0,0.0,0.0,0.0,0.0,0.0,0.0,0.0,0.0,0.0,0.0,0.0,0.0,0.0,0.0,0.0,0.0,0.0,0.0,0.0,0.0,0.0,0.0,0.0,0.0,0.0,0.0,0.0,0.0,0.0,0.0,0.0,0.0,0.0,0.0,0.0,9.1856,9.1856,9.1856,39.2438,39.2438,39.2438,0.0,0.0,0.0,0.0,0.0,0.0,0.0,0.0,0.0,0.0,0.0,0.0,0.0,0.0,0.0,0.0,0.0,0.0,0.3714,0.8618,0.8618,1.5867,7.6874,7.6874,0.0,0.0,0.0,0.0,0.0,0.0,0.0,0.0,0.0,0.0,0.0,0.0,0.0,0.0,0.0,0.0,0.0,0.0,0.0,0.0,0.0,0.0,0.0,0.0,0.0,0.0,0.0,0.0,0.0,0.0,0.0,0.0,0.0,0.0,0.0,0.0,0.0,0.0,0.0,0.0,0.0,0.0,0.0,0.0,0.0,0.0,0.0,0.0,0.0,0.0,0.0,0.0,0.0,0.0,0.0,0.0,0.0,0.0,0.0,0.0,0.0,0.0,0.0,0.0,0.0,0.0,0.234327,0.234327,0.234327,1.001117,1.001117,1.001117,0.0,0.0,0.0,0.0,0.0,0.0,0.0,0.0,0.0,0.0,0.0,0.0,0.0,0.0,0.0,0.0,0.0,0.0,0.000186,0.000431,0.000431,0.000793,0.004365,0.004365,0.0,0.0,0.0,0.0,0.0,0.0,0.0,0.0,0.0,0.0,0.0,0.0,0.0,0.0,0.0,0.0,0.0,0.0,0.0,0.0,0.0,0.0,0.0,0.0,0.0,0.0,0.0,0.0,0.0,0.0,0.0,0.0,0.0,0.0,0.0,0.0,0.0,0.0,0.0,0.0,0.0,0.0,0.0,0.0,0.0,0.0,0.0,0.0,0.0,0.0,0.0,0.0,0.0,0.0,0.0,0.0,0.0,0.0,0.0,0.0,0.0,0.0,0.0,0.0,0.0,0.0,91.856256,91.856256,91.856256,392.437674,392.437674,392.437674,0.0,0.0,0.0,0.0,0.0,0.0,0.0,0.0,0.0,0.0,0.0,0.0,0.0,0.0,0.0,0.0,0.0,0.0,1.280663,2.971837,2.971837,5.471379,27.016391,27.016391,0.0,0.0,0.0,0.0,0.0,0.0,0.0,0.0,0.0,0.0,0.0,0.0,0.0,0.0,0.0,0.0,0.0,0.0,0.0,0.0,0.0,0.0,0.0,0.0,0.0,0.0,0.0
BBS_CA_901_GAZELLE_2017,2017-05-28,2017-06-10,0.0,0.0,0.0,0.0,0.0,0.0,0.0,0.0,0.0,0.0,0.0,0.0,0.0,0.0,0.0,0.0,0.0,0.0,0.0,0.0,0.0,0.0,0.0,0.0,0.0,0.0,0.0,0.0,0.0,0.0,0.0,0.0,0.0,0.0,0.0,0.0,10.981,10.981,10.981,42.0756,42.0756,42.0756,260.2586,260.2586,260.2586,1.8413,1.8413,1.8413,0.0,0.0,0.0,0.0,0.0,0.0,0.0,0.0,0.0,0.0,0.0,0.0,0.0,0.0,0.0,0.2628,0.2628,0.2628,11.0077,11.0077,11.0077,0.0,0.0,0.0,0.0,0.0,0.0,0.0,0.0,0.0,0.0,0.0,0.0,0.0,0.0,0.0,0.0,0.0,0.0,0.0,0.0,0.0,0.0,0.0,0.0,0.0,0.0,0.0,0.0,0.0,0.0,0.0,0.0,0.0,0.0,0.0,0.0,0.0,0.0,0.0,0.0,0.0,0.0,0.0,0.0,0.0,0.0,0.0,0.0,0.0,0.0,0.0,0.0,0.0,0.0,0.0,0.0,0.0,0.0,0.0,0.0,0.0,0.0,0.0,0.280127,0.280127,0.280127,1.073358,1.073358,1.073358,6.639249,6.639249,6.639249,0.046971,0.046971,0.046971,0.0,0.0,0.0,0.0,0.0,0.0,0.0,0.0,0.0,0.0,0.0,0.0,0.0,0.0,0.0,0.000131,0.000131,0.000131,0.006119,0.006119,0.006119,0.0,0.0,0.0,0.0,0.0,0.0,0.0,0.0,0.0,0.0,0.0,0.0,0.0,0.0,0.0,0.0,0.0,0.0,0.0,0.0,0.0,0.0,0.0,0.0,0.0,0.0,0.0,0.0,0.0,0.0,0.0,0.0,0.0,0.0,0.0,0.0,0.0,0.0,0.0,0.0,0.0,0.0,0.0,0.0,0.0,0.0,0.0,0.0,0.0,0.0,0.0,0.0,0.0,0.0,0.0,0.0,0.0,0.0,0.0,0.0,0.0,0.0,0.0,109.809828,109.809828,109.809828,420.7562,420.7562,420.7562,2602.585574,2602.585574,2602.585574,18.412685,18.412685,18.412685,0.0,0.0,0.0,0.0,0.0,0.0,0.0,0.0,0.0,0.0,0.0,0.0,0.0,0.0,0.0,0.906088,0.906088,0.906088,38.556582,38.556582,38.556582,0.0,0.0,0.0,0.0,0.0,0.0,0.0,0.0,0.0,0.0,0.0,0.0,0.0,0.0,0.0,0.0,0.0,0.0,0.0,0.0,0.0,0.0,0.0,0.0,0.0,0.0,0.0
BBS_CA_901_GAZELLE_2018,2018-05-28,2018-06-10,0.0,0.0,0.0,0.0,0.0,0.0,0.0,0.0,0.0,0.0,0.0,0.0,0.0,0.0,0.0,0.0,0.0,0.0,0.0,0.0,0.0,0.0,0.0,0.0,0.0,0.0,0.0,0.0,0.0,0.0,0.0,0.0,0.0,0.0,0.0,0.0,0.0,0.0,0.0,0.001,0.1178,0.1178,130.4207,148.0962,148.0962,0.0,0.0,0.0,0.0,0.0,0.0,0.0,0.0,0.0,0.0,0.0,0.0,0.0,0.0,0.0,0.0,0.0,0.0,0.0071,0.2625,0.2625,8.0451,9.6723,9.6723,0.0,0.0,0.0,0.0,0.0,0.0,0.0,0.0,0.0,0.0,0.0,0.0,0.0,0.0,0.0,0.0,0.0,0.0,0.0,0.0,0.0,0.3115,0.3115,0.3115,0.0,0.0,0.0,0.0,0.0,0.0,0.0,0.0,0.0,0.0,0.0,0.0,0.0,0.0,0.0,0.0,0.0,0.0,0.0,0.0,0.0,0.0,0.0,0.0,0.0,0.0,0.0,0.0,0.0,0.0,0.0,0.0,0.0,0.0,0.0,0.0,0.0,0.0,0.0,0.0,0.0,0.0,2.4e-05,0.003005,0.003005,3.327058,3.777965,3.777965,0.0,0.0,0.0,0.0,0.0,0.0,0.0,0.0,0.0,0.0,0.0,0.0,0.0,0.0,0.0,0.0,0.0,0.0,4e-06,0.000131,0.000131,0.003809,0.004622,0.004622,0.0,0.0,0.0,0.0,0.0,0.0,0.0,0.0,0.0,0.0,0.0,0.0,0.0,0.0,0.0,0.0,0.0,0.0,0.0,0.0,0.0,0.000156,0.000156,0.000156,0.0,0.0,0.0,0.0,0.0,0.0,0.0,0.0,0.0,0.0,0.0,0.0,0.0,0.0,0.0,0.0,0.0,0.0,0.0,0.0,0.0,0.0,0.0,0.0,0.0,0.0,0.0,0.0,0.0,0.0,0.0,0.0,0.0,0.0,0.0,0.0,0.0,0.0,0.0,0.0,0.0,0.0,0.00953,1.177943,1.177943,1304.206841,1480.962426,1480.962426,0.0,0.0,0.0,0.0,0.0,0.0,0.0,0.0,0.0,0.0,0.0,0.0,0.0,0.0,0.0,0.0,0.0,0.0,0.024551,0.905299,0.905299,29.022915,34.633687,34.633687,0.0,0.0,0.0,0.0,0.0,0.0,0.0,0.0,0.0,0.0,0.0,0.0,0.0,0.0,0.0,0.0,0.0,0.0,0.0,0.0,0.0,0.000311,0.000311,0.000311,0.0,0.0,0.0
BBS_CA_901_GAZELLE_2019,2019-05-28,2019-06-10,0.0,0.0,0.0,0.0,0.0,0.0,0.0,0.0,0.0,0.0,0.0,0.0,0.0,0.0,0.0,0.0,0.0,0.0,0.0,0.0,0.0,0.0,0.0,0.0,0.0,0.0,0.0,0.0,0.0,0.0,0.0,0.0,0.0,0.0,0.0,0.0,0.0,0.0,0.0,13.4583,13.4583,13.4583,230.349,323.6868,323.6868,0.0,0.0,0.0,0.0,0.0,0.0,0.0,0.0,0.0,0.0,0.0,0.0,0.0,0.0,0.0,0.0,0.0,0.0,0.4907,0.4907,0.4907,2.3817,2.3817,2.3817,0.0,0.0,0.0,0.0,0.0,0.0,0.0,0.0,0.0,0.0,0.0,0.0,0.0,0.0,0.0,0.0,0.0,0.0,0.0,0.0,0.0,0.0,0.0,0.0,0.0,0.0,0.0,0.0,0.0,0.0,0.0,0.0,0.0,0.0,0.0,0.0,0.0,0.0,0.0,0.0,0.0,0.0,0.0,0.0,0.0,0.0,0.0,0.0,0.0,0.0,0.0,0.0,0.0,0.0,0.0,0.0,0.0,0.0,0.0,0.0,0.0,0.0,0.0,0.0,0.0,0.0,0.037488,0.037488,0.037488,0.641641,0.901635,0.901635,0.0,0.0,0.0,0.0,0.0,0.0,0.0,0.0,0.0,0.0,0.0,0.0,0.0,0.0,0.0,0.0,0.0,0.0,0.000245,0.000245,0.000245,0.001191,0.001191,0.001191,0.0,0.0,0.0,0.0,0.0,0.0,0.0,0.0,0.0,0.0,0.0,0.0,0.0,0.0,0.0,0.0,0.0,0.0,0.0,0.0,0.0,0.0,0.0,0.0,0.0,0.0,0.0,0.0,0.0,0.0,0.0,0.0,0.0,0.0,0.0,0.0,0.0,0.0,0.0,0.0,0.0,0.0,0.0,0.0,0.0,0.0,0.0,0.0,0.0,0.0,0.0,0.0,0.0,0.0,0.0,0.0,0.0,0.0,0.0,0.0,0.0,0.0,0.0,0.0,0.0,0.0,19.226188,19.226188,19.226188,329.070064,462.409763,462.409763,0.0,0.0,0.0,0.0,0.0,0.0,0.0,0.0,0.0,0.0,0.0,0.0,0.0,0.0,0.0,0.0,0.0,0.0,1.691977,1.691977,1.691977,8.212871,8.212871,8.212871,0.0,0.0,0.0,0.0,0.0,0.0,0.0,0.0,0.0,0.0,0.0,0.0,0.0,0.0,0.0,0.0,0.0,0.0,0.0,0.0,0.0,0.0,0.0,0.0,0.0,0.0,0.0
BBS_CA_901_GAZELLE_2020,2020-05-28,2020-06-10,0.0,0.0,0.0,0.0,0.0,0.0,0.0,0.0,0.0,0.0,0.0,0.0,0.0,0.0,0.0,0.0,0.0,0.0,0.0,0.0,0.0,0.0,0.0,0.0,0.0,0.0,0.0,0.0,0.0,0.0,0.0,0.0,0.0,0.0,0.0,0.0,0.0,0.0,0.0,0.0,0.0,0.0,235.0865,235.0865,235.0865,0.0,0.0,0.0,0.0,0.0,0.0,0.0,0.0,0.0,0.0,0.0,0.0,0.0,0.0,0.0,0.0,0.0,0.0,0.0,0.0,0.0,1.2831,1.2831,1.2831,0.0,0.0,0.0,0.0,0.0,0.0,0.0,0.0,0.0,0.0,0.0,0.0,0.0,0.0,0.0,0.0,0.0,0.0,0.0,0.0,0.0,0.0,0.0,0.0,0.0,0.0,0.0,0.0,0.0,0.0,0.0,0.0,0.0,0.0,0.0,0.0,0.0,0.0,0.0,0.0,0.0,0.0,0.0,0.0,0.0,0.0,0.0,0.0,0.0,0.0,0.0,0.0,0.0,0.0,0.0,0.0,0.0,0.0,0.0,0.0,0.0,0.0,0.0,0.0,0.0,0.0,0.0,0.0,0.0,0.654837,0.654837,0.654837,0.0,0.0,0.0,0.0,0.0,0.0,0.0,0.0,0.0,0.0,0.0,0.0,0.0,0.0,0.0,0.0,0.0,0.0,0.0,0.0,0.0,0.000687,0.000687,0.000687,0.0,0.0,0.0,0.0,0.0,0.0,0.0,0.0,0.0,0.0,0.0,0.0,0.0,0.0,0.0,0.0,0.0,0.0,0.0,0.0,0.0,0.0,0.0,0.0,0.0,0.0,0.0,0.0,0.0,0.0,0.0,0.0,0.0,0.0,0.0,0.0,0.0,0.0,0.0,0.0,0.0,0.0,0.0,0.0,0.0,0.0,0.0,0.0,0.0,0.0,0.0,0.0,0.0,0.0,0.0,0.0,0.0,0.0,0.0,0.0,0.0,0.0,0.0,0.0,0.0,0.0,0.0,0.0,0.0,335.837913,335.837913,335.837913,0.0,0.0,0.0,0.0,0.0,0.0,0.0,0.0,0.0,0.0,0.0,0.0,0.0,0.0,0.0,0.0,0.0,0.0,0.0,0.0,0.0,4.469286,4.469286,4.469286,0.0,0.0,0.0,0.0,0.0,0.0,0.0,0.0,0.0,0.0,0.0,0.0,0.0,0.0,0.0,0.0,0.0,0.0,0.0,0.0,0.0,0.0,0.0,0.0,0.0,0.0,0.0
BBS_CA_901_GAZELLE_2021,2021-05-28,2021-06-10,0.0,0.0,0.0,0.0,0.0,0.0,0.0,0.0,0.0,0.0,0.0,0.0,0.0,0.0,0.0,0.0,0.0,0.0,0.0,0.0,0.0,0.0,0.0,0.0,0.0,0.0,0.0,0.0,0.0,0.0,0.0,0.0,0.0,0.0,0.0,0.0,0.0,0.0,0.0,0.1925,0.1925,0.1925,216.233,216.233,216.233,0.0,0.0,0.0,0.0,0.0,0.0,0.0,0.0,0.0,0.0,0.0,0.0,0.0,0.0,0.0,0.0,0.0,0.0,0.0071,0.0071,0.0071,7.1309,7.1309,7.1309,0.0,0.0,0.0,0.0,0.0,0.0,0.0,0.0,0.0,0.0,0.0,0.0,0.0,0.0,0.0,0.0,0.0,0.0,0.0,0.0,0.0,0.0,0.0,0.0,0.0,0.0,0.0,0.0,0.0,0.0,0.0,0.0,0.0,0.0,0.0,0.0,0.0,0.0,0.0,0.0,0.0,0.0,0.0,0.0,0.0,0.0,0.0,0.0,0.0,0.0,0.0,0.0,0.0,0.0,0.0,0.0,0.0,0.0,0.0,0.0,0.0,0.0,0.0,0.0,0.0,0.0,0.000536,0.000536,0.000536,0.60232,0.60232,0.60232,0.0,0.0,0.0,0.0,0.0,0.0,0.0,0.0,0.0,0.0,0.0,0.0,0.0,0.0,0.0,0.0,0.0,0.0,4e-06,4e-06,4e-06,0.003565,0.003565,0.003565,0.0,0.0,0.0,0.0,0.0,0.0,0.0,0.0,0.0,0.0,0.0,0.0,0.0,0.0,0.0,0.0,0.0,0.0,0.0,0.0,0.0,0.0,0.0,0.0,0.0,0.0,0.0,0.0,0.0,0.0,0.0,0.0,0.0,0.0,0.0,0.0,0.0,0.0,0.0,0.0,0.0,0.0,0.0,0.0,0.0,0.0,0.0,0.0,0.0,0.0,0.0,0.0,0.0,0.0,0.0,0.0,0.0,0.0,0.0,0.0,0.0,0.0,0.0,0.0,0.0,0.0,0.274985,0.274985,0.274985,308.904215,308.904215,308.904215,0.0,0.0,0.0,0.0,0.0,0.0,0.0,0.0,0.0,0.0,0.0,0.0,0.0,0.0,0.0,0.0,0.0,0.0,0.024551,0.024551,0.024551,24.589271,24.589271,24.589271,0.0,0.0,0.0,0.0,0.0,0.0,0.0,0.0,0.0,0.0,0.0,0.0,0.0,0.0,0.0,0.0,0.0,0.0,0.0,0.0,0.0,0.0,0.0,0.0,0.0,0.0,0.0
BBS_CA_901_GAZELLE_2022,2022-05-28,2022-06-10,0.0,0.0,0.0,0.0,0.0,0.0,0.0,0.0,0.0,0.0,0.0,0.0,0.0,0.0,0.0,0.0,0.0,0.0,0.0,0.0,0.0,0.0,0.0,0.0,0.0,0.0,0.0,0.0,0.0,0.0,0.0,0.0,0.0,0.0,0.0,0.0,0.0,0.0,0.0,0.2887,0.2887,0.2887,193.841,321.9157,321.9157,0.0,0.0,0.0,0.0,0.0,0.0,0.0,0.0,0.0,0.0,0.0,0.0,0.0,0.0,0.0,0.0,0.0,0.0,0.0071,0.2058,0.2058,5.1989,9.2059,9.2059,0.0,0.0,0.0,0.0,0.0,0.0,0.0,0.0,0.0,0.0,0.0,0.0,0.0,0.0,0.0,0.0,0.0,0.0,0.0,0.0,0.0,0.0,0.0,0.0,0.0,0.0,0.0,0.0,0.0,0.0,0.0,0.0,0.0,0.0,0.0,0.0,0.0,0.0,0.0,0.0,0.0,0.0,0.0,0.0,0.0,0.0,0.0,0.0,0.0,0.0,0.0,0.0,0.0,0.0,0.0,0.0,0.0,0.0,0.0,0.0,0.0,0.0,0.0,0.0,0.0,0.0,0.000804,0.000804,0.000804,0.539947,0.896701,0.896701,0.0,0.0,0.0,0.0,0.0,0.0,0.0,0.0,0.0,0.0,0.0,0.0,0.0,0.0,0.0,0.0,0.0,0.0,4e-06,0.000103,0.000103,0.002599,0.004603,0.004603,0.0,0.0,0.0,0.0,0.0,0.0,0.0,0.0,0.0,0.0,0.0,0.0,0.0,0.0,0.0,0.0,0.0,0.0,0.0,0.0,0.0,0.0,0.0,0.0,0.0,0.0,0.0,0.0,0.0,0.0,0.0,0.0,0.0,0.0,0.0,0.0,0.0,0.0,0.0,0.0,0.0,0.0,0.0,0.0,0.0,0.0,0.0,0.0,0.0,0.0,0.0,0.0,0.0,0.0,0.0,0.0,0.0,0.0,0.0,0.0,0.0,0.0,0.0,0.0,0.0,0.0,0.412478,0.412478,0.412478,276.915755,459.879524,459.879524,0.0,0.0,0.0,0.0,0.0,0.0,0.0,0.0,0.0,0.0,0.0,0.0,0.0,0.0,0.0,0.0,0.0,0.0,0.024551,0.709743,0.709743,17.927156,31.744545,31.744545,0.0,0.0,0.0,0.0,0.0,0.0,0.0,0.0,0.0,0.0,0.0,0.0,0.0,0.0,0.0,0.0,0.0,0.0,0.0,0.0,0.0,0.0,0.0,0.0,0.0,0.0,0.0
BBS_CA_901_GAZELLE_2023,2023-05-28,2023-06-10,0.0,0.0,0.0,0.0,0.0,0.0,0.0,0.0,0.0,0.0,0.0,0.0,0.0,0.0,0.0,0.0,0.0,0.0,0.0,0.0,0.0,0.0,0.0,0.0,0.0,0.0,0.0,0.0,0.0,0.0,0.0,0.0,0.0,0.0,0.0,0.0,0.0,0.0,0.0,2.8994,2.8994,2.8994,267.5516,267.5516,267.5516,0.0,0.0,0.0,0.0,0.0,0.0,0.0,0.0,0.0,0.0,0.0,0.0,0.0,0.0,0.0,0.0,0.0,0.0,0.0071,0.0071,0.0071,1.1319,1.1319,1.1319,0.0,0.0,0.0,0.0,0.0,0.0,0.0,0.0,0.0,0.0,0.0,0.0,0.0,0.0,0.0,0.0,0.0,0.0,0.0,0.0,0.0,0.0,0.0,0.0,0.0,0.0,0.0,0.0,0.0,0.0,0.0,0.0,0.0,0.0,0.0,0.0,0.0,0.0,0.0,0.0,0.0,0.0,0.0,0.0,0.0,0.0,0.0,0.0,0.0,0.0,0.0,0.0,0.0,0.0,0.0,0.0,0.0,0.0,0.0,0.0,0.0,0.0,0.0,0.0,0.0,0.0,0.008076,0.008076,0.008076,0.745269,0.745269,0.745269,0.0,0.0,0.0,0.0,0.0,0.0,0.0,0.0,0.0,0.0,0.0,0.0,0.0,0.0,0.0,0.0,0.0,0.0,4e-06,4e-06,4e-06,0.000566,0.000566,0.000566,0.0,0.0,0.0,0.0,0.0,0.0,0.0,0.0,0.0,0.0,0.0,0.0,0.0,0.0,0.0,0.0,0.0,0.0,0.0,0.0,0.0,0.0,0.0,0.0,0.0,0.0,0.0,0.0,0.0,0.0,0.0,0.0,0.0,0.0,0.0,0.0,0.0,0.0,0.0,0.0,0.0,0.0,0.0,0.0,0.0,0.0,0.0,0.0,0.0,0.0,0.0,0.0,0.0,0.0,0.0,0.0,0.0,0.0,0.0,0.0,0.0,0.0,0.0,0.0,0.0,0.0,4.141959,4.141959,4.141959,382.216626,382.216626,382.216626,0.0,0.0,0.0,0.0,0.0,0.0,0.0,0.0,0.0,0.0,0.0,0.0,0.0,0.0,0.0,0.0,0.0,0.0,0.024551,0.024551,0.024551,3.903148,3.903148,3.903148,0.0,0.0,0.0,0.0,0.0,0.0,0.0,0.0,0.0,0.0,0.0,0.0,0.0,0.0,0.0,0.0,0.0,0.0,0.0,0.0,0.0,0.0,0.0,0.0,0.0,0.0,0.0
