"species_code","common_name","abd_ppy","abd_ppy_lower","abd_ppy_upper","COUNTYFP","NAME","pre_lbs","post_lbs","pyr_delta","pyr_pct_change"
"cliswa","Cliff Swallow",2.89968079236541,1.35696653350913,4.50557433148945,"089","Shasta",1569.7237798975,1418.14744244567,-151.576337451833,-9.6562426710342
"cliswa","Cliff Swallow",-2.04704495207352,-3.93467624012624,0.925589142564166,"089","Shasta",1569.7237798975,1418.14744244567,-151.576337451833,-9.6562426710342
"cliswa","Cliff Swallow",-4.73823073762388,-6.1652091542135,-3.2481676763687,"089","Shasta",1569.7237798975,1418.14744244567,-151.576337451833,-9.6562426710342
"cliswa","Cliff Swallow",-2.25060230425627,-4.20760786204638,-0.495497417564561,"089","Shasta",1569.7237798975,1418.14744244567,-151.576337451833,-9.6562426710342
"cliswa","Cliff Swallow",1.12616143959761,-0.922347527825248,2.27803495020173,"089","Shasta",1569.7237798975,1418.14744244567,-151.576337451833,-9.6562426710342
"cliswa","Cliff Swallow",-4.94218445554618,-6.43176376857713,-3.21654206411678,"089","Shasta",1569.7237798975,1418.14744244567,-151.576337451833,-9.6562426710342
"cliswa","Cliff Swallow",-2.62003139240445,-4.46894605166709,-0.98852507563581,"089","Shasta",1569.7237798975,1418.14744244567,-151.576337451833,-9.6562426710342
"cliswa","Cliff Swallow",-0.943351258096347,-2.42932022668532,0.77565515679935,"089","Shasta",1569.7237798975,1418.14744244567,-151.576337451833,-9.6562426710342
"cliswa","Cliff Swallow",-2.91829195077396,-4.56090120681458,-1.70708878471166,"089","Shasta",1569.7237798975,1418.14744244567,-151.576337451833,-9.6562426710342
"cliswa","Cliff Swallow",-1.80902316837518,-3.39263713990983,0.00641752687045416,"089","Shasta",1569.7237798975,1418.14744244567,-151.576337451833,-9.6562426710342
"cliswa","Cliff Swallow",-2.35402391063063,-4.29906186997927,0.543661355713861,"089","Shasta",1569.7237798975,1418.14744244567,-151.576337451833,-9.6562426710342
"cliswa","Cliff Swallow",-2.45906927364675,-4.68505934581014,0.023064165109226,"103","Tehama",4776.66591676875,5224.39196343667,447.726046667916,9.37319156225997
"cliswa","Cliff Swallow",-1.12198916660634,-1.98407275364489,0.744496864296112,"103","Tehama",4776.66591676875,5224.39196343667,447.726046667916,9.37319156225997
"cliswa","Cliff Swallow",-2.54537876957696,-4.20691626936216,-1.03949838991045,"103","Tehama",4776.66591676875,5224.39196343667,447.726046667916,9.37319156225997
"cliswa","Cliff Swallow",-2.96634668317907,-4.73413169025201,-0.865667717674948,"103","Tehama",4776.66591676875,5224.39196343667,447.726046667916,9.37319156225997
"cliswa","Cliff Swallow",-5.83256771084552,-9.1352136357443,-1.63823804311023,"103","Tehama",4776.66591676875,5224.39196343667,447.726046667916,9.37319156225997
"cliswa","Cliff Swallow",-2.83607165433916,-6.12146796406099,-1.02418780910462,"103","Tehama",4776.66591676875,5224.39196343667,447.726046667916,9.37319156225997
"cliswa","Cliff Swallow",-1.59103221096401,-2.78563890118567,-0.0765086044836921,"103","Tehama",4776.66591676875,5224.39196343667,447.726046667916,9.37319156225997
"cliswa","Cliff Swallow",-2.76391280872578,-4.57931836107799,-1.10154233136263,"103","Tehama",4776.66591676875,5224.39196343667,447.726046667916,9.37319156225997
"cliswa","Cliff Swallow",-2.98096487124506,-4.04663552654012,-1.39287924559541,"103","Tehama",4776.66591676875,5224.39196343667,447.726046667916,9.37319156225997
"cliswa","Cliff Swallow",-5.03168398360042,-6.37739386024012,-0.16823566803641,"007","Butte",17305.4807113162,13250.4978645403,-4054.98284677592,-23.4317839210575
"cliswa","Cliff Swallow",-2.7442028291265,-4.66277125807092,-1.16382390462601,"021","Glenn",12806.2711332137,12293.6018092067,-512.669324007084,-4.00326776369312
"cliswa","Cliff Swallow",-1.7484955561566,-3.0686495222462,-0.470620963774888,"021","Glenn",12806.2711332137,12293.6018092067,-512.669324007084,-4.00326776369312
"cliswa","Cliff Swallow",-2.93236730123127,-4.6477952820895,-0.7580276789738,"007","Butte",17305.4807113162,13250.4978645403,-4054.98284677592,-23.4317839210575
"cliswa","Cliff Swallow",-2.65941586573219,-3.62173326748257,-1.31411947401341,"007","Butte",17305.4807113162,13250.4978645403,-4054.98284677592,-23.4317839210575
"cliswa","Cliff Swallow",-1.55028190338424,-3.64691326261553,0.761963669967763,"007","Butte",17305.4807113162,13250.4978645403,-4054.98284677592,-23.4317839210575
"cliswa","Cliff Swallow",-0.321785988256909,-2.5924929319436,1.78063423707115,"033","Lake",1718.69798919125,1912.59252373333,193.894534542083,11.2814779421091
"cliswa","Cliff Swallow",-1.24759032785103,-3.05669650536448,-0.163309503995386,"021","Glenn",12806.2711332137,12293.6018092067,-512.669324007084,-4.00326776369312
"cliswa","Cliff Swallow",-0.314474157185608,-1.87167676165729,1.34393826600992,"021","Glenn",12806.2711332137,12293.6018092067,-512.669324007084,-4.00326776369312
"cliswa","Cliff Swallow",-0.232010696015027,-2.28498729476952,1.61804132425624,"021","Glenn",12806.2711332137,12293.6018092067,-512.669324007084,-4.00326776369312
"cliswa","Cliff Swallow",-2.85894415083903,-4.07169139096658,-1.8573174200683,"007","Butte",17305.4807113162,13250.4978645403,-4054.98284677592,-23.4317839210575
"cliswa","Cliff Swallow",-2.52208930242813,-5.16662880220562,0.367247015789612,"007","Butte",17305.4807113162,13250.4978645403,-4054.98284677592,-23.4317839210575
"cliswa","Cliff Swallow",-0.253624595530733,-3.15032232130186,2.84793918407307,"011","Colusa",10797.5699021237,11436.1834091,638.613506976251,5.9144188253937
"cliswa","Cliff Swallow",-2.15192286459035,-4.32951371158946,-0.813202323985766,"011","Colusa",10797.5699021237,11436.1834091,638.613506976251,5.9144188253937
"cliswa","Cliff Swallow",-1.58201007032228,-2.70504620037638,0.398201142624433,"011","Colusa",10797.5699021237,11436.1834091,638.613506976251,5.9144188253937
"cliswa","Cliff Swallow",-1.54453827738602,-2.93915939126754,-0.200985099494386,"101","Sutter",10166.2668812465,11085.6980230267,919.431141780167,9.04394063740568
"cliswa","Cliff Swallow",-1.57959367520343,-2.83101178165987,-0.44405592485234,"115","Yuba",4677.3119707775,5894.797938218,1217.4859674405,26.0296079253854
"cliswa","Cliff Swallow",-4.84254891809757,-7.62814556380838,-2.39320812262342,"057","Nevada",584.85944172875,614.976583328333,30.1171415995833,5.14946659842951
"cliswa","Cliff Swallow",-4.29528816512066,-7.24718798815953,-2.83705695782442,"057","Nevada",584.85944172875,614.976583328333,30.1171415995833,5.14946659842951
"cliswa","Cliff Swallow",-4.83311050524855,-7.50416179434243,-2.63154279732834,"061","Placer",8323.73077271625,25886.6366847517,17562.9059120354,210.998005480951
"cliswa","Cliff Swallow",-5.20143655306302,-6.69749278214712,-3.08624919497723,"061","Placer",8323.73077271625,25886.6366847517,17562.9059120354,210.998005480951
"cliswa","Cliff Swallow",-2.95188470968698,-5.05727061966999,-0.864848206054078,"033","Lake",1718.69798919125,1912.59252373333,193.894534542083,11.2814779421091
"cliswa","Cliff Swallow",-1.82099020540606,-2.96102323966306,-0.498864548321901,"033","Lake",1718.69798919125,1912.59252373333,193.894534542083,11.2814779421091
"cliswa","Cliff Swallow",-2.06477823500878,-4.51318624603965,-1.0008058540626,"011","Colusa",10797.5699021237,11436.1834091,638.613506976251,5.9144188253937
"cliswa","Cliff Swallow",-0.138053066104981,-2.27823863558293,1.1506461109977,"011","Colusa",10797.5699021237,11436.1834091,638.613506976251,5.9144188253937
"cliswa","Cliff Swallow",-1.46037393717544,-3.01083915010114,-0.103126005586174,"101","Sutter",10166.2668812465,11085.6980230267,919.431141780167,9.04394063740568
"cliswa","Cliff Swallow",-2.40254042300837,-3.43429246009324,-1.55649905320938,"115","Yuba",4677.3119707775,5894.797938218,1217.4859674405,26.0296079253854
"cliswa","Cliff Swallow",-3.2440205501289,-6.30226230521678,-2.12079984876343,"057","Nevada",584.85944172875,614.976583328333,30.1171415995833,5.14946659842951
"cliswa","Cliff Swallow",-2.2456897899724,-4.86033584586722,-0.132692220705608,"061","Placer",8323.73077271625,25886.6366847517,17562.9059120354,210.998005480951
"cliswa","Cliff Swallow",1.67938661460915,0.0341267916365922,3.65488776027135,"061","Placer",8323.73077271625,25886.6366847517,17562.9059120354,210.998005480951
"cliswa","Cliff Swallow",-3.66197194509668,-5.54530980348764,-1.34975632620513,"097","Sonoma",2256.6156008515,3675.98983904567,1419.37423819417,62.8983614957987
"cliswa","Cliff Swallow",-1.83237804114537,-4.01237569362543,0.625325885091319,"097","Sonoma",2256.6156008515,3675.98983904567,1419.37423819417,62.8983614957987
"cliswa","Cliff Swallow",-3.42516758230031,-5.34022482779034,-0.629089525040118,"033","Lake",1718.69798919125,1912.59252373333,193.894534542083,11.2814779421091
"cliswa","Cliff Swallow",-0.812193198792836,-2.25905565237055,0.149245711937437,"113","Yolo",10252.8175544867,10895.0128914133,642.195336926585,6.26359860120161
"cliswa","Cliff Swallow",-0.620274126175576,-2.48456198305293,1.21065641613189,"113","Yolo",10252.8175544867,10895.0128914133,642.195336926585,6.26359860120161
"cliswa","Cliff Swallow",0.180877825016608,-1.69126568885657,1.9468069678393,"101","Sutter",10166.2668812465,11085.6980230267,919.431141780167,9.04394063740568
"cliswa","Cliff Swallow",-2.65791114071056,-3.83030229630905,-1.51508028990567,"061","Placer",8323.73077271625,25886.6366847517,17562.9059120354,210.998005480951
"cliswa","Cliff Swallow",-3.44823955062437,-4.55507829413866,-2.25406128749612,"003","Alpine",59.5949305375,8.86230470833334,-50.7326258291667,-85.1290963368826
"cliswa","Cliff Swallow",-0.54801962945022,-2.64443200386689,1.77908989833124,"097","Sonoma",2256.6156008515,3675.98983904567,1419.37423819417,62.8983614957987
"cliswa","Cliff Swallow",-4.47878879164305,-5.83202566414825,-1.42009395644305,"097","Sonoma",2256.6156008515,3675.98983904567,1419.37423819417,62.8983614957987
"cliswa","Cliff Swallow",-3.43136423525484,-5.61681677506361,-1.75727707494605,"097","Sonoma",2256.6156008515,3675.98983904567,1419.37423819417,62.8983614957987
"cliswa","Cliff Swallow",-3.28216782838251,-4.82605829490209,-1.60109546631366,"055","Napa",469.19231620375,817.717455058333,348.525138854583,74.281936600009
"cliswa","Cliff Swallow",-0.23255918573656,-0.991313754430866,0.785171983203515,"113","Yolo",10252.8175544867,10895.0128914133,642.195336926585,6.26359860120161
"cliswa","Cliff Swallow",-0.912186398004364,-2.7257687817935,0.356388781110336,"113","Yolo",10252.8175544867,10895.0128914133,642.195336926585,6.26359860120161
"cliswa","Cliff Swallow",-1.38681583653856,-2.60305082268694,0.500321289886772,"067","Sacramento",27168.475418409,38155.3438019967,10986.8683835877,40.4397678352724
"cliswa","Cliff Swallow",-2.75253598700594,-3.6130958672435,-1.80008931501661,"067","Sacramento",27168.475418409,38155.3438019967,10986.8683835877,40.4397678352724
"cliswa","Cliff Swallow",-2.52703922541784,-5.65376394584606,-0.985184580751823,"003","Alpine",59.5949305375,8.86230470833334,-50.7326258291667,-85.1290963368826
"cliswa","Cliff Swallow",-1.46019636418512,-3.60880772442003,0.495239183514368,"003","Alpine",59.5949305375,8.86230470833334,-50.7326258291667,-85.1290963368826
"cliswa","Cliff Swallow",-1.82807405852538,-2.73647206259627,-0.678273012429519,"097","Sonoma",2256.6156008515,3675.98983904567,1419.37423819417,62.8983614957987
"cliswa","Cliff Swallow",-1.77114295718425,-2.78550614483193,-0.802685483152773,"097","Sonoma",2256.6156008515,3675.98983904567,1419.37423819417,62.8983614957987
"cliswa","Cliff Swallow",-0.897017716976608,-2.14303236159681,0.262200361998953,"055","Napa",469.19231620375,817.717455058333,348.525138854583,74.281936600009
"cliswa","Cliff Swallow",-2.25497633112786,-3.70043446544043,-1.42642500334124,"095","Solano",7388.3827048315,6514.78400811667,-873.598696714833,-11.8239502691646
"cliswa","Cliff Swallow",-0.801984174853405,-1.82962199001205,0.832806479024581,"113","Yolo",10252.8175544867,10895.0128914133,642.195336926585,6.26359860120161
"cliswa","Cliff Swallow",-1.82250085000431,-3.30351466945244,-0.478236684856089,"067","Sacramento",27168.475418409,38155.3438019967,10986.8683835877,40.4397678352724
"cliswa","Cliff Swallow",-1.70615122069405,-3.55477521017857,-0.580075833644152,"067","Sacramento",27168.475418409,38155.3438019967,10986.8683835877,40.4397678352724
"cliswa","Cliff Swallow",-2.2047845119835,-3.90494237364447,-1.10407446539599,"095","Solano",7388.3827048315,6514.78400811667,-873.598696714833,-11.8239502691646
"cliswa","Cliff Swallow",-2.68104797337565,-3.36512052517689,-1.94606533811585,"095","Solano",7388.3827048315,6514.78400811667,-873.598696714833,-11.8239502691646
"cliswa","Cliff Swallow",-1.87960266444516,-3.07753120322779,-0.31169493681044,"077","San Joaquin",33031.4631906315,75878.7690705583,42847.3058799268,129.716645104839
"cliswa","Cliff Swallow",-1.65722717003731,-2.94597850959249,-0.668412445899345,"077","San Joaquin",33031.4631906315,75878.7690705583,42847.3058799268,129.716645104839
"cliswa","Cliff Swallow",-1.6927019183077,-2.89260706071248,-0.455771732986407,"077","San Joaquin",33031.4631906315,75878.7690705583,42847.3058799268,129.716645104839
"cliswa","Cliff Swallow",-1.83709102581935,-4.18733903142364,-0.111602146120751,"077","San Joaquin",33031.4631906315,75878.7690705583,42847.3058799268,129.716645104839
"cliswa","Cliff Swallow",-2.29945494023298,-4.28027719598338,-1.0696538600266,"099","Stanislaus",37276.3724203613,58401.425535015,21125.0531146537,56.6714294954161
"cliswa","Cliff Swallow",-3.10214115481057,-5.66464443508311,-1.40353316046266,"001","Alameda",3984.5234863695,9475.54966687166,5491.02618050216,137.808854666968
"cliswa","Cliff Swallow",-2.83879769593568,-4.16852923372047,-1.73406634964185,"001","Alameda",3984.5234863695,9475.54966687166,5491.02618050216,137.808854666968
"cliswa","Cliff Swallow",-1.73230579062388,-3.32817670621677,0.392378697095522,"077","San Joaquin",33031.4631906315,75878.7690705583,42847.3058799268,129.716645104839
"cliswa","Cliff Swallow",-1.76620689188956,-3.35725364977658,-0.357785748939192,"099","Stanislaus",37276.3724203613,58401.425535015,21125.0531146537,56.6714294954161
"cliswa","Cliff Swallow",-1.60052324603362,-2.9036054295736,-0.691572672032359,"099","Stanislaus",37276.3724203613,58401.425535015,21125.0531146537,56.6714294954161
"cliswa","Cliff Swallow",-2.83271267968812,-4.23743717553621,-1.36122915199843,"099","Stanislaus",37276.3724203613,58401.425535015,21125.0531146537,56.6714294954161
"cliswa","Cliff Swallow",0.618933121903613,-1.18352421502428,3.04968533721884,"039","Madera",39564.0858945838,34763.5345316233,-4800.55136296042,-12.1336086868055
"cliswa","Cliff Swallow",-3.66514073463268,-4.52702123964368,-2.36317284435523,"085","Santa Clara",19892.1976778343,23263.3744339317,3371.17675609741,16.9472313250431
"cliswa","Cliff Swallow",-1.6516972753034,-3.92889908707796,0.15696255776186,"085","Santa Clara",19892.1976778343,23263.3744339317,3371.17675609741,16.9472313250431
"cliswa","Cliff Swallow",0.201215364978699,-2.03742256652862,2.04891146908403,"099","Stanislaus",37276.3724203613,58401.425535015,21125.0531146537,56.6714294954161
"cliswa","Cliff Swallow",-0.964598294439497,-2.75410806825249,0.567601936224434,"099","Stanislaus",37276.3724203613,58401.425535015,21125.0531146537,56.6714294954161
"cliswa","Cliff Swallow",-1.23547172543169,-2.95145997366311,-0.357614937483283,"047","Merced",23606.1950159562,24287.3476291183,681.152613162085,2.88548244518725
"cliswa","Cliff Swallow",-2.76429248400571,-3.54522563468045,-1.89933426030469,"047","Merced",23606.1950159562,24287.3476291183,681.152613162085,2.88548244518725
"cliswa","Cliff Swallow",-1.64352927239626,-5.49296164188116,-0.551500184928901,"039","Madera",39564.0858945838,34763.5345316233,-4800.55136296042,-12.1336086868055
"cliswa","Cliff Swallow",2.8066448948522,1.38109377775083,4.13087504220548,"019","Fresno",99213.3422313488,113741.823802775,14528.4815714259,14.6436771957021
"cliswa","Cliff Swallow",-0.240495198509721,-2.01317883475397,2.16785864251398,"087","Santa Cruz",3112.116775988,2301.77151022833,-810.345265759667,-26.0383952174291
"cliswa","Cliff Swallow",-2.82397446340078,-5.29966318065412,-0.93461422740697,"085","Santa Clara",19892.1976778343,23263.3744339317,3371.17675609741,16.9472313250431
"cliswa","Cliff Swallow",-3.6408573547216,-4.99249899098039,-2.55827375017691,"085","Santa Clara",19892.1976778343,23263.3744339317,3371.17675609741,16.9472313250431
"cliswa","Cliff Swallow",-0.68328416819862,-1.82104425151668,0.62957605281173,"085","Santa Clara",19892.1976778343,23263.3744339317,3371.17675609741,16.9472313250431
"cliswa","Cliff Swallow",-0.838746945649178,-2.69372320049426,0.671522013015615,"047","Merced",23606.1950159562,24287.3476291183,681.152613162085,2.88548244518725
"cliswa","Cliff Swallow",-1.55538081894881,-4.29830248808816,-0.210921882816726,"047","Merced",23606.1950159562,24287.3476291183,681.152613162085,2.88548244518725
"cliswa","Cliff Swallow",-1.03016512572405,-3.52518053061352,0.572535942469968,"039","Madera",39564.0858945838,34763.5345316233,-4800.55136296042,-12.1336086868055
"cliswa","Cliff Swallow",-1.03794431066971,-1.96404872280689,-0.159361720712579,"039","Madera",39564.0858945838,34763.5345316233,-4800.55136296042,-12.1336086868055
"cliswa","Cliff Swallow",-2.62041040601235,-4.52806541956214,-0.890945572136641,"039","Madera",39564.0858945838,34763.5345316233,-4800.55136296042,-12.1336086868055
"cliswa","Cliff Swallow",1.17645671014172,0.316630507146712,1.83105997203094,"019","Fresno",99213.3422313488,113741.823802775,14528.4815714259,14.6436771957021
"cliswa","Cliff Swallow",-3.05396009262689,-4.28028690575498,-1.95290769783596,"053","Monterey",45840.9037836362,42337.8553829317,-3503.04840070458,-7.64175247774032
"cliswa","Cliff Swallow",-2.4092626708766,-4.07062223881422,-0.988955858359347,"069","San Benito",3579.11739903375,2796.1208155,-782.99658353375,-21.8768063809568
"cliswa","Cliff Swallow",-1.15022283075252,-3.48245430158134,0.123903188212525,"047","Merced",23606.1950159562,24287.3476291183,681.152613162085,2.88548244518725
"cliswa","Cliff Swallow",-0.913870667838927,-2.54429781313998,0.324433032797223,"047","Merced",23606.1950159562,24287.3476291183,681.152613162085,2.88548244518725
"cliswa","Cliff Swallow",1.88215820755105,0.836409649516677,4.06437941121491,"019","Fresno",99213.3422313488,113741.823802775,14528.4815714259,14.6436771957021
"cliswa","Cliff Swallow",-2.06648794098081,-3.78497332213977,1.04688080221494,"039","Madera",39564.0858945838,34763.5345316233,-4800.55136296042,-12.1336086868055
"cliswa","Cliff Swallow",-0.636259788604061,-1.88251780675036,0.526236774374586,"039","Madera",39564.0858945838,34763.5345316233,-4800.55136296042,-12.1336086868055
"cliswa","Cliff Swallow",-1.79474981017993,-2.74169128964339,-0.84671687004643,"019","Fresno",99213.3422313488,113741.823802775,14528.4815714259,14.6436771957021
"cliswa","Cliff Swallow",-2.81028099451093,-4.13563978154026,-1.71961722591223,"019","Fresno",99213.3422313488,113741.823802775,14528.4815714259,14.6436771957021
"cliswa","Cliff Swallow",0.921408738285218,-0.529811886257685,2.49409603357617,"019","Fresno",99213.3422313488,113741.823802775,14528.4815714259,14.6436771957021
"cliswa","Cliff Swallow",-0.90547952951319,-2.90543374377973,1.61688558258239,"019","Fresno",99213.3422313488,113741.823802775,14528.4815714259,14.6436771957021
"cliswa","Cliff Swallow",-2.32239538974545,-3.7884043490398,-1.27401695132763,"053","Monterey",45840.9037836362,42337.8553829317,-3503.04840070458,-7.64175247774032
"cliswa","Cliff Swallow",-2.34524598534372,-4.07624589283527,-0.311155290049114,"053","Monterey",45840.9037836362,42337.8553829317,-3503.04840070458,-7.64175247774032
"cliswa","Cliff Swallow",-3.30064953067971,-5.53751786186804,-1.78732135949599,"069","San Benito",3579.11739903375,2796.1208155,-782.99658353375,-21.8768063809568
"cliswa","Cliff Swallow",-0.199241552349075,-2.19513834532078,0.931436472665128,"019","Fresno",99213.3422313488,113741.823802775,14528.4815714259,14.6436771957021
"cliswa","Cliff Swallow",0.867998264423852,-0.755920109698287,2.58185022439279,"019","Fresno",99213.3422313488,113741.823802775,14528.4815714259,14.6436771957021
"cliswa","Cliff Swallow",-2.18844896436263,-4.05653148727575,0.223989005505411,"019","Fresno",99213.3422313488,113741.823802775,14528.4815714259,14.6436771957021
"cliswa","Cliff Swallow",-2.51498978884684,-3.76842079223302,-0.793975293254972,"019","Fresno",99213.3422313488,113741.823802775,14528.4815714259,14.6436771957021
"cliswa","Cliff Swallow",-2.42568723980651,-3.83806079366685,-1.22553927208282,"019","Fresno",99213.3422313488,113741.823802775,14528.4815714259,14.6436771957021
"cliswa","Cliff Swallow",-1.51712041581679,-2.72984965599369,-0.483829115001305,"107","Tulare",45608.8348387387,49051.71667439,3442.88183565126,7.54871692693842
"cliswa","Cliff Swallow",-0.273560402995228,-1.91489035873227,1.23684701236058,"107","Tulare",45608.8348387387,49051.71667439,3442.88183565126,7.54871692693842
"cliswa","Cliff Swallow",-1.07537394789843,-4.55849954319889,0.500805187470642,"053","Monterey",45840.9037836362,42337.8553829317,-3503.04840070458,-7.64175247774032
"cliswa","Cliff Swallow",-3.51564460578033,-5.38416394674147,-1.65210260243422,"053","Monterey",45840.9037836362,42337.8553829317,-3503.04840070458,-7.64175247774032
"cliswa","Cliff Swallow",-2.05713692768987,-3.41195417507972,-0.659047787989928,"053","Monterey",45840.9037836362,42337.8553829317,-3503.04840070458,-7.64175247774032
"cliswa","Cliff Swallow",-2.93646796675016,-5.55227224331311,-1.78125431147273,"069","San Benito",3579.11739903375,2796.1208155,-782.99658353375,-21.8768063809568
"cliswa","Cliff Swallow",-3.79925817618256,-5.75209026331248,-1.84378966663271,"069","San Benito",3579.11739903375,2796.1208155,-782.99658353375,-21.8768063809568
"cliswa","Cliff Swallow",-1.16353916107183,-2.58908195876346,0.245058519634986,"019","Fresno",99213.3422313488,113741.823802775,14528.4815714259,14.6436771957021
"cliswa","Cliff Swallow",-0.0853045841860196,-1.85234957092105,2.24227184787758,"019","Fresno",99213.3422313488,113741.823802775,14528.4815714259,14.6436771957021
"cliswa","Cliff Swallow",-1.38428145596958,-2.73877257919455,0.506234110261048,"019","Fresno",99213.3422313488,113741.823802775,14528.4815714259,14.6436771957021
"cliswa","Cliff Swallow",-1.5620516014334,-3.01685640174476,0.0146939931279137,"107","Tulare",45608.8348387387,49051.71667439,3442.88183565126,7.54871692693842
"cliswa","Cliff Swallow",-2.24951714264599,-3.34456171742883,-0.696675785871645,"107","Tulare",45608.8348387387,49051.71667439,3442.88183565126,7.54871692693842
"cliswa","Cliff Swallow",-0.773193176577509,-2.70434193432233,0.863527833204726,"107","Tulare",45608.8348387387,49051.71667439,3442.88183565126,7.54871692693842
"cliswa","Cliff Swallow",-0.388851053575549,-3.1133997837569,3.59342543148886,"107","Tulare",45608.8348387387,49051.71667439,3442.88183565126,7.54871692693842
"cliswa","Cliff Swallow",-1.96703037334947,-3.32946658665624,0.808561892033819,"107","Tulare",45608.8348387387,49051.71667439,3442.88183565126,7.54871692693842
"cliswa","Cliff Swallow",-2.34136824239202,-3.69936766637252,-0.958703210255905,"053","Monterey",45840.9037836362,42337.8553829317,-3503.04840070458,-7.64175247774032
"cliswa","Cliff Swallow",-3.9048803119589,-5.35422986285176,-2.30780615280567,"053","Monterey",45840.9037836362,42337.8553829317,-3503.04840070458,-7.64175247774032
"cliswa","Cliff Swallow",-0.592167703205877,-2.92104702578746,0.619314356252106,"053","Monterey",45840.9037836362,42337.8553829317,-3503.04840070458,-7.64175247774032
"cliswa","Cliff Swallow",-4.32725802085352,-6.20759196423582,-2.63525626688521,"019","Fresno",99213.3422313488,113741.823802775,14528.4815714259,14.6436771957021
"cliswa","Cliff Swallow",-2.78835555665516,-4.99445931444284,-1.07136061955591,"019","Fresno",99213.3422313488,113741.823802775,14528.4815714259,14.6436771957021
"cliswa","Cliff Swallow",0.477686537303489,-0.635760562468832,2.28329210075927,"019","Fresno",99213.3422313488,113741.823802775,14528.4815714259,14.6436771957021
"cliswa","Cliff Swallow",-1.77976440726858,-3.18130688396802,-0.0555411278342482,"031","Kings",29227.06055423,30053.4240530433,826.363498813334,2.82739174977942
"cliswa","Cliff Swallow",-0.891417347766364,-2.23326080503998,0.411715140686041,"107","Tulare",45608.8348387387,49051.71667439,3442.88183565126,7.54871692693842
"cliswa","Cliff Swallow",-0.743793772763249,-1.72434269874782,0.372676449543253,"107","Tulare",45608.8348387387,49051.71667439,3442.88183565126,7.54871692693842
"cliswa","Cliff Swallow",-1.17631632334726,-3.40460424954928,0.99034067257279,"107","Tulare",45608.8348387387,49051.71667439,3442.88183565126,7.54871692693842
"cliswa","Cliff Swallow",2.61617820226575,0.867155821259234,3.85714107578221,"107","Tulare",45608.8348387387,49051.71667439,3442.88183565126,7.54871692693842
"cliswa","Cliff Swallow",-1.68499772408936,-4.41339137992352,-0.0366025841802455,"107","Tulare",45608.8348387387,49051.71667439,3442.88183565126,7.54871692693842
"cliswa","Cliff Swallow",0.152280999423674,-1.77789765758234,2.69211088432729,"053","Monterey",45840.9037836362,42337.8553829317,-3503.04840070458,-7.64175247774032
"cliswa","Cliff Swallow",-3.5700386351959,-5.37535197759486,-2.08378504230024,"053","Monterey",45840.9037836362,42337.8553829317,-3503.04840070458,-7.64175247774032
"cliswa","Cliff Swallow",-2.69339963782849,-4.69801243188336,-0.755013844376456,"053","Monterey",45840.9037836362,42337.8553829317,-3503.04840070458,-7.64175247774032
"cliswa","Cliff Swallow",-2.62400075385064,-5.01161955819843,-1.32461217158203,"053","Monterey",45840.9037836362,42337.8553829317,-3503.04840070458,-7.64175247774032
"cliswa","Cliff Swallow",-0.940616892716715,-2.74204080443809,0.886930898916975,"031","Kings",29227.06055423,30053.4240530433,826.363498813334,2.82739174977942
"cliswa","Cliff Swallow",-1.73599252421968,-2.80965345318998,-0.53244574003768,"031","Kings",29227.06055423,30053.4240530433,826.363498813334,2.82739174977942
"cliswa","Cliff Swallow",-3.17376651075965,-4.47223264195479,-1.92342956192116,"031","Kings",29227.06055423,30053.4240530433,826.363498813334,2.82739174977942
"cliswa","Cliff Swallow",-1.84840725341062,-3.43603306613484,-0.334253460099115,"107","Tulare",45608.8348387387,49051.71667439,3442.88183565126,7.54871692693842
"cliswa","Cliff Swallow",-1.38285904122754,-2.86496849217407,0.190249712266884,"107","Tulare",45608.8348387387,49051.71667439,3442.88183565126,7.54871692693842
"cliswa","Cliff Swallow",0.527545162665981,-1.23800666659627,2.41462429293719,"107","Tulare",45608.8348387387,49051.71667439,3442.88183565126,7.54871692693842
"cliswa","Cliff Swallow",-1.28814849187391,-3.29651525411961,0.450876058236871,"107","Tulare",45608.8348387387,49051.71667439,3442.88183565126,7.54871692693842
"cliswa","Cliff Swallow",-1.74313877515085,-3.54396734410186,-0.484342709880484,"107","Tulare",45608.8348387387,49051.71667439,3442.88183565126,7.54871692693842
"cliswa","Cliff Swallow",-0.708568374465138,-2.41110602176398,0.933685749794553,"079","San Luis Obispo",6395.55790982775,5933.96905622033,-461.588853607417,-7.21733522103076
"cliswa","Cliff Swallow",-2.70831952119194,-4.01055433322182,-1.0658227503245,"079","San Luis Obispo",6395.55790982775,5933.96905622033,-461.588853607417,-7.21733522103076
"cliswa","Cliff Swallow",-2.89722522901105,-4.34079356675932,-1.09203774029127,"079","San Luis Obispo",6395.55790982775,5933.96905622033,-461.588853607417,-7.21733522103076
"cliswa","Cliff Swallow",-2.1027058099723,-3.57634067216501,-0.56045130735381,"029","Kern",74601.1518842987,69507.1159327667,-5094.03595153207,-6.82836098755227
"cliswa","Cliff Swallow",-2.16384941159916,-3.543265495024,-0.396254695671191,"029","Kern",74601.1518842987,69507.1159327667,-5094.03595153207,-6.82836098755227
"cliswa","Cliff Swallow",-1.99562293224671,-3.60191239026652,-0.354274438433006,"029","Kern",74601.1518842987,69507.1159327667,-5094.03595153207,-6.82836098755227
"cliswa","Cliff Swallow",-1.6011080836232,-3.49529801146062,-0.193026833368949,"029","Kern",74601.1518842987,69507.1159327667,-5094.03595153207,-6.82836098755227
"cliswa","Cliff Swallow",-1.63522735386924,-3.50721211826463,-0.135567266914119,"029","Kern",74601.1518842987,69507.1159327667,-5094.03595153207,-6.82836098755227
"cliswa","Cliff Swallow",1.39949448072323,-0.0192375660780874,2.42784808288253,"029","Kern",74601.1518842987,69507.1159327667,-5094.03595153207,-6.82836098755227
"cliswa","Cliff Swallow",-1.12508531817037,-1.88484426001108,-0.180694750122204,"029","Kern",74601.1518842987,69507.1159327667,-5094.03595153207,-6.82836098755227
"cliswa","Cliff Swallow",-2.85597595069452,-4.80133245017961,-1.50930397444282,"029","Kern",74601.1518842987,69507.1159327667,-5094.03595153207,-6.82836098755227
"cliswa","Cliff Swallow",-1.75457000472559,-3.92708150856249,0.652876231021843,"029","Kern",74601.1518842987,69507.1159327667,-5094.03595153207,-6.82836098755227
"cliswa","Cliff Swallow",-2.06864377332577,-3.2612635084802,-0.553390861892908,"079","San Luis Obispo",6395.55790982775,5933.96905622033,-461.588853607417,-7.21733522103076
"cliswa","Cliff Swallow",-3.17496459301065,-4.92134978216187,-1.82150758105428,"079","San Luis Obispo",6395.55790982775,5933.96905622033,-461.588853607417,-7.21733522103076
"cliswa","Cliff Swallow",-0.935717905257397,-2.69168227314721,-0.0198990444523223,"079","San Luis Obispo",6395.55790982775,5933.96905622033,-461.588853607417,-7.21733522103076
"cliswa","Cliff Swallow",-1.81681094625809,-3.85933648476354,0.35444345024881,"029","Kern",74601.1518842987,69507.1159327667,-5094.03595153207,-6.82836098755227
"cliswa","Cliff Swallow",-0.995403499244435,-2.43925060787368,0.86077744842657,"029","Kern",74601.1518842987,69507.1159327667,-5094.03595153207,-6.82836098755227
"cliswa","Cliff Swallow",-1.05626485848639,-2.29540924036997,0.72526990086203,"029","Kern",74601.1518842987,69507.1159327667,-5094.03595153207,-6.82836098755227
"cliswa","Cliff Swallow",-3.2151284627833,-4.57672890987739,-2.17376961389925,"029","Kern",74601.1518842987,69507.1159327667,-5094.03595153207,-6.82836098755227
"cliswa","Cliff Swallow",-1.5172544522909,-3.93350113232584,0.345111166253215,"029","Kern",74601.1518842987,69507.1159327667,-5094.03595153207,-6.82836098755227
"cliswa","Cliff Swallow",-1.29298786628307,-3.31780832063431,0.856088939886591,"029","Kern",74601.1518842987,69507.1159327667,-5094.03595153207,-6.82836098755227
"cliswa","Cliff Swallow",0.47238054348263,-2.67770872799483,2.56602082824013,"029","Kern",74601.1518842987,69507.1159327667,-5094.03595153207,-6.82836098755227
"cliswa","Cliff Swallow",-1.66720948444402,-2.20547483969588,-0.898222695735239,"079","San Luis Obispo",6395.55790982775,5933.96905622033,-461.588853607417,-7.21733522103076
"cliswa","Cliff Swallow",-4.12034426578279,-6.40365000161162,-2.45760492719187,"079","San Luis Obispo",6395.55790982775,5933.96905622033,-461.588853607417,-7.21733522103076
"cliswa","Cliff Swallow",-3.45852645112968,-5.09899825510308,-0.61040221033594,"079","San Luis Obispo",6395.55790982775,5933.96905622033,-461.588853607417,-7.21733522103076
"cliswa","Cliff Swallow",-0.452477148903928,-2.13653814851886,0.714912072461976,"079","San Luis Obispo",6395.55790982775,5933.96905622033,-461.588853607417,-7.21733522103076
"cliswa","Cliff Swallow",-4.6919538343533,-5.78971297187288,-3.38157254052626,"029","Kern",74601.1518842987,69507.1159327667,-5094.03595153207,-6.82836098755227
"cliswa","Cliff Swallow",-0.107194805751365,-1.94435809982516,2.08865668384419,"029","Kern",74601.1518842987,69507.1159327667,-5094.03595153207,-6.82836098755227
"cliswa","Cliff Swallow",-1.86506137972823,-3.38688610246032,0.0761078530072381,"029","Kern",74601.1518842987,69507.1159327667,-5094.03595153207,-6.82836098755227
"cliswa","Cliff Swallow",-1.33459365668583,-2.08409417668613,0.79084262421612,"029","Kern",74601.1518842987,69507.1159327667,-5094.03595153207,-6.82836098755227
"cliswa","Cliff Swallow",-3.21734375728975,-4.46922467125926,-1.63545667284604,"029","Kern",74601.1518842987,69507.1159327667,-5094.03595153207,-6.82836098755227
"cliswa","Cliff Swallow",-2.51709951444909,-5.59108911362492,0.0580245398833041,"029","Kern",74601.1518842987,69507.1159327667,-5094.03595153207,-6.82836098755227
"cliswa","Cliff Swallow",0.575691326583191,-1.96084803614607,2.38718263619978,"029","Kern",74601.1518842987,69507.1159327667,-5094.03595153207,-6.82836098755227
"cliswa","Cliff Swallow",-1.77804926747045,-2.93783827471514,-0.422208788610286,"083","Santa Barbara",15785.533502095,14671.0945875333,-1114.43891456167,-7.0598748810977
"cliswa","Cliff Swallow",-2.18091205221606,-3.46865052388868,-0.898564195537624,"083","Santa Barbara",15785.533502095,14671.0945875333,-1114.43891456167,-7.0598748810977
"cliswa","Cliff Swallow",-3.39281755868165,-5.68523285189566,-1.64125351836455,"083","Santa Barbara",15785.533502095,14671.0945875333,-1114.43891456167,-7.0598748810977
"cliswa","Cliff Swallow",-0.965054716614147,-3.30980907309722,1.05306721157896,"083","Santa Barbara",15785.533502095,14671.0945875333,-1114.43891456167,-7.0598748810977
"cliswa","Cliff Swallow",-1.07897335588883,-2.48978809784313,-0.00219842273881693,"029","Kern",74601.1518842987,69507.1159327667,-5094.03595153207,-6.82836098755227
"cliswa","Cliff Swallow",-1.42360585772193,-2.90267802143583,0.0346250291959088,"029","Kern",74601.1518842987,69507.1159327667,-5094.03595153207,-6.82836098755227
"cliswa","Cliff Swallow",0.0916336721783366,-1.97020048484395,1.60172900778541,"029","Kern",74601.1518842987,69507.1159327667,-5094.03595153207,-6.82836098755227
"cliswa","Cliff Swallow",-0.345361870181219,-3.78005490690273,1.72768163939471,"029","Kern",74601.1518842987,69507.1159327667,-5094.03595153207,-6.82836098755227
"cliswa","Cliff Swallow",-6.10789774304556,-7.10157646206624,-5.12109681286345,"029","Kern",74601.1518842987,69507.1159327667,-5094.03595153207,-6.82836098755227
"cliswa","Cliff Swallow",-0.691334315672188,-2.02316237587922,0.856257276234144,"029","Kern",74601.1518842987,69507.1159327667,-5094.03595153207,-6.82836098755227
"cliswa","Cliff Swallow",-0.983541976591207,-3.1748263727567,1.04678920528637,"029","Kern",74601.1518842987,69507.1159327667,-5094.03595153207,-6.82836098755227
"cliswa","Cliff Swallow",-2.06272997696192,-3.36528794864707,-0.908027063852527,"083","Santa Barbara",15785.533502095,14671.0945875333,-1114.43891456167,-7.0598748810977
"cliswa","Cliff Swallow",-2.1563167034011,-3.95333583786265,-0.537765240683327,"083","Santa Barbara",15785.533502095,14671.0945875333,-1114.43891456167,-7.0598748810977
"cliswa","Cliff Swallow",-2.44352576581565,-4.61662296629261,-1.07658281912256,"083","Santa Barbara",15785.533502095,14671.0945875333,-1114.43891456167,-7.0598748810977
"cliswa","Cliff Swallow",-4.62204746337983,-7.56297167147622,-2.22333214035023,"083","Santa Barbara",15785.533502095,14671.0945875333,-1114.43891456167,-7.0598748810977
"cliswa","Cliff Swallow",-3.75749532578744,-6.32862667245219,-1.58980774780048,"111","Ventura",10411.114051394,9742.11075671667,-669.003294677335,-6.42585693879474
"cliswa","Cliff Swallow",-3.21045648987929,-4.43164759083676,-1.3805669071176,"111","Ventura",10411.114051394,9742.11075671667,-669.003294677335,-6.42585693879474
"cliswa","Cliff Swallow",0.692989010547903,-0.342110514355456,2.00570568725892,"083","Santa Barbara",15785.533502095,14671.0945875333,-1114.43891456167,-7.0598748810977
"cliswa","Cliff Swallow",-1.23428062211305,-2.5870976825377,-0.19638049245727,"083","Santa Barbara",15785.533502095,14671.0945875333,-1114.43891456167,-7.0598748810977
"cliswa","Cliff Swallow",-2.33517157559339,-3.34984828614696,-0.368338797041828,"083","Santa Barbara",15785.533502095,14671.0945875333,-1114.43891456167,-7.0598748810977
"cliswa","Cliff Swallow",-2.42248739560192,-4.30612237480993,-1.03512593993522,"083","Santa Barbara",15785.533502095,14671.0945875333,-1114.43891456167,-7.0598748810977
"cliswa","Cliff Swallow",-2.20365992815691,-4.09137212248184,-0.103458342316444,"111","Ventura",10411.114051394,9742.11075671667,-669.003294677335,-6.42585693879474
"cliswa","Cliff Swallow",-2.61767856449294,-4.62976274057095,-0.838250938881305,"111","Ventura",10411.114051394,9742.11075671667,-669.003294677335,-6.42585693879474
"cliswa","Cliff Swallow",-2.01787790380765,-3.36562963002078,-0.742641985137804,"111","Ventura",10411.114051394,9742.11075671667,-669.003294677335,-6.42585693879474
"cliswa","Cliff Swallow",-3.14941711684437,-4.1525450002432,-1.96224487407016,"111","Ventura",10411.114051394,9742.11075671667,-669.003294677335,-6.42585693879474
"cliswa","Cliff Swallow",-2.54814901572266,-3.72488946664258,-1.44085454968513,"111","Ventura",10411.114051394,9742.11075671667,-669.003294677335,-6.42585693879474
"cliswa","Cliff Swallow",0.538014463508183,-0.904525013140949,1.6147767767822,"083","Santa Barbara",15785.533502095,14671.0945875333,-1114.43891456167,-7.0598748810977
"cliswa","Cliff Swallow",0.628843150107452,-1.28338832670893,3.59194632172364,"083","Santa Barbara",15785.533502095,14671.0945875333,-1114.43891456167,-7.0598748810977
"treswa","Tree Swallow",2.12879178190119,0.62624918309046,4.16121890670782,"089","Shasta",1569.7237798975,1418.14744244567,-151.576337451833,-9.6562426710342
"treswa","Tree Swallow",1.04245187486737,-0.511809387765009,2.39348744802561,"089","Shasta",1569.7237798975,1418.14744244567,-151.576337451833,-9.6562426710342
"treswa","Tree Swallow",-0.348503722919726,-1.34824449272195,0.538170202412986,"089","Shasta",1569.7237798975,1418.14744244567,-151.576337451833,-9.6562426710342
"treswa","Tree Swallow",-0.0786277147831088,-1.3643423271084,0.901118300618773,"089","Shasta",1569.7237798975,1418.14744244567,-151.576337451833,-9.6562426710342
"treswa","Tree Swallow",1.32543675720463,-0.594129864231685,2.25135733955401,"089","Shasta",1569.7237798975,1418.14744244567,-151.576337451833,-9.6562426710342
"treswa","Tree Swallow",-0.318157106003347,-1.18548614222681,0.598059655434939,"089","Shasta",1569.7237798975,1418.14744244567,-151.576337451833,-9.6562426710342
"treswa","Tree Swallow",-1.6024811846535,-2.40193239686334,-0.796436698027788,"089","Shasta",1569.7237798975,1418.14744244567,-151.576337451833,-9.6562426710342
"treswa","Tree Swallow",-0.0690695573866325,-1.26033200224899,1.00934911039452,"089","Shasta",1569.7237798975,1418.14744244567,-151.576337451833,-9.6562426710342
"treswa","Tree Swallow",0.417407525849743,-1.42043425939851,1.69640712986678,"089","Shasta",1569.7237798975,1418.14744244567,-151.576337451833,-9.6562426710342
"treswa","Tree Swallow",-1.08816009733646,-2.45250635857015,-0.0677684459382244,"089","Shasta",1569.7237798975,1418.14744244567,-151.576337451833,-9.6562426710342
"treswa","Tree Swallow",-0.589482346850909,-1.66096991568411,0.788042283377186,"089","Shasta",1569.7237798975,1418.14744244567,-151.576337451833,-9.6562426710342
"treswa","Tree Swallow",0.477860359256819,-1.02276152518378,2.30514437820706,"089","Shasta",1569.7237798975,1418.14744244567,-151.576337451833,-9.6562426710342
"treswa","Tree Swallow",1.15897943975781,-0.523277437559293,2.47628745985749,"089","Shasta",1569.7237798975,1418.14744244567,-151.576337451833,-9.6562426710342
"treswa","Tree Swallow",-0.0567189792615343,-1.71059007755439,2.25777026885367,"103","Tehama",4776.66591676875,5224.39196343667,447.726046667916,9.37319156225997
"treswa","Tree Swallow",-1.45131304990725,-3.1196692498856,0.633551096528344,"103","Tehama",4776.66591676875,5224.39196343667,447.726046667916,9.37319156225997
"treswa","Tree Swallow",-1.19546903294993,-2.43691144202109,0.581657200805193,"103","Tehama",4776.66591676875,5224.39196343667,447.726046667916,9.37319156225997
"treswa","Tree Swallow",1.92010271924593,0.548250725027947,3.08150808752951,"103","Tehama",4776.66591676875,5224.39196343667,447.726046667916,9.37319156225997
"treswa","Tree Swallow",-0.279295439849242,-2.43446971636034,1.18844052056338,"103","Tehama",4776.66591676875,5224.39196343667,447.726046667916,9.37319156225997
"treswa","Tree Swallow",-1.04739684502911,-2.73758219391864,0.114321335346842,"103","Tehama",4776.66591676875,5224.39196343667,447.726046667916,9.37319156225997
"treswa","Tree Swallow",-0.586639435088367,-1.95921032192851,0.992379526745754,"103","Tehama",4776.66591676875,5224.39196343667,447.726046667916,9.37319156225997
"treswa","Tree Swallow",-1.14298514076333,-1.89534107274638,-0.119026257957625,"103","Tehama",4776.66591676875,5224.39196343667,447.726046667916,9.37319156225997
"treswa","Tree Swallow",1.19963736427366,-0.0609995065970938,2.97861450965866,"103","Tehama",4776.66591676875,5224.39196343667,447.726046667916,9.37319156225997
"treswa","Tree Swallow",-0.805812353229028,-2.31729314077232,0.932560190455489,"007","Butte",17305.4807113162,13250.4978645403,-4054.98284677592,-23.4317839210575
"treswa","Tree Swallow",-2.72953761858423,-3.59886768594361,-1.78474653062555,"021","Glenn",12806.2711332137,12293.6018092067,-512.669324007084,-4.00326776369312
"treswa","Tree Swallow",-1.23834329735482,-2.23407370581121,-0.316823499997807,"021","Glenn",12806.2711332137,12293.6018092067,-512.669324007084,-4.00326776369312
"treswa","Tree Swallow",-2.17019937199557,-2.88746286366402,-1.17118765379651,"007","Butte",17305.4807113162,13250.4978645403,-4054.98284677592,-23.4317839210575
"treswa","Tree Swallow",0.203436405620987,-1.35401003032493,1.98798012460491,"007","Butte",17305.4807113162,13250.4978645403,-4054.98284677592,-23.4317839210575
"treswa","Tree Swallow",3.19610143756666,1.6049242170527,4.24326140218498,"007","Butte",17305.4807113162,13250.4978645403,-4054.98284677592,-23.4317839210575
"treswa","Tree Swallow",1.36423318711162,0.0448258660625396,2.57770697026902,"033","Lake",1718.69798919125,1912.59252373333,193.894534542083,11.2814779421091
"treswa","Tree Swallow",-2.22676306845326,-3.09111914551427,-1.70800485834687,"021","Glenn",12806.2711332137,12293.6018092067,-512.669324007084,-4.00326776369312
"treswa","Tree Swallow",0.190335101336686,-1.02915189529477,1.10940548791083,"021","Glenn",12806.2711332137,12293.6018092067,-512.669324007084,-4.00326776369312
"treswa","Tree Swallow",-1.36647871729715,-3.22232957824753,0.0463427474440991,"021","Glenn",12806.2711332137,12293.6018092067,-512.669324007084,-4.00326776369312
"treswa","Tree Swallow",-0.586803295817163,-1.34075460746342,0.456838528549628,"007","Butte",17305.4807113162,13250.4978645403,-4054.98284677592,-23.4317839210575
"treswa","Tree Swallow",0.404171522619447,-0.38684306247978,0.894338952702599,"007","Butte",17305.4807113162,13250.4978645403,-4054.98284677592,-23.4317839210575
"treswa","Tree Swallow",-1.46764723178005,-3.3181424819863,0.392456537051326,"057","Nevada",584.85944172875,614.976583328333,30.1171415995833,5.14946659842951
"treswa","Tree Swallow",2.21083856075811,0.859700788244171,3.73040626891519,"011","Colusa",10797.5699021237,11436.1834091,638.613506976251,5.9144188253937
"treswa","Tree Swallow",-1.33284867184152,-2.22138109023383,-0.609775753125874,"011","Colusa",10797.5699021237,11436.1834091,638.613506976251,5.9144188253937
"treswa","Tree Swallow",-1.38539980138945,-3.05815117944061,0.0485729127980762,"011","Colusa",10797.5699021237,11436.1834091,638.613506976251,5.9144188253937
"treswa","Tree Swallow",-1.28927716785905,-2.09019273970902,-0.0492444585839819,"101","Sutter",10166.2668812465,11085.6980230267,919.431141780167,9.04394063740568
"treswa","Tree Swallow",-0.107864708898016,-1.02681843990769,0.74707915949646,"115","Yuba",4677.3119707775,5894.797938218,1217.4859674405,26.0296079253854
"treswa","Tree Swallow",-0.166742729915889,-1.3444930976434,0.901274770683377,"057","Nevada",584.85944172875,614.976583328333,30.1171415995833,5.14946659842951
"treswa","Tree Swallow",-0.832012803694258,-2.17581118927812,0.464198606662139,"057","Nevada",584.85944172875,614.976583328333,30.1171415995833,5.14946659842951
"treswa","Tree Swallow",-1.89034267333235,-2.90911832439159,0.200644104888796,"061","Placer",8323.73077271625,25886.6366847517,17562.9059120354,210.998005480951
"treswa","Tree Swallow",-0.619682578159171,-1.71839796697685,0.52655215743894,"061","Placer",8323.73077271625,25886.6366847517,17562.9059120354,210.998005480951
"treswa","Tree Swallow",-0.526000699413608,-2.34182890106245,0.798448899355174,"033","Lake",1718.69798919125,1912.59252373333,193.894534542083,11.2814779421091
"treswa","Tree Swallow",1.1664681243576,-0.0465282717756392,2.65196698237675,"033","Lake",1718.69798919125,1912.59252373333,193.894534542083,11.2814779421091
"treswa","Tree Swallow",-0.972824921560434,-2.66209170892623,1.03262956905774,"011","Colusa",10797.5699021237,11436.1834091,638.613506976251,5.9144188253937
"treswa","Tree Swallow",0.0036260924655982,-1.152064131021,1.2499429112447,"011","Colusa",10797.5699021237,11436.1834091,638.613506976251,5.9144188253937
"treswa","Tree Swallow",-1.39559426577511,-3.05540797810915,0.394111595324154,"101","Sutter",10166.2668812465,11085.6980230267,919.431141780167,9.04394063740568
"treswa","Tree Swallow",-1.76106208069207,-2.6898113941113,-0.928075807854148,"115","Yuba",4677.3119707775,5894.797938218,1217.4859674405,26.0296079253854
"treswa","Tree Swallow",-0.501038857461163,-1.78846023944907,0.690502903192777,"057","Nevada",584.85944172875,614.976583328333,30.1171415995833,5.14946659842951
"treswa","Tree Swallow",-0.23794692540491,-1.63307589512617,1.63361417650824,"061","Placer",8323.73077271625,25886.6366847517,17562.9059120354,210.998005480951
"treswa","Tree Swallow",0.384618057735859,-0.548991784092087,1.80788910923895,"061","Placer",8323.73077271625,25886.6366847517,17562.9059120354,210.998005480951
"treswa","Tree Swallow",-1.44720345741637,-2.32998556466339,-0.00151725659307028,"097","Sonoma",2256.6156008515,3675.98983904567,1419.37423819417,62.8983614957987
"treswa","Tree Swallow",1.6709635876977,0.0473821486219131,3.06080354707426,"097","Sonoma",2256.6156008515,3675.98983904567,1419.37423819417,62.8983614957987
"treswa","Tree Swallow",0.144718279637287,-1.93237968898107,1.75354362415548,"033","Lake",1718.69798919125,1912.59252373333,193.894534542083,11.2814779421091
"treswa","Tree Swallow",-1.14090929493742,-2.3379169454671,0.593446744607813,"113","Yolo",10252.8175544867,10895.0128914133,642.195336926585,6.26359860120161
"treswa","Tree Swallow",1.0706821498597,-0.0665507886491192,2.27704982453432,"113","Yolo",10252.8175544867,10895.0128914133,642.195336926585,6.26359860120161
"treswa","Tree Swallow",-0.381425688584546,-1.56381008270612,0.896854694473458,"101","Sutter",10166.2668812465,11085.6980230267,919.431141780167,9.04394063740568
"treswa","Tree Swallow",-1.82611284499133,-2.70383050257794,-0.393740187025586,"061","Placer",8323.73077271625,25886.6366847517,17562.9059120354,210.998005480951
"treswa","Tree Swallow",-2.11791897602222,-3.52648977985676,-0.403381770089201,"003","Alpine",59.5949305375,8.86230470833334,-50.7326258291667,-85.1290963368826
"treswa","Tree Swallow",-0.785793848959167,-1.43749910626533,0.0810125536705824,"097","Sonoma",2256.6156008515,3675.98983904567,1419.37423819417,62.8983614957987
"treswa","Tree Swallow",-0.313346056226724,-1.2700010981546,1.11492942598551,"097","Sonoma",2256.6156008515,3675.98983904567,1419.37423819417,62.8983614957987
"treswa","Tree Swallow",-0.187527590337782,-1.64248355672058,2.22878749157056,"097","Sonoma",2256.6156008515,3675.98983904567,1419.37423819417,62.8983614957987
"treswa","Tree Swallow",-0.156730653295791,-1.65727205563571,1.80484660443406,"055","Napa",469.19231620375,817.717455058333,348.525138854583,74.281936600009
"treswa","Tree Swallow",-0.326108586633262,-1.43956859845156,0.801152266140528,"113","Yolo",10252.8175544867,10895.0128914133,642.195336926585,6.26359860120161
"treswa","Tree Swallow",-1.57619584395776,-3.32485243214775,0.53013732766671,"113","Yolo",10252.8175544867,10895.0128914133,642.195336926585,6.26359860120161
"treswa","Tree Swallow",-2.58724060686604,-4.2385484576483,-0.763876321433658,"067","Sacramento",27168.475418409,38155.3438019967,10986.8683835877,40.4397678352724
"treswa","Tree Swallow",-0.750436504243647,-1.82005306368889,-0.138987639162959,"067","Sacramento",27168.475418409,38155.3438019967,10986.8683835877,40.4397678352724
"treswa","Tree Swallow",0.823198134217432,-2.71014045859193,3.21028518020002,"003","Alpine",59.5949305375,8.86230470833334,-50.7326258291667,-85.1290963368826
"treswa","Tree Swallow",0.409441592149343,-3.41172494423215,2.53114321287132,"003","Alpine",59.5949305375,8.86230470833334,-50.7326258291667,-85.1290963368826
"treswa","Tree Swallow",-0.837380389881457,-1.82297824411873,0.208767425237566,"097","Sonoma",2256.6156008515,3675.98983904567,1419.37423819417,62.8983614957987
"treswa","Tree Swallow",-1.29868808219499,-2.23076970088792,-0.217363550883367,"097","Sonoma",2256.6156008515,3675.98983904567,1419.37423819417,62.8983614957987
"treswa","Tree Swallow",-0.648840700485601,-1.70290729849095,0.530724556705616,"055","Napa",469.19231620375,817.717455058333,348.525138854583,74.281936600009
"treswa","Tree Swallow",0.578212366719213,-0.249395532847119,1.70099001844548,"095","Solano",7388.3827048315,6514.78400811667,-873.598696714833,-11.8239502691646
"treswa","Tree Swallow",-0.877275263048763,-2.79758459453802,0.555204572011851,"113","Yolo",10252.8175544867,10895.0128914133,642.195336926585,6.26359860120161
"treswa","Tree Swallow",-2.76190665448206,-3.89073623312706,-0.839642216691869,"067","Sacramento",27168.475418409,38155.3438019967,10986.8683835877,40.4397678352724
"treswa","Tree Swallow",-2.59801118765119,-3.98939775090947,-1.55471104832056,"067","Sacramento",27168.475418409,38155.3438019967,10986.8683835877,40.4397678352724
"treswa","Tree Swallow",-0.969329714578468,-1.55117994472448,0.702958004093116,"095","Solano",7388.3827048315,6514.78400811667,-873.598696714833,-11.8239502691646
"treswa","Tree Swallow",-1.16663784383212,-2.21302659514567,-0.231781734497034,"095","Solano",7388.3827048315,6514.78400811667,-873.598696714833,-11.8239502691646
"treswa","Tree Swallow",-3.36060555118621,-4.63650050959405,-1.79591986592307,"077","San Joaquin",33031.4631906315,75878.7690705583,42847.3058799268,129.716645104839
"treswa","Tree Swallow",-1.6386910794185,-3.2414959516173,-0.399470894368918,"077","San Joaquin",33031.4631906315,75878.7690705583,42847.3058799268,129.716645104839
"treswa","Tree Swallow",-1.38302417846273,-3.26774199459865,0.78899449341042,"077","San Joaquin",33031.4631906315,75878.7690705583,42847.3058799268,129.716645104839
"treswa","Tree Swallow",-3.03848085925588,-4.63687167783387,-1.20089110514926,"077","San Joaquin",33031.4631906315,75878.7690705583,42847.3058799268,129.716645104839
"treswa","Tree Swallow",-1.50388181318535,-3.14109354096998,-0.165536142693487,"099","Stanislaus",37276.3724203613,58401.425535015,21125.0531146537,56.6714294954161
"treswa","Tree Swallow",-0.997330080153456,-2.41529228116233,1.10860044133334,"001","Alameda",3984.5234863695,9475.54966687166,5491.02618050216,137.808854666968
"treswa","Tree Swallow",0.378270697741188,-0.810757947802497,1.5957850717889,"001","Alameda",3984.5234863695,9475.54966687166,5491.02618050216,137.808854666968
"treswa","Tree Swallow",0.421541618022997,-0.993539662376197,1.48786551691453,"077","San Joaquin",33031.4631906315,75878.7690705583,42847.3058799268,129.716645104839
"treswa","Tree Swallow",-1.98871931019156,-3.16727725768123,0.702872458974301,"099","Stanislaus",37276.3724203613,58401.425535015,21125.0531146537,56.6714294954161
"treswa","Tree Swallow",-2.40013381365649,-3.68643910313644,-0.942121646236292,"099","Stanislaus",37276.3724203613,58401.425535015,21125.0531146537,56.6714294954161
"treswa","Tree Swallow",-1.72482954264572,-3.36643837334834,-0.0069578670834712,"099","Stanislaus",37276.3724203613,58401.425535015,21125.0531146537,56.6714294954161
"treswa","Tree Swallow",-1.51183493707754,-5.67963852776297,1.37674323996975,"039","Madera",39564.0858945838,34763.5345316233,-4800.55136296042,-12.1336086868055
"treswa","Tree Swallow",-0.930640393298627,-1.98413411541596,1.5345914930303,"085","Santa Clara",19892.1976778343,23263.3744339317,3371.17675609741,16.9472313250431
"treswa","Tree Swallow",0.531653277633963,-1.59929908901629,3.91920566738405,"085","Santa Clara",19892.1976778343,23263.3744339317,3371.17675609741,16.9472313250431
"treswa","Tree Swallow",-0.931174370327666,-2.41539663100789,-0.0365989834391659,"099","Stanislaus",37276.3724203613,58401.425535015,21125.0531146537,56.6714294954161
"treswa","Tree Swallow",-0.448889221023768,-1.44779884502174,0.624772195748597,"099","Stanislaus",37276.3724203613,58401.425535015,21125.0531146537,56.6714294954161
"treswa","Tree Swallow",-2.14227009159238,-3.60824300138365,0.211585006878719,"047","Merced",23606.1950159562,24287.3476291183,681.152613162085,2.88548244518725
"treswa","Tree Swallow",-1.58543462973363,-3.00704833767759,-0.638130204443373,"047","Merced",23606.1950159562,24287.3476291183,681.152613162085,2.88548244518725
"treswa","Tree Swallow",0.121817988761427,-1.01806469669766,2.36572661789086,"039","Madera",39564.0858945838,34763.5345316233,-4800.55136296042,-12.1336086868055
"treswa","Tree Swallow",2.17960882949593,0.844035583008495,4.7924108857176,"039","Madera",39564.0858945838,34763.5345316233,-4800.55136296042,-12.1336086868055
"treswa","Tree Swallow",0.858080903917275,-0.877192532884262,1.67425019050385,"087","Santa Cruz",3112.116775988,2301.77151022833,-810.345265759667,-26.0383952174291
"treswa","Tree Swallow",0.59882974005101,-0.198013301910784,1.295133265863,"085","Santa Clara",19892.1976778343,23263.3744339317,3371.17675609741,16.9472313250431
"treswa","Tree Swallow",-1.07139046781945,-2.85598509096129,1.84166596857419,"085","Santa Clara",19892.1976778343,23263.3744339317,3371.17675609741,16.9472313250431
"treswa","Tree Swallow",-0.84772163491374,-2.17097754917966,0.13556143974527,"085","Santa Clara",19892.1976778343,23263.3744339317,3371.17675609741,16.9472313250431
"treswa","Tree Swallow",-0.346667942325267,-1.69295881421303,0.828635267456194,"047","Merced",23606.1950159562,24287.3476291183,681.152613162085,2.88548244518725
"treswa","Tree Swallow",-0.58337351164945,-3.04763474787237,2.22209324763977,"047","Merced",23606.1950159562,24287.3476291183,681.152613162085,2.88548244518725
"treswa","Tree Swallow",0.851510986516899,-1.40822254166738,3.14377446701717,"039","Madera",39564.0858945838,34763.5345316233,-4800.55136296042,-12.1336086868055
"treswa","Tree Swallow",-1.70325964329016,-2.8117397917492,-0.0317888295518323,"039","Madera",39564.0858945838,34763.5345316233,-4800.55136296042,-12.1336086868055
"treswa","Tree Swallow",0.807250875821843,-0.619833108329128,1.69141338271112,"039","Madera",39564.0858945838,34763.5345316233,-4800.55136296042,-12.1336086868055
"treswa","Tree Swallow",1.78995576506819,-0.277692070974878,3.66327197751857,"019","Fresno",99213.3422313488,113741.823802775,14528.4815714259,14.6436771957021
"treswa","Tree Swallow",-0.620276862284091,-1.34471562584337,0.219253819250461,"053","Monterey",45840.9037836362,42337.8553829317,-3503.04840070458,-7.64175247774032
"treswa","Tree Swallow",-0.339626943449152,-1.53267484510338,0.764944897358827,"069","San Benito",3579.11739903375,2796.1208155,-782.99658353375,-21.8768063809568
"treswa","Tree Swallow",-0.0195913793611366,-2.26834034487485,1.49619130181366,"047","Merced",23606.1950159562,24287.3476291183,681.152613162085,2.88548244518725
"treswa","Tree Swallow",1.4118942453232,-0.0115754121482934,2.84508199409698,"047","Merced",23606.1950159562,24287.3476291183,681.152613162085,2.88548244518725
"treswa","Tree Swallow",-1.30618483388244,-3.51878355906915,0.84180244068658,"019","Fresno",99213.3422313488,113741.823802775,14528.4815714259,14.6436771957021
"treswa","Tree Swallow",-1.03712008348311,-3.91284245799729,2.18689858337228,"039","Madera",39564.0858945838,34763.5345316233,-4800.55136296042,-12.1336086868055
"treswa","Tree Swallow",-2.39924474016326,-3.50636700316935,-1.38296664728406,"039","Madera",39564.0858945838,34763.5345316233,-4800.55136296042,-12.1336086868055
"treswa","Tree Swallow",-1.27364009317981,-2.35745479919393,0.313825012417084,"019","Fresno",99213.3422313488,113741.823802775,14528.4815714259,14.6436771957021
"treswa","Tree Swallow",0.647558952759138,-1.30815965816875,1.69821304327931,"019","Fresno",99213.3422313488,113741.823802775,14528.4815714259,14.6436771957021
"treswa","Tree Swallow",2.4876862082505,0.271733416049112,4.02832018615839,"019","Fresno",99213.3422313488,113741.823802775,14528.4815714259,14.6436771957021
"treswa","Tree Swallow",-1.00877142311686,-1.70747699847242,-0.159745864925131,"053","Monterey",45840.9037836362,42337.8553829317,-3503.04840070458,-7.64175247774032
"treswa","Tree Swallow",0.958348628499117,-0.495973413388686,1.66475059951829,"053","Monterey",45840.9037836362,42337.8553829317,-3503.04840070458,-7.64175247774032
"treswa","Tree Swallow",0.157295771173201,-2.13665433325783,1.7772973195711,"069","San Benito",3579.11739903375,2796.1208155,-782.99658353375,-21.8768063809568
"treswa","Tree Swallow",-0.279458248186655,-1.66278731456856,1.06601396492459,"019","Fresno",99213.3422313488,113741.823802775,14528.4815714259,14.6436771957021
"treswa","Tree Swallow",0.323195407283224,-0.926969512465611,1.35225418424695,"019","Fresno",99213.3422313488,113741.823802775,14528.4815714259,14.6436771957021
"treswa","Tree Swallow",-1.97145073101994,-4.39591270962107,0.0417910314267932,"019","Fresno",99213.3422313488,113741.823802775,14528.4815714259,14.6436771957021
"treswa","Tree Swallow",-3.10935054730164,-4.38056736327694,-1.05466971153587,"019","Fresno",99213.3422313488,113741.823802775,14528.4815714259,14.6436771957021
"treswa","Tree Swallow",-2.16148330929735,-3.57810334368891,-0.91004018722617,"019","Fresno",99213.3422313488,113741.823802775,14528.4815714259,14.6436771957021
"treswa","Tree Swallow",-0.861007032216445,-2.41095378160309,0.405390350973055,"107","Tulare",45608.8348387387,49051.71667439,3442.88183565126,7.54871692693842
"treswa","Tree Swallow",1.49569673823531,-0.864510339832545,4.75508825789836,"107","Tulare",45608.8348387387,49051.71667439,3442.88183565126,7.54871692693842
"treswa","Tree Swallow",1.44236663451898,-0.226456802396945,2.70213651117241,"053","Monterey",45840.9037836362,42337.8553829317,-3503.04840070458,-7.64175247774032
"treswa","Tree Swallow",1.66405002856203,0.487526119538975,3.51205392087387,"053","Monterey",45840.9037836362,42337.8553829317,-3503.04840070458,-7.64175247774032
"treswa","Tree Swallow",-0.648342589600494,-1.85023076297925,0.685236761543737,"053","Monterey",45840.9037836362,42337.8553829317,-3503.04840070458,-7.64175247774032
"treswa","Tree Swallow",-0.105649245814984,-2.32921294325905,1.3224448032833,"069","San Benito",3579.11739903375,2796.1208155,-782.99658353375,-21.8768063809568
"treswa","Tree Swallow",-0.0714190167716523,-2.46995084006812,1.64546228925601,"069","San Benito",3579.11739903375,2796.1208155,-782.99658353375,-21.8768063809568
"treswa","Tree Swallow",-0.177275623503393,-1.43562811113555,0.818772523025906,"019","Fresno",99213.3422313488,113741.823802775,14528.4815714259,14.6436771957021
"treswa","Tree Swallow",-1.12279256661431,-2.95869416356823,1.39600938624937,"019","Fresno",99213.3422313488,113741.823802775,14528.4815714259,14.6436771957021
"treswa","Tree Swallow",-1.57055746252892,-3.61581089772443,0.729117905455269,"019","Fresno",99213.3422313488,113741.823802775,14528.4815714259,14.6436771957021
"treswa","Tree Swallow",-0.674536503048249,-2.76686871259996,1.78428339155002,"107","Tulare",45608.8348387387,49051.71667439,3442.88183565126,7.54871692693842
"treswa","Tree Swallow",-1.94926546633599,-3.16018828407778,-0.783371570666986,"107","Tulare",45608.8348387387,49051.71667439,3442.88183565126,7.54871692693842
"treswa","Tree Swallow",0.918757926601845,-1.22957253122794,2.33179690968741,"107","Tulare",45608.8348387387,49051.71667439,3442.88183565126,7.54871692693842
"treswa","Tree Swallow",2.69878536037984,-0.0847979202059248,4.6078350943862,"107","Tulare",45608.8348387387,49051.71667439,3442.88183565126,7.54871692693842
"treswa","Tree Swallow",0.63609571071546,-0.715044084705995,2.6519576243445,"053","Monterey",45840.9037836362,42337.8553829317,-3503.04840070458,-7.64175247774032
"treswa","Tree Swallow",-0.169608003255005,-2.40966260981366,1.38227154943522,"053","Monterey",45840.9037836362,42337.8553829317,-3503.04840070458,-7.64175247774032
"treswa","Tree Swallow",0.31141709490712,-1.68088994751129,2.18287832110659,"053","Monterey",45840.9037836362,42337.8553829317,-3503.04840070458,-7.64175247774032
"treswa","Tree Swallow",-0.0232743472140732,-1.391711460869,1.80272915826998,"019","Fresno",99213.3422313488,113741.823802775,14528.4815714259,14.6436771957021
"treswa","Tree Swallow",-1.04916155466309,-2.14682338921841,0.0041726662825917,"019","Fresno",99213.3422313488,113741.823802775,14528.4815714259,14.6436771957021
"treswa","Tree Swallow",1.18439385790024,-1.19255001188566,3.77755307582316,"031","Kings",29227.06055423,30053.4240530433,826.363498813334,2.82739174977942
"treswa","Tree Swallow",-1.32854510851323,-3.86754457524573,0.589308083012266,"107","Tulare",45608.8348387387,49051.71667439,3442.88183565126,7.54871692693842
"treswa","Tree Swallow",-1.5517295849052,-2.77528025644147,-0.065918513788331,"107","Tulare",45608.8348387387,49051.71667439,3442.88183565126,7.54871692693842
"treswa","Tree Swallow",0.162225591892356,-1.90606536576807,2.02764678456394,"107","Tulare",45608.8348387387,49051.71667439,3442.88183565126,7.54871692693842
"treswa","Tree Swallow",0.952902809887884,-1.38663070985848,3.81139658253643,"053","Monterey",45840.9037836362,42337.8553829317,-3503.04840070458,-7.64175247774032
"treswa","Tree Swallow",-0.453892957939716,-1.98023985394852,1.56591261787163,"053","Monterey",45840.9037836362,42337.8553829317,-3503.04840070458,-7.64175247774032
"treswa","Tree Swallow",0.913462800721472,-1.68263477767793,2.26367126734791,"031","Kings",29227.06055423,30053.4240530433,826.363498813334,2.82739174977942
"treswa","Tree Swallow",-1.75030933880969,-2.515391284584,-0.702118903500004,"031","Kings",29227.06055423,30053.4240530433,826.363498813334,2.82739174977942
"treswa","Tree Swallow",-2.89222373899616,-5.60421316246212,-0.135861458624418,"031","Kings",29227.06055423,30053.4240530433,826.363498813334,2.82739174977942
"treswa","Tree Swallow",-1.46404220696754,-2.94789826769642,0.77086737918974,"107","Tulare",45608.8348387387,49051.71667439,3442.88183565126,7.54871692693842
"treswa","Tree Swallow",-0.646047468206849,-1.66062098805049,0.443244644959538,"107","Tulare",45608.8348387387,49051.71667439,3442.88183565126,7.54871692693842
"treswa","Tree Swallow",0.717813155273187,-1.50972465785908,2.6157973250682,"107","Tulare",45608.8348387387,49051.71667439,3442.88183565126,7.54871692693842
"treswa","Tree Swallow",0.0615942048354814,-1.04821836163324,2.03526402307886,"079","San Luis Obispo",6395.55790982775,5933.96905622033,-461.588853607417,-7.21733522103076
"treswa","Tree Swallow",-0.334376687884175,-1.91302879251764,0.352807578348424,"079","San Luis Obispo",6395.55790982775,5933.96905622033,-461.588853607417,-7.21733522103076
"treswa","Tree Swallow",0.827027092092286,-1.21179797431295,2.91959639266064,"079","San Luis Obispo",6395.55790982775,5933.96905622033,-461.588853607417,-7.21733522103076
"treswa","Tree Swallow",0.587947563867822,-0.981070864120761,2.02119227296833,"029","Kern",74601.1518842987,69507.1159327667,-5094.03595153207,-6.82836098755227
"treswa","Tree Swallow",-2.35116806362487,-3.44639885828716,-0.594903545610906,"029","Kern",74601.1518842987,69507.1159327667,-5094.03595153207,-6.82836098755227
"treswa","Tree Swallow",-0.722212991359303,-2.77183436779196,0.840017455966144,"029","Kern",74601.1518842987,69507.1159327667,-5094.03595153207,-6.82836098755227
"treswa","Tree Swallow",-1.0638345402179,-2.33997209503376,0.550082040836582,"029","Kern",74601.1518842987,69507.1159327667,-5094.03595153207,-6.82836098755227
"treswa","Tree Swallow",-1.93865285243476,-4.32518031545476,0.126520537562296,"029","Kern",74601.1518842987,69507.1159327667,-5094.03595153207,-6.82836098755227
"treswa","Tree Swallow",-2.74058883917691,-5.22351317387894,-0.84503041902404,"029","Kern",74601.1518842987,69507.1159327667,-5094.03595153207,-6.82836098755227
"treswa","Tree Swallow",-4.65357207567065,-7.04008938624961,-2.72126626963649,"029","Kern",74601.1518842987,69507.1159327667,-5094.03595153207,-6.82836098755227
"treswa","Tree Swallow",0.106529006019873,-2.31225414341497,1.66529928938998,"079","San Luis Obispo",6395.55790982775,5933.96905622033,-461.588853607417,-7.21733522103076
"treswa","Tree Swallow",0.845718926725354,-1.44709068083309,2.85509636299067,"079","San Luis Obispo",6395.55790982775,5933.96905622033,-461.588853607417,-7.21733522103076
"treswa","Tree Swallow",-0.0306414428058605,-1.18270584379743,1.13470638087038,"029","Kern",74601.1518842987,69507.1159327667,-5094.03595153207,-6.82836098755227
"treswa","Tree Swallow",-0.992638191774478,-2.64337969256359,0.877186978118473,"029","Kern",74601.1518842987,69507.1159327667,-5094.03595153207,-6.82836098755227
"treswa","Tree Swallow",-2.39703111914877,-3.87600017399072,-0.498151978290696,"029","Kern",74601.1518842987,69507.1159327667,-5094.03595153207,-6.82836098755227
"treswa","Tree Swallow",-1.1004897350356,-4.00933980690857,2.18715265746039,"029","Kern",74601.1518842987,69507.1159327667,-5094.03595153207,-6.82836098755227
"treswa","Tree Swallow",-1.10658056139167,-2.94071072114347,1.23313192427517,"029","Kern",74601.1518842987,69507.1159327667,-5094.03595153207,-6.82836098755227
"treswa","Tree Swallow",-1.08494701739374,-2.7204828335867,1.00450737120355,"079","San Luis Obispo",6395.55790982775,5933.96905622033,-461.588853607417,-7.21733522103076
"treswa","Tree Swallow",0.977734645455721,-1.31148114540819,4.04005361087362,"079","San Luis Obispo",6395.55790982775,5933.96905622033,-461.588853607417,-7.21733522103076
"treswa","Tree Swallow",-1.7918739295589,-4.21975991764678,0.587159607989457,"079","San Luis Obispo",6395.55790982775,5933.96905622033,-461.588853607417,-7.21733522103076
"treswa","Tree Swallow",-1.23620924997633,-4.0016071992159,0.674757684990817,"079","San Luis Obispo",6395.55790982775,5933.96905622033,-461.588853607417,-7.21733522103076
"treswa","Tree Swallow",-1.81749262521454,-3.24262077650744,-0.374545539097249,"029","Kern",74601.1518842987,69507.1159327667,-5094.03595153207,-6.82836098755227
"treswa","Tree Swallow",-0.487991429141653,-1.95440837416698,0.909470519840128,"029","Kern",74601.1518842987,69507.1159327667,-5094.03595153207,-6.82836098755227
"treswa","Tree Swallow",-1.51686914280607,-3.15703616458257,-0.314347561397478,"029","Kern",74601.1518842987,69507.1159327667,-5094.03595153207,-6.82836098755227
"treswa","Tree Swallow",-1.70804227494254,-3.07980823155354,0.0853353348968209,"029","Kern",74601.1518842987,69507.1159327667,-5094.03595153207,-6.82836098755227
"treswa","Tree Swallow",-2.21087313336933,-3.60284725587864,-0.210205019401582,"029","Kern",74601.1518842987,69507.1159327667,-5094.03595153207,-6.82836098755227
"treswa","Tree Swallow",-0.753544619594631,-1.837294194095,0.813515175420659,"083","Santa Barbara",15785.533502095,14671.0945875333,-1114.43891456167,-7.0598748810977
"treswa","Tree Swallow",-0.642576597742472,-2.39990194763286,0.416304974299291,"083","Santa Barbara",15785.533502095,14671.0945875333,-1114.43891456167,-7.0598748810977
"treswa","Tree Swallow",-0.851968176263635,-3.01720373215945,0.432716615864577,"029","Kern",74601.1518842987,69507.1159327667,-5094.03595153207,-6.82836098755227
"treswa","Tree Swallow",-1.37756963708963,-3.23378680339309,0.975954377513534,"029","Kern",74601.1518842987,69507.1159327667,-5094.03595153207,-6.82836098755227
"treswa","Tree Swallow",-2.58818834197254,-4.24707421560378,0.423775013652476,"029","Kern",74601.1518842987,69507.1159327667,-5094.03595153207,-6.82836098755227
"treswa","Tree Swallow",-1.02665061558138,-2.23981507658682,1.04856890460185,"029","Kern",74601.1518842987,69507.1159327667,-5094.03595153207,-6.82836098755227
"treswa","Tree Swallow",-1.23924989734288,-3.003546052493,0.720228171759561,"029","Kern",74601.1518842987,69507.1159327667,-5094.03595153207,-6.82836098755227
"treswa","Tree Swallow",-1.6862328116681,-2.88101446353878,-0.640442278214206,"083","Santa Barbara",15785.533502095,14671.0945875333,-1114.43891456167,-7.0598748810977
"treswa","Tree Swallow",-1.63109917171766,-3.13936318112805,0.439531236246619,"083","Santa Barbara",15785.533502095,14671.0945875333,-1114.43891456167,-7.0598748810977
"treswa","Tree Swallow",0.1711548504712,-2.21854985153104,3.81253408406125,"083","Santa Barbara",15785.533502095,14671.0945875333,-1114.43891456167,-7.0598748810977
"treswa","Tree Swallow",1.42667364280969,0.122590745162583,2.29184259266141,"083","Santa Barbara",15785.533502095,14671.0945875333,-1114.43891456167,-7.0598748810977
"treswa","Tree Swallow",-0.37585215167501,-2.25667940593759,0.806689187603802,"083","Santa Barbara",15785.533502095,14671.0945875333,-1114.43891456167,-7.0598748810977
"treswa","Tree Swallow",0.733045416136164,-0.544906223140046,2.26958762349919,"083","Santa Barbara",15785.533502095,14671.0945875333,-1114.43891456167,-7.0598748810977
"treswa","Tree Swallow",0.198546018458302,-0.945023664690815,1.57070819120229,"083","Santa Barbara",15785.533502095,14671.0945875333,-1114.43891456167,-7.0598748810977
"treswa","Tree Swallow",0.455579786533566,-0.957383927441576,2.14011859419732,"111","Ventura",10411.114051394,9742.11075671667,-669.003294677335,-6.42585693879474
"treswa","Tree Swallow",-0.504644755301692,-4.06787867338921,1.01299770860214,"111","Ventura",10411.114051394,9742.11075671667,-669.003294677335,-6.42585693879474
"treswa","Tree Swallow",-1.33147945642807,-2.4566411969136,0.446376368651891,"111","Ventura",10411.114051394,9742.11075671667,-669.003294677335,-6.42585693879474
"treswa","Tree Swallow",-1.25924019568519,-2.61295866532977,0.317990877576718,"111","Ventura",10411.114051394,9742.11075671667,-669.003294677335,-6.42585693879474
"treswa","Tree Swallow",-2.02407502999295,-5.5272520694887,1.9712651439753,"111","Ventura",10411.114051394,9742.11075671667,-669.003294677335,-6.42585693879474
"barswa","Barn Swallow",-1.52400355322017,-4.58491926883019,0.181981166642447,"089","Shasta",1569.7237798975,1418.14744244567,-151.576337451833,-9.6562426710342
"barswa","Barn Swallow",-1.14519431638328,-1.8362551514445,0.141582705714183,"089","Shasta",1569.7237798975,1418.14744244567,-151.576337451833,-9.6562426710342
"barswa","Barn Swallow",-2.11512878825468,-3.27662912842716,-0.711484510163888,"089","Shasta",1569.7237798975,1418.14744244567,-151.576337451833,-9.6562426710342
"barswa","Barn Swallow",-1.35377327607415,-3.45177177916073,0.03174824589483,"089","Shasta",1569.7237798975,1418.14744244567,-151.576337451833,-9.6562426710342
"barswa","Barn Swallow",-1.41911843807832,-2.44724498344899,0.127915089612157,"089","Shasta",1569.7237798975,1418.14744244567,-151.576337451833,-9.6562426710342
"barswa","Barn Swallow",-2.48052722366913,-3.42910340923617,-1.73625089125009,"089","Shasta",1569.7237798975,1418.14744244567,-151.576337451833,-9.6562426710342
"barswa","Barn Swallow",-3.17412700639782,-4.38887876686698,-2.09525044872363,"089","Shasta",1569.7237798975,1418.14744244567,-151.576337451833,-9.6562426710342
"barswa","Barn Swallow",-2.31147774016792,-3.14726511252923,-1.38629030956026,"103","Tehama",4776.66591676875,5224.39196343667,447.726046667916,9.37319156225997
"barswa","Barn Swallow",-4.4711585854816,-5.97206989732184,-2.9997371947504,"103","Tehama",4776.66591676875,5224.39196343667,447.726046667916,9.37319156225997
"barswa","Barn Swallow",-1.28093842890586,-2.14998422721671,0.148833533515606,"103","Tehama",4776.66591676875,5224.39196343667,447.726046667916,9.37319156225997
"barswa","Barn Swallow",-1.51961984789972,-2.30096054951241,-0.836328679132212,"103","Tehama",4776.66591676875,5224.39196343667,447.726046667916,9.37319156225997
"barswa","Barn Swallow",-1.72832500624463,-2.4276289382388,-0.815706068952112,"103","Tehama",4776.66591676875,5224.39196343667,447.726046667916,9.37319156225997
"barswa","Barn Swallow",-0.272122740824922,-1.88386415451461,2.02346607141374,"103","Tehama",4776.66591676875,5224.39196343667,447.726046667916,9.37319156225997
"barswa","Barn Swallow",-1.73797387816913,-3.53859216137361,-0.723113544763115,"007","Butte",17305.4807113162,13250.4978645403,-4054.98284677592,-23.4317839210575
"barswa","Barn Swallow",-1.97331324507674,-4.08389874910765,-0.0752529677605824,"021","Glenn",12806.2711332137,12293.6018092067,-512.669324007084,-4.00326776369312
"barswa","Barn Swallow",-1.45538985793551,-2.21203542797642,-0.352370909381194,"021","Glenn",12806.2711332137,12293.6018092067,-512.669324007084,-4.00326776369312
"barswa","Barn Swallow",-1.50002130028404,-2.54325834220782,-0.711002227063703,"007","Butte",17305.4807113162,13250.4978645403,-4054.98284677592,-23.4317839210575
"barswa","Barn Swallow",-2.57164133100511,-3.51365720462811,-0.935243751349807,"007","Butte",17305.4807113162,13250.4978645403,-4054.98284677592,-23.4317839210575
"barswa","Barn Swallow",-2.03431633516644,-4.98902921806892,-0.508862846144804,"007","Butte",17305.4807113162,13250.4978645403,-4054.98284677592,-23.4317839210575
"barswa","Barn Swallow",-1.93388177092184,-4.92722536437172,-0.18002625003147,"033","Lake",1718.69798919125,1912.59252373333,193.894534542083,11.2814779421091
"barswa","Barn Swallow",-2.476486499707,-3.52560295523304,-1.46424958838404,"021","Glenn",12806.2711332137,12293.6018092067,-512.669324007084,-4.00326776369312
"barswa","Barn Swallow",-1.5676806957632,-3.07422316525936,-0.230765718056781,"021","Glenn",12806.2711332137,12293.6018092067,-512.669324007084,-4.00326776369312
"barswa","Barn Swallow",-0.373383700705757,-1.6691319009102,0.691448004981488,"021","Glenn",12806.2711332137,12293.6018092067,-512.669324007084,-4.00326776369312
"barswa","Barn Swallow",-1.5204684259944,-2.44923909270869,-0.631075299841031,"007","Butte",17305.4807113162,13250.4978645403,-4054.98284677592,-23.4317839210575
"barswa","Barn Swallow",-2.45465881794881,-4.7714757982165,-1.09384243510081,"007","Butte",17305.4807113162,13250.4978645403,-4054.98284677592,-23.4317839210575
"barswa","Barn Swallow",-3.71328118496933,-5.21084040615408,-2.59405498127353,"011","Colusa",10797.5699021237,11436.1834091,638.613506976251,5.9144188253937
"barswa","Barn Swallow",-0.0977336011057206,-1.3728289903847,0.889164735767547,"011","Colusa",10797.5699021237,11436.1834091,638.613506976251,5.9144188253937
"barswa","Barn Swallow",-1.0701563173406,-1.91107568505858,0.120652529761277,"101","Sutter",10166.2668812465,11085.6980230267,919.431141780167,9.04394063740568
"barswa","Barn Swallow",-2.09157344101241,-3.06464904374417,-1.12983436033354,"115","Yuba",4677.3119707775,5894.797938218,1217.4859674405,26.0296079253854
"barswa","Barn Swallow",-0.926892089542309,-2.21040498891105,0.548238301292317,"057","Nevada",584.85944172875,614.976583328333,30.1171415995833,5.14946659842951
"barswa","Barn Swallow",-2.88068361785712,-5.81252667605106,-0.611059317915152,"057","Nevada",584.85944172875,614.976583328333,30.1171415995833,5.14946659842951
"barswa","Barn Swallow",-4.10692932644299,-5.43856310999908,-1.22092923621076,"061","Placer",8323.73077271625,25886.6366847517,17562.9059120354,210.998005480951
"barswa","Barn Swallow",-2.35112644589977,-3.90912754878078,-1.39868087853363,"061","Placer",8323.73077271625,25886.6366847517,17562.9059120354,210.998005480951
"barswa","Barn Swallow",-1.22402054867788,-3.43916505999353,0.148669399857557,"033","Lake",1718.69798919125,1912.59252373333,193.894534542083,11.2814779421091
"barswa","Barn Swallow",-0.801712801690416,-2.29009080798898,1.03595552762689,"033","Lake",1718.69798919125,1912.59252373333,193.894534542083,11.2814779421091
"barswa","Barn Swallow",-2.05881529649466,-3.13096566306226,-1.24568581602935,"011","Colusa",10797.5699021237,11436.1834091,638.613506976251,5.9144188253937
"barswa","Barn Swallow",-0.687373436329484,-2.11595129023488,0.573498537065953,"011","Colusa",10797.5699021237,11436.1834091,638.613506976251,5.9144188253937
"barswa","Barn Swallow",-0.388057055082187,-1.90201971233941,0.978083316240897,"101","Sutter",10166.2668812465,11085.6980230267,919.431141780167,9.04394063740568
"barswa","Barn Swallow",-1.1728863314409,-1.76337496388766,-0.486748777587333,"115","Yuba",4677.3119707775,5894.797938218,1217.4859674405,26.0296079253854
"barswa","Barn Swallow",-2.86627158529698,-6.26797707552228,-1.92515223502016,"057","Nevada",584.85944172875,614.976583328333,30.1171415995833,5.14946659842951
"barswa","Barn Swallow",-3.36595440667448,-5.64939232139151,-0.517744685540168,"061","Placer",8323.73077271625,25886.6366847517,17562.9059120354,210.998005480951
"barswa","Barn Swallow",-1.8865759999012,-2.97201525236589,-0.651924455942825,"097","Sonoma",2256.6156008515,3675.98983904567,1419.37423819417,62.8983614957987
"barswa","Barn Swallow",2.19713291123515,0.303232897131495,3.69488584804323,"097","Sonoma",2256.6156008515,3675.98983904567,1419.37423819417,62.8983614957987
"barswa","Barn Swallow",-2.08304815259169,-2.67709005459094,-1.3583386953231,"033","Lake",1718.69798919125,1912.59252373333,193.894534542083,11.2814779421091
"barswa","Barn Swallow",-2.91299489033027,-4.09814203150018,-1.90057866650042,"113","Yolo",10252.8175544867,10895.0128914133,642.195336926585,6.26359860120161
"barswa","Barn Swallow",-1.4729823582269,-2.79582814143676,-0.017702520990729,"113","Yolo",10252.8175544867,10895.0128914133,642.195336926585,6.26359860120161
"barswa","Barn Swallow",-0.947865266888601,-2.20185143820263,0.253822582397133,"101","Sutter",10166.2668812465,11085.6980230267,919.431141780167,9.04394063740568
"barswa","Barn Swallow",-2.60808691303888,-3.72626357689625,-1.51410192980104,"061","Placer",8323.73077271625,25886.6366847517,17562.9059120354,210.998005480951
"barswa","Barn Swallow",-4.88311589823656,-6.03527464065858,-3.3348435826814,"003","Alpine",59.5949305375,8.86230470833334,-50.7326258291667,-85.1290963368826
"barswa","Barn Swallow",-2.33673805882894,-3.26781746045212,-0.194880193773373,"097","Sonoma",2256.6156008515,3675.98983904567,1419.37423819417,62.8983614957987
"barswa","Barn Swallow",-1.83623271381975,-2.88307538744058,-0.316054737237252,"097","Sonoma",2256.6156008515,3675.98983904567,1419.37423819417,62.8983614957987
"barswa","Barn Swallow",-3.11225972086703,-5.0723331318404,-1.91559386699776,"097","Sonoma",2256.6156008515,3675.98983904567,1419.37423819417,62.8983614957987
"barswa","Barn Swallow",-2.51428462453041,-3.39940600396384,-1.51065181924048,"055","Napa",469.19231620375,817.717455058333,348.525138854583,74.281936600009
"barswa","Barn Swallow",-1.33310995535698,-2.20185725577721,-0.750640109202773,"113","Yolo",10252.8175544867,10895.0128914133,642.195336926585,6.26359860120161
"barswa","Barn Swallow",-0.604658381458879,-1.2296967455315,0.402615808467747,"113","Yolo",10252.8175544867,10895.0128914133,642.195336926585,6.26359860120161
"barswa","Barn Swallow",-1.96754813397934,-3.22531913913526,-0.618102641797061,"067","Sacramento",27168.475418409,38155.3438019967,10986.8683835877,40.4397678352724
"barswa","Barn Swallow",-1.8382215489666,-2.51980208038028,-0.949981861535326,"067","Sacramento",27168.475418409,38155.3438019967,10986.8683835877,40.4397678352724
"barswa","Barn Swallow",-3.78610766726728,-4.85554825699211,-2.52186157932683,"003","Alpine",59.5949305375,8.86230470833334,-50.7326258291667,-85.1290963368826
"barswa","Barn Swallow",-1.04161675037069,-2.2546510645642,0.344168690263179,"097","Sonoma",2256.6156008515,3675.98983904567,1419.37423819417,62.8983614957987
"barswa","Barn Swallow",-2.95109416137179,-3.79178633923073,-1.91106843917793,"097","Sonoma",2256.6156008515,3675.98983904567,1419.37423819417,62.8983614957987
"barswa","Barn Swallow",-0.146799604970373,-0.721656137605913,0.562146270051519,"055","Napa",469.19231620375,817.717455058333,348.525138854583,74.281936600009
"barswa","Barn Swallow",-2.53850031286129,-3.68994157878218,-1.61193398717275,"095","Solano",7388.3827048315,6514.78400811667,-873.598696714833,-11.8239502691646
"barswa","Barn Swallow",-0.706371674666459,-1.87946049494342,0.487065473641427,"113","Yolo",10252.8175544867,10895.0128914133,642.195336926585,6.26359860120161
"barswa","Barn Swallow",-0.407553603925755,-1.25027197923825,0.422578997974877,"067","Sacramento",27168.475418409,38155.3438019967,10986.8683835877,40.4397678352724
"barswa","Barn Swallow",-0.880474429228744,-1.76620626258312,-0.226722997153053,"067","Sacramento",27168.475418409,38155.3438019967,10986.8683835877,40.4397678352724
"barswa","Barn Swallow",-0.42694822482813,-1.53878756820128,0.542621730847341,"095","Solano",7388.3827048315,6514.78400811667,-873.598696714833,-11.8239502691646
"barswa","Barn Swallow",-1.10583206919226,-2.05022160465286,-0.268368933975514,"095","Solano",7388.3827048315,6514.78400811667,-873.598696714833,-11.8239502691646
"barswa","Barn Swallow",-0.644110390368325,-1.62056311403159,0.438327172458923,"077","San Joaquin",33031.4631906315,75878.7690705583,42847.3058799268,129.716645104839
"barswa","Barn Swallow",-1.82378246940886,-2.94685887958277,-0.969504111537849,"077","San Joaquin",33031.4631906315,75878.7690705583,42847.3058799268,129.716645104839
"barswa","Barn Swallow",-1.4359400116971,-2.43234996966204,-0.486774542396091,"077","San Joaquin",33031.4631906315,75878.7690705583,42847.3058799268,129.716645104839
"barswa","Barn Swallow",-1.55959560227755,-3.33149717452018,0.0613949446779341,"077","San Joaquin",33031.4631906315,75878.7690705583,42847.3058799268,129.716645104839
"barswa","Barn Swallow",-1.01738473914429,-1.7561176949055,-0.425521624950201,"099","Stanislaus",37276.3724203613,58401.425535015,21125.0531146537,56.6714294954161
"barswa","Barn Swallow",-0.637442825359616,-1.53917720721319,0.212601934345989,"001","Alameda",3984.5234863695,9475.54966687166,5491.02618050216,137.808854666968
"barswa","Barn Swallow",-3.42651791058442,-4.63447771804524,-2.404065676873,"001","Alameda",3984.5234863695,9475.54966687166,5491.02618050216,137.808854666968
"barswa","Barn Swallow",1.23833510333776,0.590341449049135,2.2360571092073,"077","San Joaquin",33031.4631906315,75878.7690705583,42847.3058799268,129.716645104839
"barswa","Barn Swallow",-1.11526484556489,-2.1790430601129,-0.142006212677111,"099","Stanislaus",37276.3724203613,58401.425535015,21125.0531146537,56.6714294954161
"barswa","Barn Swallow",-0.450974732703338,-1.46308460562549,0.422272648851228,"099","Stanislaus",37276.3724203613,58401.425535015,21125.0531146537,56.6714294954161
"barswa","Barn Swallow",-1.79075804974162,-3.02430071588727,-0.625521366524328,"099","Stanislaus",37276.3724203613,58401.425535015,21125.0531146537,56.6714294954161
"barswa","Barn Swallow",-0.893711739152796,-1.7609486297059,-0.116312755096175,"085","Santa Clara",19892.1976778343,23263.3744339317,3371.17675609741,16.9472313250431
"barswa","Barn Swallow",-1.57119357123927,-2.66957532409056,-0.105886145227546,"085","Santa Clara",19892.1976778343,23263.3744339317,3371.17675609741,16.9472313250431
"barswa","Barn Swallow",0.212112036096764,-1.18474400467122,1.694833707556,"099","Stanislaus",37276.3724203613,58401.425535015,21125.0531146537,56.6714294954161
"barswa","Barn Swallow",-0.799611253974364,-2.43291783078318,0.248769141918617,"099","Stanislaus",37276.3724203613,58401.425535015,21125.0531146537,56.6714294954161
"barswa","Barn Swallow",-2.20231552133343,-3.66546448148581,-0.409961777949021,"047","Merced",23606.1950159562,24287.3476291183,681.152613162085,2.88548244518725
"barswa","Barn Swallow",-1.62443881021448,-2.55531368839177,-0.22870875943451,"047","Merced",23606.1950159562,24287.3476291183,681.152613162085,2.88548244518725
"barswa","Barn Swallow",-1.73241398466713,-2.75788211137232,-0.634130166289196,"039","Madera",39564.0858945838,34763.5345316233,-4800.55136296042,-12.1336086868055
"barswa","Barn Swallow",-0.448252164343246,-1.96522342549024,1.51783022277583,"039","Madera",39564.0858945838,34763.5345316233,-4800.55136296042,-12.1336086868055
"barswa","Barn Swallow",-1.8963623682289,-3.27966562225153,0.267835931502135,"087","Santa Cruz",3112.116775988,2301.77151022833,-810.345265759667,-26.0383952174291
"barswa","Barn Swallow",0.61323123980618,-0.429850141444727,1.98795911693913,"085","Santa Clara",19892.1976778343,23263.3744339317,3371.17675609741,16.9472313250431
"barswa","Barn Swallow",-2.36266800853371,-3.80573200154344,-0.318101253222171,"085","Santa Clara",19892.1976778343,23263.3744339317,3371.17675609741,16.9472313250431
"barswa","Barn Swallow",-0.120554362788418,-1.10091010520037,0.656076382141664,"085","Santa Clara",19892.1976778343,23263.3744339317,3371.17675609741,16.9472313250431
"barswa","Barn Swallow",-1.18484180781584,-2.29902131200261,0.0624846056482002,"047","Merced",23606.1950159562,24287.3476291183,681.152613162085,2.88548244518725
"barswa","Barn Swallow",-0.595503742519491,-2.91175137053233,1.40533557222026,"047","Merced",23606.1950159562,24287.3476291183,681.152613162085,2.88548244518725
"barswa","Barn Swallow",-0.981317489799214,-3.26360823880077,1.14602970754015,"039","Madera",39564.0858945838,34763.5345316233,-4800.55136296042,-12.1336086868055
"barswa","Barn Swallow",-1.22045250540298,-2.62753902217437,-0.281375391716083,"039","Madera",39564.0858945838,34763.5345316233,-4800.55136296042,-12.1336086868055
"barswa","Barn Swallow",-3.65643406661856,-6.10864278780781,-1.44851812128763,"039","Madera",39564.0858945838,34763.5345316233,-4800.55136296042,-12.1336086868055
"barswa","Barn Swallow",-2.01043082793411,-3.45352326431762,-1.31978624455713,"019","Fresno",99213.3422313488,113741.823802775,14528.4815714259,14.6436771957021
"barswa","Barn Swallow",-0.698854108471026,-1.42839710682261,0.108717859726603,"053","Monterey",45840.9037836362,42337.8553829317,-3503.04840070458,-7.64175247774032
"barswa","Barn Swallow",-1.52637863955049,-2.61055124480414,-0.363002522985928,"069","San Benito",3579.11739903375,2796.1208155,-782.99658353375,-21.8768063809568
"barswa","Barn Swallow",0.205212335793373,-0.997664861002577,1.45048179675782,"047","Merced",23606.1950159562,24287.3476291183,681.152613162085,2.88548244518725
"barswa","Barn Swallow",-2.33230416897651,-3.53569272370952,-1.23436029217461,"047","Merced",23606.1950159562,24287.3476291183,681.152613162085,2.88548244518725
"barswa","Barn Swallow",-2.28274192976659,-3.37807257714123,-0.949429185919349,"019","Fresno",99213.3422313488,113741.823802775,14528.4815714259,14.6436771957021
"barswa","Barn Swallow",-0.673160383766014,-2.34246337318138,0.985643894630289,"039","Madera",39564.0858945838,34763.5345316233,-4800.55136296042,-12.1336086868055
"barswa","Barn Swallow",-1.43917276763095,-2.61283822919153,-0.339910847735855,"039","Madera",39564.0858945838,34763.5345316233,-4800.55136296042,-12.1336086868055
"barswa","Barn Swallow",-1.29733514020562,-2.60662028083695,0.176890806114092,"019","Fresno",99213.3422313488,113741.823802775,14528.4815714259,14.6436771957021
"barswa","Barn Swallow",-3.66862791206001,-4.86120917433897,-1.29851344829763,"019","Fresno",99213.3422313488,113741.823802775,14528.4815714259,14.6436771957021
"barswa","Barn Swallow",-2.70017535760629,-4.78748867406171,-0.833222175066756,"019","Fresno",99213.3422313488,113741.823802775,14528.4815714259,14.6436771957021
"barswa","Barn Swallow",-0.98007343836833,-1.93195885144029,0.0435831229568458,"053","Monterey",45840.9037836362,42337.8553829317,-3503.04840070458,-7.64175247774032
"barswa","Barn Swallow",-1.69310068207791,-3.29369491434581,-0.806545937220525,"053","Monterey",45840.9037836362,42337.8553829317,-3503.04840070458,-7.64175247774032
"barswa","Barn Swallow",-0.744195880997362,-2.58445574852472,0.670784073294643,"069","San Benito",3579.11739903375,2796.1208155,-782.99658353375,-21.8768063809568
"barswa","Barn Swallow",-1.49447863146021,-2.66753354509574,-0.397431165152823,"019","Fresno",99213.3422313488,113741.823802775,14528.4815714259,14.6436771957021
"barswa","Barn Swallow",-2.81361567889226,-3.59865690705235,-1.65868555484713,"019","Fresno",99213.3422313488,113741.823802775,14528.4815714259,14.6436771957021
"barswa","Barn Swallow",-1.82133824586614,-2.97328123631975,-0.253693113962996,"019","Fresno",99213.3422313488,113741.823802775,14528.4815714259,14.6436771957021
"barswa","Barn Swallow",-1.3784053538019,-3.00145278359387,0.317612089057868,"019","Fresno",99213.3422313488,113741.823802775,14528.4815714259,14.6436771957021
"barswa","Barn Swallow",-1.42137939233632,-2.52008197027655,-0.110679489064002,"019","Fresno",99213.3422313488,113741.823802775,14528.4815714259,14.6436771957021
"barswa","Barn Swallow",-1.61425030494966,-2.62040804262608,-0.73400803231623,"107","Tulare",45608.8348387387,49051.71667439,3442.88183565126,7.54871692693842
"barswa","Barn Swallow",0.705480754807556,-0.550410415228426,1.84471900247454,"107","Tulare",45608.8348387387,49051.71667439,3442.88183565126,7.54871692693842
"barswa","Barn Swallow",0.253405287177398,-1.20297073003312,2.01542533793399,"053","Monterey",45840.9037836362,42337.8553829317,-3503.04840070458,-7.64175247774032
"barswa","Barn Swallow",-1.76999968664498,-2.63295836812091,-0.229056438854739,"053","Monterey",45840.9037836362,42337.8553829317,-3503.04840070458,-7.64175247774032
"barswa","Barn Swallow",-2.40844357631849,-3.10814922492622,-1.44014297314344,"053","Monterey",45840.9037836362,42337.8553829317,-3503.04840070458,-7.64175247774032
"barswa","Barn Swallow",-0.922774624150758,-2.37296540353456,0.385926372541992,"069","San Benito",3579.11739903375,2796.1208155,-782.99658353375,-21.8768063809568
"barswa","Barn Swallow",-2.8090175288038,-4.47344175098051,-1.2185193725437,"069","San Benito",3579.11739903375,2796.1208155,-782.99658353375,-21.8768063809568
"barswa","Barn Swallow",-2.30225483829444,-3.54931624414655,-0.710247064315583,"019","Fresno",99213.3422313488,113741.823802775,14528.4815714259,14.6436771957021
"barswa","Barn Swallow",-2.86807057087419,-3.98330697730679,-1.74065478509598,"019","Fresno",99213.3422313488,113741.823802775,14528.4815714259,14.6436771957021
"barswa","Barn Swallow",-1.6930325462843,-3.29780671877259,-0.320118380429223,"019","Fresno",99213.3422313488,113741.823802775,14528.4815714259,14.6436771957021
"barswa","Barn Swallow",-1.31759569517306,-2.92892747970494,0.107316824003672,"107","Tulare",45608.8348387387,49051.71667439,3442.88183565126,7.54871692693842
"barswa","Barn Swallow",-0.983269967064159,-2.68758599377506,0.678888219379313,"107","Tulare",45608.8348387387,49051.71667439,3442.88183565126,7.54871692693842
"barswa","Barn Swallow",0.103027711038669,-1.54563666398997,1.59283758822064,"107","Tulare",45608.8348387387,49051.71667439,3442.88183565126,7.54871692693842
"barswa","Barn Swallow",-4.4779050610906,-5.75975304938501,-1.41895763469031,"107","Tulare",45608.8348387387,49051.71667439,3442.88183565126,7.54871692693842
"barswa","Barn Swallow",-0.651683769773634,-1.58371654257673,0.299740529666652,"053","Monterey",45840.9037836362,42337.8553829317,-3503.04840070458,-7.64175247774032
"barswa","Barn Swallow",-3.25459056586775,-4.37452736884455,-1.89437172606059,"053","Monterey",45840.9037836362,42337.8553829317,-3503.04840070458,-7.64175247774032
"barswa","Barn Swallow",-0.570309827893917,-1.93372204910065,0.624337137655521,"053","Monterey",45840.9037836362,42337.8553829317,-3503.04840070458,-7.64175247774032
"barswa","Barn Swallow",0.0813083712833196,-1.40913658614065,1.06688716800778,"019","Fresno",99213.3422313488,113741.823802775,14528.4815714259,14.6436771957021
"barswa","Barn Swallow",-2.94513720000474,-3.80745045699316,-1.97402113999653,"019","Fresno",99213.3422313488,113741.823802775,14528.4815714259,14.6436771957021
"barswa","Barn Swallow",-2.81193509793788,-3.79374520771093,-1.85831905599834,"019","Fresno",99213.3422313488,113741.823802775,14528.4815714259,14.6436771957021
"barswa","Barn Swallow",-1.13104083984936,-2.50280429990406,0.540718431268277,"031","Kings",29227.06055423,30053.4240530433,826.363498813334,2.82739174977942
"barswa","Barn Swallow",-1.42272965744261,-2.98084410969695,0.0928416867840843,"107","Tulare",45608.8348387387,49051.71667439,3442.88183565126,7.54871692693842
"barswa","Barn Swallow",-0.720406696580626,-2.71659207094802,0.999931491499208,"107","Tulare",45608.8348387387,49051.71667439,3442.88183565126,7.54871692693842
"barswa","Barn Swallow",-1.4042050647498,-2.47209794215026,-0.107728542079766,"107","Tulare",45608.8348387387,49051.71667439,3442.88183565126,7.54871692693842
"barswa","Barn Swallow",-1.49036006446775,-2.66461392205141,-0.128498856494074,"053","Monterey",45840.9037836362,42337.8553829317,-3503.04840070458,-7.64175247774032
"barswa","Barn Swallow",-2.74482817402187,-5.5532327277877,-0.341233735273007,"053","Monterey",45840.9037836362,42337.8553829317,-3503.04840070458,-7.64175247774032
"barswa","Barn Swallow",-1.8072373889726,-3.73238341414391,-0.922535620418473,"053","Monterey",45840.9037836362,42337.8553829317,-3503.04840070458,-7.64175247774032
"barswa","Barn Swallow",-3.58392420502598,-5.30430075319149,-0.879523001879975,"053","Monterey",45840.9037836362,42337.8553829317,-3503.04840070458,-7.64175247774032
"barswa","Barn Swallow",-2.26157993409882,-3.78139676991906,-0.257391826954819,"031","Kings",29227.06055423,30053.4240530433,826.363498813334,2.82739174977942
"barswa","Barn Swallow",-2.76508111775022,-3.36398581708446,-1.99456740642847,"031","Kings",29227.06055423,30053.4240530433,826.363498813334,2.82739174977942
"barswa","Barn Swallow",-0.604710692928997,-2.42843801853583,1.15796080108276,"031","Kings",29227.06055423,30053.4240530433,826.363498813334,2.82739174977942
"barswa","Barn Swallow",-2.16252133392596,-3.29768628713053,-1.19765025354529,"107","Tulare",45608.8348387387,49051.71667439,3442.88183565126,7.54871692693842
"barswa","Barn Swallow",-1.44162715783714,-2.65004568844095,-0.261979006212869,"107","Tulare",45608.8348387387,49051.71667439,3442.88183565126,7.54871692693842
"barswa","Barn Swallow",-1.5312423685899,-2.60244440424662,-0.400899986206157,"107","Tulare",45608.8348387387,49051.71667439,3442.88183565126,7.54871692693842
"barswa","Barn Swallow",0.0941822497294721,-0.813658436783015,0.802346403583882,"079","San Luis Obispo",6395.55790982775,5933.96905622033,-461.588853607417,-7.21733522103076
"barswa","Barn Swallow",-3.61111468374621,-4.87244541336439,-2.49255597923584,"079","San Luis Obispo",6395.55790982775,5933.96905622033,-461.588853607417,-7.21733522103076
"barswa","Barn Swallow",-3.22758824222501,-4.3652795726335,-1.89283990505238,"079","San Luis Obispo",6395.55790982775,5933.96905622033,-461.588853607417,-7.21733522103076
"barswa","Barn Swallow",-1.34228006936684,-2.66690284817393,-0.254314066507515,"029","Kern",74601.1518842987,69507.1159327667,-5094.03595153207,-6.82836098755227
"barswa","Barn Swallow",-3.22201271439479,-4.23545792993492,-2.10435941499667,"029","Kern",74601.1518842987,69507.1159327667,-5094.03595153207,-6.82836098755227
"barswa","Barn Swallow",-2.41245717450211,-3.43949499159035,-1.1336794325319,"029","Kern",74601.1518842987,69507.1159327667,-5094.03595153207,-6.82836098755227
"barswa","Barn Swallow",-2.29768634815909,-3.56602441090465,-1.19764217208711,"029","Kern",74601.1518842987,69507.1159327667,-5094.03595153207,-6.82836098755227
"barswa","Barn Swallow",-1.75386396373602,-3.13222702939902,-0.280737583004772,"029","Kern",74601.1518842987,69507.1159327667,-5094.03595153207,-6.82836098755227
"barswa","Barn Swallow",-0.652953962247939,-2.58945888204185,0.370267783512931,"029","Kern",74601.1518842987,69507.1159327667,-5094.03595153207,-6.82836098755227
"barswa","Barn Swallow",-2.79418771495191,-4.57534151238799,-1.11631495144446,"029","Kern",74601.1518842987,69507.1159327667,-5094.03595153207,-6.82836098755227
"barswa","Barn Swallow",-2.19877057995365,-3.70345208397489,-0.531097246193102,"079","San Luis Obispo",6395.55790982775,5933.96905622033,-461.588853607417,-7.21733522103076
"barswa","Barn Swallow",-2.22523667436783,-4.59018040999666,-0.942510241362152,"079","San Luis Obispo",6395.55790982775,5933.96905622033,-461.588853607417,-7.21733522103076
"barswa","Barn Swallow",-2.92949330077294,-4.55027010141758,-1.97524552778718,"029","Kern",74601.1518842987,69507.1159327667,-5094.03595153207,-6.82836098755227
"barswa","Barn Swallow",-1.12820170472857,-2.0695751799051,-0.293585590271904,"029","Kern",74601.1518842987,69507.1159327667,-5094.03595153207,-6.82836098755227
"barswa","Barn Swallow",-2.15710454985989,-3.34361998457364,-1.07622415351948,"029","Kern",74601.1518842987,69507.1159327667,-5094.03595153207,-6.82836098755227
"barswa","Barn Swallow",-2.59422215093546,-4.05549700936308,-1.56914330266706,"029","Kern",74601.1518842987,69507.1159327667,-5094.03595153207,-6.82836098755227
"barswa","Barn Swallow",-2.61282894602918,-3.9732366571904,-0.897759738135073,"029","Kern",74601.1518842987,69507.1159327667,-5094.03595153207,-6.82836098755227
"barswa","Barn Swallow",-1.16217583764377,-2.08752412767142,-0.399358394731347,"079","San Luis Obispo",6395.55790982775,5933.96905622033,-461.588853607417,-7.21733522103076
"barswa","Barn Swallow",-2.32554125803774,-3.25188908663491,-1.25500159172701,"079","San Luis Obispo",6395.55790982775,5933.96905622033,-461.588853607417,-7.21733522103076
"barswa","Barn Swallow",-2.78137797186987,-3.8146798904368,-1.77382362866801,"029","Kern",74601.1518842987,69507.1159327667,-5094.03595153207,-6.82836098755227
"barswa","Barn Swallow",-2.67651089149427,-3.72120653348281,-1.59736634464325,"029","Kern",74601.1518842987,69507.1159327667,-5094.03595153207,-6.82836098755227
"barswa","Barn Swallow",-2.13941159427954,-3.59336851303206,-1.27222687644204,"029","Kern",74601.1518842987,69507.1159327667,-5094.03595153207,-6.82836098755227
"barswa","Barn Swallow",-1.71731071694426,-3.20743383948573,-0.0234957490830884,"029","Kern",74601.1518842987,69507.1159327667,-5094.03595153207,-6.82836098755227
"barswa","Barn Swallow",-2.30772079665272,-4.04081393879933,-0.532876664168178,"029","Kern",74601.1518842987,69507.1159327667,-5094.03595153207,-6.82836098755227
"barswa","Barn Swallow",-0.157621630502393,-1.32648752438298,0.531766848960869,"083","Santa Barbara",15785.533502095,14671.0945875333,-1114.43891456167,-7.0598748810977
"barswa","Barn Swallow",-2.18732571904286,-2.96926159853063,-1.20432505140267,"083","Santa Barbara",15785.533502095,14671.0945875333,-1114.43891456167,-7.0598748810977
"barswa","Barn Swallow",-1.54800445325278,-2.96552106755803,-0.164371780011059,"029","Kern",74601.1518842987,69507.1159327667,-5094.03595153207,-6.82836098755227
"barswa","Barn Swallow",-1.49913682551642,-3.08910510315104,-0.459367358523422,"029","Kern",74601.1518842987,69507.1159327667,-5094.03595153207,-6.82836098755227
"barswa","Barn Swallow",-4.14948483282037,-6.25437159977625,-1.69546212305938,"029","Kern",74601.1518842987,69507.1159327667,-5094.03595153207,-6.82836098755227
"barswa","Barn Swallow",-1.54732283873639,-3.59435942704406,-0.303259107625209,"029","Kern",74601.1518842987,69507.1159327667,-5094.03595153207,-6.82836098755227
"barswa","Barn Swallow",-3.69535351125849,-4.68169106687744,-1.85971921881557,"029","Kern",74601.1518842987,69507.1159327667,-5094.03595153207,-6.82836098755227
"barswa","Barn Swallow",-2.7967228628586,-3.92903489571123,-1.13418817510482,"083","Santa Barbara",15785.533502095,14671.0945875333,-1114.43891456167,-7.0598748810977
"barswa","Barn Swallow",-4.22915988849855,-5.94288722035906,-2.80088826276272,"083","Santa Barbara",15785.533502095,14671.0945875333,-1114.43891456167,-7.0598748810977
"barswa","Barn Swallow",-0.753521954147349,-1.94426563505308,0.528106523111608,"083","Santa Barbara",15785.533502095,14671.0945875333,-1114.43891456167,-7.0598748810977
"barswa","Barn Swallow",-1.33869743335266,-2.76705613254895,-0.304240847409367,"083","Santa Barbara",15785.533502095,14671.0945875333,-1114.43891456167,-7.0598748810977
"barswa","Barn Swallow",-1.15145526289316,-2.11167341064036,-0.0834846513196618,"083","Santa Barbara",15785.533502095,14671.0945875333,-1114.43891456167,-7.0598748810977
"barswa","Barn Swallow",-1.44298439739439,-3.07558395748911,-0.199127756960304,"083","Santa Barbara",15785.533502095,14671.0945875333,-1114.43891456167,-7.0598748810977
"barswa","Barn Swallow",-1.57581470249253,-2.25888727699348,-0.395695532667065,"111","Ventura",10411.114051394,9742.11075671667,-669.003294677335,-6.42585693879474
"barswa","Barn Swallow",-0.939351544628861,-2.77344263449248,0.518946678301161,"111","Ventura",10411.114051394,9742.11075671667,-669.003294677335,-6.42585693879474
"barswa","Barn Swallow",-0.875998128982917,-1.91206334201283,-0.129746725520856,"111","Ventura",10411.114051394,9742.11075671667,-669.003294677335,-6.42585693879474
"barswa","Barn Swallow",-1.41880080696486,-2.93498522829533,0.0264562219695077,"111","Ventura",10411.114051394,9742.11075671667,-669.003294677335,-6.42585693879474
"barswa","Barn Swallow",-1.28216936061216,-2.74087751511683,0.119548625573022,"111","Ventura",10411.114051394,9742.11075671667,-669.003294677335,-6.42585693879474
"barswa","Barn Swallow",-1.16406533804282,-2.50734796027453,0.00403588637628583,"083","Santa Barbara",15785.533502095,14671.0945875333,-1114.43891456167,-7.0598748810977
"barswa","Barn Swallow",-0.588433529740678,-1.76732653659315,0.519721872065256,"083","Santa Barbara",15785.533502095,14671.0945875333,-1114.43891456167,-7.0598748810977
"nrwswa","Northern Rough-winged Swallow",1.46803327977989,-0.580673410092131,3.05827508299514,"089","Shasta",1569.7237798975,1418.14744244567,-151.576337451833,-9.6562426710342
"nrwswa","Northern Rough-winged Swallow",0.295803836870278,-2.30975945674103,3.159987905226,"089","Shasta",1569.7237798975,1418.14744244567,-151.576337451833,-9.6562426710342
"nrwswa","Northern Rough-winged Swallow",-0.389394136726141,-1.29163162131152,1.4322035375381,"089","Shasta",1569.7237798975,1418.14744244567,-151.576337451833,-9.6562426710342
"nrwswa","Northern Rough-winged Swallow",-0.74509204627676,-1.92022502959793,0.627627963502454,"089","Shasta",1569.7237798975,1418.14744244567,-151.576337451833,-9.6562426710342
"nrwswa","Northern Rough-winged Swallow",0.167745866499809,-0.415718874242411,2.20640099279992,"089","Shasta",1569.7237798975,1418.14744244567,-151.576337451833,-9.6562426710342
"nrwswa","Northern Rough-winged Swallow",0.24836871383694,-1.26978935688892,1.49079433260848,"089","Shasta",1569.7237798975,1418.14744244567,-151.576337451833,-9.6562426710342
"nrwswa","Northern Rough-winged Swallow",-1.21849743081411,-2.52506235700653,0.933706706091312,"089","Shasta",1569.7237798975,1418.14744244567,-151.576337451833,-9.6562426710342
"nrwswa","Northern Rough-winged Swallow",0.903086629666104,-0.717734794609501,3.04558399521544,"089","Shasta",1569.7237798975,1418.14744244567,-151.576337451833,-9.6562426710342
"nrwswa","Northern Rough-winged Swallow",1.36408377953005,-2.06414158478089,4.17011202665587,"089","Shasta",1569.7237798975,1418.14744244567,-151.576337451833,-9.6562426710342
"nrwswa","Northern Rough-winged Swallow",-0.270202830309982,-2.01221200233181,1.86572737804096,"089","Shasta",1569.7237798975,1418.14744244567,-151.576337451833,-9.6562426710342
"nrwswa","Northern Rough-winged Swallow",0.468140130934185,-1.15238139630991,2.12817315032475,"089","Shasta",1569.7237798975,1418.14744244567,-151.576337451833,-9.6562426710342
"nrwswa","Northern Rough-winged Swallow",0.110038964593267,-1.92918421175406,1.596190384451,"089","Shasta",1569.7237798975,1418.14744244567,-151.576337451833,-9.6562426710342
"nrwswa","Northern Rough-winged Swallow",-0.388928938744052,-1.77100664577972,2.66558645912587,"089","Shasta",1569.7237798975,1418.14744244567,-151.576337451833,-9.6562426710342
"nrwswa","Northern Rough-winged Swallow",0.235089979275792,-2.16339871743669,2.29926998739385,"103","Tehama",4776.66591676875,5224.39196343667,447.726046667916,9.37319156225997
"nrwswa","Northern Rough-winged Swallow",-1.30237178859524,-3.47052404169255,0.831270189608017,"103","Tehama",4776.66591676875,5224.39196343667,447.726046667916,9.37319156225997
"nrwswa","Northern Rough-winged Swallow",-0.779435175585274,-2.65327239991588,0.296568258863837,"103","Tehama",4776.66591676875,5224.39196343667,447.726046667916,9.37319156225997
"nrwswa","Northern Rough-winged Swallow",-0.483392105904776,-1.68574925354434,2.16950337067173,"103","Tehama",4776.66591676875,5224.39196343667,447.726046667916,9.37319156225997
"nrwswa","Northern Rough-winged Swallow",-0.213319703963328,-1.7020611901087,2.26931509947211,"103","Tehama",4776.66591676875,5224.39196343667,447.726046667916,9.37319156225997
"nrwswa","Northern Rough-winged Swallow",-1.90520784978325,-4.43979348298648,0.855514317438454,"103","Tehama",4776.66591676875,5224.39196343667,447.726046667916,9.37319156225997
"nrwswa","Northern Rough-winged Swallow",-0.964763354541063,-2.46285041194526,0.472312192876893,"103","Tehama",4776.66591676875,5224.39196343667,447.726046667916,9.37319156225997
"nrwswa","Northern Rough-winged Swallow",-1.69799052561683,-3.39223255114013,-0.743554545426814,"103","Tehama",4776.66591676875,5224.39196343667,447.726046667916,9.37319156225997
"nrwswa","Northern Rough-winged Swallow",0.353661754778753,-1.38361134542315,2.65421393126891,"103","Tehama",4776.66591676875,5224.39196343667,447.726046667916,9.37319156225997
"nrwswa","Northern Rough-winged Swallow",-0.843553361556395,-2.10083835523915,1.40866019690819,"007","Butte",17305.4807113162,13250.4978645403,-4054.98284677592,-23.4317839210575
"nrwswa","Northern Rough-winged Swallow",-1.52918615451753,-3.66217138006676,0.383763729490881,"021","Glenn",12806.2711332137,12293.6018092067,-512.669324007084,-4.00326776369312
"nrwswa","Northern Rough-winged Swallow",-0.478987558789278,-1.42019637197442,0.571061010820575,"021","Glenn",12806.2711332137,12293.6018092067,-512.669324007084,-4.00326776369312
"nrwswa","Northern Rough-winged Swallow",-0.846092262085984,-2.20544813021799,0.205101332859913,"007","Butte",17305.4807113162,13250.4978645403,-4054.98284677592,-23.4317839210575
"nrwswa","Northern Rough-winged Swallow",1.61766183644796,0.443255666652684,2.84646080851768,"007","Butte",17305.4807113162,13250.4978645403,-4054.98284677592,-23.4317839210575
"nrwswa","Northern Rough-winged Swallow",-0.350297645987517,-2.27674889057869,1.73403986748981,"007","Butte",17305.4807113162,13250.4978645403,-4054.98284677592,-23.4317839210575
"nrwswa","Northern Rough-winged Swallow",-1.8632378586858,-4.17836646635135,0.0934609484238166,"033","Lake",1718.69798919125,1912.59252373333,193.894534542083,11.2814779421091
"nrwswa","Northern Rough-winged Swallow",-0.764802574377203,-2.5002361454246,1.27993393392154,"021","Glenn",12806.2711332137,12293.6018092067,-512.669324007084,-4.00326776369312
"nrwswa","Northern Rough-winged Swallow",-0.56768703795619,-2.08626416162517,0.583274986175366,"021","Glenn",12806.2711332137,12293.6018092067,-512.669324007084,-4.00326776369312
"nrwswa","Northern Rough-winged Swallow",-0.722971761777275,-3.06066258916251,0.829194650797334,"021","Glenn",12806.2711332137,12293.6018092067,-512.669324007084,-4.00326776369312
"nrwswa","Northern Rough-winged Swallow",-0.378662806969126,-2.10678851247342,1.13032288492011,"007","Butte",17305.4807113162,13250.4978645403,-4054.98284677592,-23.4317839210575
"nrwswa","Northern Rough-winged Swallow",-1.05554829939895,-2.61557732325667,1.04512455511117,"007","Butte",17305.4807113162,13250.4978645403,-4054.98284677592,-23.4317839210575
"nrwswa","Northern Rough-winged Swallow",-0.714953845888498,-2.87095900659112,2.65133085082041,"057","Nevada",584.85944172875,614.976583328333,30.1171415995833,5.14946659842951
"nrwswa","Northern Rough-winged Swallow",0.0394432575977172,-2.13725259807187,2.59122621578961,"011","Colusa",10797.5699021237,11436.1834091,638.613506976251,5.9144188253937
"nrwswa","Northern Rough-winged Swallow",-0.962504392109244,-2.69989199389887,0.435089958994032,"011","Colusa",10797.5699021237,11436.1834091,638.613506976251,5.9144188253937
"nrwswa","Northern Rough-winged Swallow",-0.0916217206065938,-1.87975493448083,3.36328913021497,"011","Colusa",10797.5699021237,11436.1834091,638.613506976251,5.9144188253937
"nrwswa","Northern Rough-winged Swallow",-0.0558420060512715,-1.83579369414923,0.777466608970576,"101","Sutter",10166.2668812465,11085.6980230267,919.431141780167,9.04394063740568
"nrwswa","Northern Rough-winged Swallow",-0.0304936754163824,-1.40602519642066,1.06940236626885,"115","Yuba",4677.3119707775,5894.797938218,1217.4859674405,26.0296079253854
"nrwswa","Northern Rough-winged Swallow",-0.232069849228219,-0.917430814751857,1.65447235454855,"057","Nevada",584.85944172875,614.976583328333,30.1171415995833,5.14946659842951
"nrwswa","Northern Rough-winged Swallow",-0.352606978697766,-2.42712884385431,2.5649639875204,"057","Nevada",584.85944172875,614.976583328333,30.1171415995833,5.14946659842951
"nrwswa","Northern Rough-winged Swallow",-1.94500133648436,-3.92086846202995,1.36160404708791,"061","Placer",8323.73077271625,25886.6366847517,17562.9059120354,210.998005480951
"nrwswa","Northern Rough-winged Swallow",-0.348868346666758,-1.19779504375307,1.00767352423545,"061","Placer",8323.73077271625,25886.6366847517,17562.9059120354,210.998005480951
"nrwswa","Northern Rough-winged Swallow",0.659155187241134,-1.29556309049264,2.84452956728063,"033","Lake",1718.69798919125,1912.59252373333,193.894534542083,11.2814779421091
"nrwswa","Northern Rough-winged Swallow",2.24062014099291,1.00654324524907,3.31235943346622,"033","Lake",1718.69798919125,1912.59252373333,193.894534542083,11.2814779421091
"nrwswa","Northern Rough-winged Swallow",-0.313723620212091,-1.80354900854005,1.29809695380045,"011","Colusa",10797.5699021237,11436.1834091,638.613506976251,5.9144188253937
"nrwswa","Northern Rough-winged Swallow",0.219077956537364,-1.02268540948919,1.62815639726504,"011","Colusa",10797.5699021237,11436.1834091,638.613506976251,5.9144188253937
"nrwswa","Northern Rough-winged Swallow",-0.0477638580536392,-1.09516132531956,1.26014374725057,"101","Sutter",10166.2668812465,11085.6980230267,919.431141780167,9.04394063740568
"nrwswa","Northern Rough-winged Swallow",-0.620611891057684,-2.10847448907463,0.424673331011355,"115","Yuba",4677.3119707775,5894.797938218,1217.4859674405,26.0296079253854
"nrwswa","Northern Rough-winged Swallow",0.250337096892181,-0.59584802066947,3.29701018369631,"057","Nevada",584.85944172875,614.976583328333,30.1171415995833,5.14946659842951
"nrwswa","Northern Rough-winged Swallow",1.84179617394743,-0.472739893314953,3.40289734729296,"061","Placer",8323.73077271625,25886.6366847517,17562.9059120354,210.998005480951
"nrwswa","Northern Rough-winged Swallow",-0.246013862344593,-2.10339204666516,2.68184228341569,"061","Placer",8323.73077271625,25886.6366847517,17562.9059120354,210.998005480951
"nrwswa","Northern Rough-winged Swallow",0.487410253053473,-2.02697446208945,1.64053247087367,"097","Sonoma",2256.6156008515,3675.98983904567,1419.37423819417,62.8983614957987
"nrwswa","Northern Rough-winged Swallow",-0.144991035458951,-1.25808534954866,2.18762122393845,"097","Sonoma",2256.6156008515,3675.98983904567,1419.37423819417,62.8983614957987
"nrwswa","Northern Rough-winged Swallow",-0.155513789537546,-1.53724732593109,1.30713135585538,"033","Lake",1718.69798919125,1912.59252373333,193.894534542083,11.2814779421091
"nrwswa","Northern Rough-winged Swallow",-0.244001601530854,-1.64760008194868,1.12100135363854,"113","Yolo",10252.8175544867,10895.0128914133,642.195336926585,6.26359860120161
"nrwswa","Northern Rough-winged Swallow",-0.521721078125679,-1.50658879765947,1.01947206020618,"113","Yolo",10252.8175544867,10895.0128914133,642.195336926585,6.26359860120161
"nrwswa","Northern Rough-winged Swallow",0.76404871111962,-1.55451088123757,3.58075315753993,"101","Sutter",10166.2668812465,11085.6980230267,919.431141780167,9.04394063740568
"nrwswa","Northern Rough-winged Swallow",-0.92250738048324,-3.43254107975952,0.589734424328825,"061","Placer",8323.73077271625,25886.6366847517,17562.9059120354,210.998005480951
"nrwswa","Northern Rough-winged Swallow",-0.969130440735069,-1.63761527807039,0.889341449471579,"003","Alpine",59.5949305375,8.86230470833334,-50.7326258291667,-85.1290963368826
"nrwswa","Northern Rough-winged Swallow",0.280793321139151,-2.84193242860386,1.9389420277711,"097","Sonoma",2256.6156008515,3675.98983904567,1419.37423819417,62.8983614957987
"nrwswa","Northern Rough-winged Swallow",1.39451910530778,-0.20415707933506,2.60439864567518,"097","Sonoma",2256.6156008515,3675.98983904567,1419.37423819417,62.8983614957987
"nrwswa","Northern Rough-winged Swallow",0.643344821095807,-1.19938439060862,2.74414419939256,"097","Sonoma",2256.6156008515,3675.98983904567,1419.37423819417,62.8983614957987
"nrwswa","Northern Rough-winged Swallow",0.580248225016122,-0.604040920147332,2.57739557253802,"055","Napa",469.19231620375,817.717455058333,348.525138854583,74.281936600009
"nrwswa","Northern Rough-winged Swallow",0.556874991723436,-0.27744631090867,1.44001005236451,"113","Yolo",10252.8175544867,10895.0128914133,642.195336926585,6.26359860120161
"nrwswa","Northern Rough-winged Swallow",-0.439870329044665,-2.59978518771712,1.04777855799014,"113","Yolo",10252.8175544867,10895.0128914133,642.195336926585,6.26359860120161
"nrwswa","Northern Rough-winged Swallow",-0.527412001380693,-3.36535169585732,2.06162958616166,"067","Sacramento",27168.475418409,38155.3438019967,10986.8683835877,40.4397678352724
"nrwswa","Northern Rough-winged Swallow",-1.04103159612574,-2.78254707595068,1.75889839549568,"067","Sacramento",27168.475418409,38155.3438019967,10986.8683835877,40.4397678352724
"nrwswa","Northern Rough-winged Swallow",-0.416285088832936,-2.23836687070518,2.18524557312782,"003","Alpine",59.5949305375,8.86230470833334,-50.7326258291667,-85.1290963368826
"nrwswa","Northern Rough-winged Swallow",-1.1505702568328,-2.18706850908042,0.0985304083408015,"097","Sonoma",2256.6156008515,3675.98983904567,1419.37423819417,62.8983614957987
"nrwswa","Northern Rough-winged Swallow",-0.277834851564253,-1.75977394461275,2.31365510465127,"097","Sonoma",2256.6156008515,3675.98983904567,1419.37423819417,62.8983614957987
"nrwswa","Northern Rough-winged Swallow",0.788070239194793,-0.153513516100281,2.20647022562992,"055","Napa",469.19231620375,817.717455058333,348.525138854583,74.281936600009
"nrwswa","Northern Rough-winged Swallow",-0.283548291586561,-0.999822814553844,0.830305383017824,"095","Solano",7388.3827048315,6514.78400811667,-873.598696714833,-11.8239502691646
"nrwswa","Northern Rough-winged Swallow",0.0512285563316806,-2.58588297315025,1.44386791302478,"113","Yolo",10252.8175544867,10895.0128914133,642.195336926585,6.26359860120161
"nrwswa","Northern Rough-winged Swallow",0.590971470090455,-0.582738289903105,2.28080058884325,"067","Sacramento",27168.475418409,38155.3438019967,10986.8683835877,40.4397678352724
"nrwswa","Northern Rough-winged Swallow",-1.14223647116738,-2.24044714265672,0.419443338009088,"067","Sacramento",27168.475418409,38155.3438019967,10986.8683835877,40.4397678352724
"nrwswa","Northern Rough-winged Swallow",-0.106990324412329,-1.65288221157827,2.21771272470703,"095","Solano",7388.3827048315,6514.78400811667,-873.598696714833,-11.8239502691646
"nrwswa","Northern Rough-winged Swallow",-0.0402118097032452,-1.32348783307529,1.13568630786423,"095","Solano",7388.3827048315,6514.78400811667,-873.598696714833,-11.8239502691646
"nrwswa","Northern Rough-winged Swallow",0.185897507754208,-1.38495247855894,2.12294768057469,"077","San Joaquin",33031.4631906315,75878.7690705583,42847.3058799268,129.716645104839
"nrwswa","Northern Rough-winged Swallow",-1.34253336788471,-2.91867642803859,0.867727633201899,"077","San Joaquin",33031.4631906315,75878.7690705583,42847.3058799268,129.716645104839
"nrwswa","Northern Rough-winged Swallow",0.806875072060776,-0.604922610314554,2.05042696679604,"077","San Joaquin",33031.4631906315,75878.7690705583,42847.3058799268,129.716645104839
"nrwswa","Northern Rough-winged Swallow",1.73370287522065,-1.83010752002297,4.1897847400162,"077","San Joaquin",33031.4631906315,75878.7690705583,42847.3058799268,129.716645104839
"nrwswa","Northern Rough-winged Swallow",-0.803570731696878,-1.83147131173422,0.374474602729685,"099","Stanislaus",37276.3724203613,58401.425535015,21125.0531146537,56.6714294954161
"nrwswa","Northern Rough-winged Swallow",-0.0209023568409127,-2.45582545275599,2.43630309843089,"001","Alameda",3984.5234863695,9475.54966687166,5491.02618050216,137.808854666968
"nrwswa","Northern Rough-winged Swallow",-0.118148325700337,-0.850606678051513,0.57864839340028,"001","Alameda",3984.5234863695,9475.54966687166,5491.02618050216,137.808854666968
"nrwswa","Northern Rough-winged Swallow",-0.203461597164027,-1.30662596546772,0.914586833453323,"077","San Joaquin",33031.4631906315,75878.7690705583,42847.3058799268,129.716645104839
"nrwswa","Northern Rough-winged Swallow",0.126478787732218,-0.880739206684025,1.47175110494508,"099","Stanislaus",37276.3724203613,58401.425535015,21125.0531146537,56.6714294954161
"nrwswa","Northern Rough-winged Swallow",-1.01155159691371,-2.92621990552014,0.775227853852565,"099","Stanislaus",37276.3724203613,58401.425535015,21125.0531146537,56.6714294954161
"nrwswa","Northern Rough-winged Swallow",-2.67664550165525,-4.52153676785372,0.264932387939113,"099","Stanislaus",37276.3724203613,58401.425535015,21125.0531146537,56.6714294954161
"nrwswa","Northern Rough-winged Swallow",-1.5840018464427,-3.13843129416379,1.36079244000402,"085","Santa Clara",19892.1976778343,23263.3744339317,3371.17675609741,16.9472313250431
"nrwswa","Northern Rough-winged Swallow",1.15242870018403,-0.840653115645608,2.58080872099058,"085","Santa Clara",19892.1976778343,23263.3744339317,3371.17675609741,16.9472313250431
"nrwswa","Northern Rough-winged Swallow",0.162768590289417,-1.20282835475292,2.43301120121595,"099","Stanislaus",37276.3724203613,58401.425535015,21125.0531146537,56.6714294954161
"nrwswa","Northern Rough-winged Swallow",-0.576459509254664,-1.48247818903029,0.884474041113563,"099","Stanislaus",37276.3724203613,58401.425535015,21125.0531146537,56.6714294954161
"nrwswa","Northern Rough-winged Swallow",-0.814995394210753,-1.6861724329357,0.919880583715289,"047","Merced",23606.1950159562,24287.3476291183,681.152613162085,2.88548244518725
"nrwswa","Northern Rough-winged Swallow",-0.231877410954711,-1.12743673681219,0.773223973339381,"047","Merced",23606.1950159562,24287.3476291183,681.152613162085,2.88548244518725
"nrwswa","Northern Rough-winged Swallow",1.7798878969377,0.820344133276927,3.88045275482236,"039","Madera",39564.0858945838,34763.5345316233,-4800.55136296042,-12.1336086868055
"nrwswa","Northern Rough-winged Swallow",2.33102160152601,1.39538456103464,3.23890253259033,"039","Madera",39564.0858945838,34763.5345316233,-4800.55136296042,-12.1336086868055
"nrwswa","Northern Rough-winged Swallow",3.46980861239961,2.13459261340153,4.67698287357951,"019","Fresno",99213.3422313488,113741.823802775,14528.4815714259,14.6436771957021
"nrwswa","Northern Rough-winged Swallow",-1.06953702821533,-2.92424934268178,1.09683904878052,"087","Santa Cruz",3112.116775988,2301.77151022833,-810.345265759667,-26.0383952174291
"nrwswa","Northern Rough-winged Swallow",0.470535091360325,-0.489897449622802,2.44349146321,"085","Santa Clara",19892.1976778343,23263.3744339317,3371.17675609741,16.9472313250431
"nrwswa","Northern Rough-winged Swallow",0.730074252675396,-0.437758943208996,1.82056507113399,"085","Santa Clara",19892.1976778343,23263.3744339317,3371.17675609741,16.9472313250431
"nrwswa","Northern Rough-winged Swallow",-0.174672413055816,-3.17896909604105,1.14427774771782,"085","Santa Clara",19892.1976778343,23263.3744339317,3371.17675609741,16.9472313250431
"nrwswa","Northern Rough-winged Swallow",-0.323473534952837,-1.6301444378283,0.698486052785215,"047","Merced",23606.1950159562,24287.3476291183,681.152613162085,2.88548244518725
"nrwswa","Northern Rough-winged Swallow",0.267857313027596,-2.33722368629228,4.75321915248156,"047","Merced",23606.1950159562,24287.3476291183,681.152613162085,2.88548244518725
"nrwswa","Northern Rough-winged Swallow",-0.592394043528215,-2.09170267950678,0.818939907487885,"039","Madera",39564.0858945838,34763.5345316233,-4800.55136296042,-12.1336086868055
"nrwswa","Northern Rough-winged Swallow",-1.12986907697554,-2.60547827851542,0.819690130280302,"039","Madera",39564.0858945838,34763.5345316233,-4800.55136296042,-12.1336086868055
"nrwswa","Northern Rough-winged Swallow",-0.572099411648989,-2.15868629213192,1.63042380715565,"039","Madera",39564.0858945838,34763.5345316233,-4800.55136296042,-12.1336086868055
"nrwswa","Northern Rough-winged Swallow",4.05596676235221,2.51389380022008,4.89272241170174,"019","Fresno",99213.3422313488,113741.823802775,14528.4815714259,14.6436771957021
"nrwswa","Northern Rough-winged Swallow",1.48951118373317,-0.161917987220081,2.3353135597088,"019","Fresno",99213.3422313488,113741.823802775,14528.4815714259,14.6436771957021
"nrwswa","Northern Rough-winged Swallow",0.0196591723569698,-1.62925786252559,1.37760276813113,"053","Monterey",45840.9037836362,42337.8553829317,-3503.04840070458,-7.64175247774032
"nrwswa","Northern Rough-winged Swallow",-0.276647114093749,-1.25033673369938,0.606258311328761,"069","San Benito",3579.11739903375,2796.1208155,-782.99658353375,-21.8768063809568
"nrwswa","Northern Rough-winged Swallow",-0.118020425795536,-2.38478399159426,2.28917074604285,"047","Merced",23606.1950159562,24287.3476291183,681.152613162085,2.88548244518725
"nrwswa","Northern Rough-winged Swallow",0.610732671861148,-0.88730013525453,2.37241326383428,"047","Merced",23606.1950159562,24287.3476291183,681.152613162085,2.88548244518725
"nrwswa","Northern Rough-winged Swallow",-0.069869776786298,-1.9634430820481,1.03754433534142,"019","Fresno",99213.3422313488,113741.823802775,14528.4815714259,14.6436771957021
"nrwswa","Northern Rough-winged Swallow",0.243835556236637,-3.38226391747557,1.74968426713394,"039","Madera",39564.0858945838,34763.5345316233,-4800.55136296042,-12.1336086868055
"nrwswa","Northern Rough-winged Swallow",-0.829289475761856,-1.6594588277583,0.919374106758843,"039","Madera",39564.0858945838,34763.5345316233,-4800.55136296042,-12.1336086868055
"nrwswa","Northern Rough-winged Swallow",-0.925495332546152,-3.06544205974604,0.285080263166883,"019","Fresno",99213.3422313488,113741.823802775,14528.4815714259,14.6436771957021
"nrwswa","Northern Rough-winged Swallow",-0.607708570405848,-2.1427892488513,0.586015533133403,"019","Fresno",99213.3422313488,113741.823802775,14528.4815714259,14.6436771957021
"nrwswa","Northern Rough-winged Swallow",3.21678310116223,1.27866744326713,4.47481076512172,"019","Fresno",99213.3422313488,113741.823802775,14528.4815714259,14.6436771957021
"nrwswa","Northern Rough-winged Swallow",-0.971091193429019,-3.47292424470624,2.33561323729264,"019","Fresno",99213.3422313488,113741.823802775,14528.4815714259,14.6436771957021
"nrwswa","Northern Rough-winged Swallow",-0.0799041493357762,-1.06796578381729,1.65356658482123,"053","Monterey",45840.9037836362,42337.8553829317,-3503.04840070458,-7.64175247774032
"nrwswa","Northern Rough-winged Swallow",-0.299701194157726,-1.4772537348704,1.97951300813299,"053","Monterey",45840.9037836362,42337.8553829317,-3503.04840070458,-7.64175247774032
"nrwswa","Northern Rough-winged Swallow",-1.26638333883879,-2.97832151808988,0.350512068117366,"069","San Benito",3579.11739903375,2796.1208155,-782.99658353375,-21.8768063809568
"nrwswa","Northern Rough-winged Swallow",-0.627431366875094,-2.07490211084468,0.970725157450912,"019","Fresno",99213.3422313488,113741.823802775,14528.4815714259,14.6436771957021
"nrwswa","Northern Rough-winged Swallow",-0.345384690269044,-1.10660818091947,1.51395919476046,"019","Fresno",99213.3422313488,113741.823802775,14528.4815714259,14.6436771957021
"nrwswa","Northern Rough-winged Swallow",-0.132239608468735,-2.46932391446093,1.14208040108287,"019","Fresno",99213.3422313488,113741.823802775,14528.4815714259,14.6436771957021
"nrwswa","Northern Rough-winged Swallow",-0.719055473817134,-1.33009313272879,0.432689769447517,"019","Fresno",99213.3422313488,113741.823802775,14528.4815714259,14.6436771957021
"nrwswa","Northern Rough-winged Swallow",-0.458694312321646,-2.47573491480415,1.71802452375598,"019","Fresno",99213.3422313488,113741.823802775,14528.4815714259,14.6436771957021
"nrwswa","Northern Rough-winged Swallow",-0.712082344846461,-1.95260576630216,1.47711280055126,"107","Tulare",45608.8348387387,49051.71667439,3442.88183565126,7.54871692693842
"nrwswa","Northern Rough-winged Swallow",2.4418653738994,-0.150449245190185,3.91116476137354,"107","Tulare",45608.8348387387,49051.71667439,3442.88183565126,7.54871692693842
"nrwswa","Northern Rough-winged Swallow",0.833883524553507,-1.84094351807436,3.82869767242874,"053","Monterey",45840.9037836362,42337.8553829317,-3503.04840070458,-7.64175247774032
"nrwswa","Northern Rough-winged Swallow",1.20525525814985,-0.886611511610116,3.32544614860437,"053","Monterey",45840.9037836362,42337.8553829317,-3503.04840070458,-7.64175247774032
"nrwswa","Northern Rough-winged Swallow",-0.517061719228148,-1.66419178580379,0.655254983170012,"053","Monterey",45840.9037836362,42337.8553829317,-3503.04840070458,-7.64175247774032
"nrwswa","Northern Rough-winged Swallow",-0.797536911343828,-2.58613361381608,1.71313124606063,"069","San Benito",3579.11739903375,2796.1208155,-782.99658353375,-21.8768063809568
"nrwswa","Northern Rough-winged Swallow",0.0338588794186595,-1.18435879663268,1.00552040667882,"069","San Benito",3579.11739903375,2796.1208155,-782.99658353375,-21.8768063809568
"nrwswa","Northern Rough-winged Swallow",0.489479780894851,-0.907008147566413,2.24637011279808,"019","Fresno",99213.3422313488,113741.823802775,14528.4815714259,14.6436771957021
"nrwswa","Northern Rough-winged Swallow",-0.364907583637906,-1.83148219654023,1.44405550559573,"019","Fresno",99213.3422313488,113741.823802775,14528.4815714259,14.6436771957021
"nrwswa","Northern Rough-winged Swallow",-1.06014053762994,-2.6326569938662,0.0440391523517413,"019","Fresno",99213.3422313488,113741.823802775,14528.4815714259,14.6436771957021
"nrwswa","Northern Rough-winged Swallow",-0.666263941261791,-1.82342837649481,0.532383114839677,"107","Tulare",45608.8348387387,49051.71667439,3442.88183565126,7.54871692693842
"nrwswa","Northern Rough-winged Swallow",-0.27221947513697,-1.28894036921542,1.0586085068112,"107","Tulare",45608.8348387387,49051.71667439,3442.88183565126,7.54871692693842
"nrwswa","Northern Rough-winged Swallow",1.48983679213979,-0.0941525466786579,2.88229450134027,"107","Tulare",45608.8348387387,49051.71667439,3442.88183565126,7.54871692693842
"nrwswa","Northern Rough-winged Swallow",-0.118100387942742,-3.56180544511663,3.93753024215949,"107","Tulare",45608.8348387387,49051.71667439,3442.88183565126,7.54871692693842
"nrwswa","Northern Rough-winged Swallow",-0.893828457014289,-4.11502213724641,1.93807459014778,"107","Tulare",45608.8348387387,49051.71667439,3442.88183565126,7.54871692693842
"nrwswa","Northern Rough-winged Swallow",0.291486266687782,-1.63069618816241,1.77215989958923,"053","Monterey",45840.9037836362,42337.8553829317,-3503.04840070458,-7.64175247774032
"nrwswa","Northern Rough-winged Swallow",-0.412474973564172,-1.72554742662516,1.22649344642988,"053","Monterey",45840.9037836362,42337.8553829317,-3503.04840070458,-7.64175247774032
"nrwswa","Northern Rough-winged Swallow",0.290040747958548,-1.89777432529605,1.48556957983483,"053","Monterey",45840.9037836362,42337.8553829317,-3503.04840070458,-7.64175247774032
"nrwswa","Northern Rough-winged Swallow",0.109492402676067,-2.6087934726661,1.89917864541594,"019","Fresno",99213.3422313488,113741.823802775,14528.4815714259,14.6436771957021
"nrwswa","Northern Rough-winged Swallow",-0.541517576613035,-1.9766257787429,1.01145745436902,"019","Fresno",99213.3422313488,113741.823802775,14528.4815714259,14.6436771957021
"nrwswa","Northern Rough-winged Swallow",0.404482293962709,-1.10748432504359,1.66131034770141,"019","Fresno",99213.3422313488,113741.823802775,14528.4815714259,14.6436771957021
"nrwswa","Northern Rough-winged Swallow",0.848452133629871,-2.08479373912482,2.81044812281553,"031","Kings",29227.06055423,30053.4240530433,826.363498813334,2.82739174977942
"nrwswa","Northern Rough-winged Swallow",0.0471332988359077,-0.98604406949169,1.78005507704334,"107","Tulare",45608.8348387387,49051.71667439,3442.88183565126,7.54871692693842
"nrwswa","Northern Rough-winged Swallow",-0.182080552372808,-1.28924773814972,0.65296213929265,"107","Tulare",45608.8348387387,49051.71667439,3442.88183565126,7.54871692693842
"nrwswa","Northern Rough-winged Swallow",0.65937067345032,-0.980080729720528,2.45479972007325,"107","Tulare",45608.8348387387,49051.71667439,3442.88183565126,7.54871692693842
"nrwswa","Northern Rough-winged Swallow",-0.843873830328628,-3.7620978022377,2.15987746280642,"053","Monterey",45840.9037836362,42337.8553829317,-3503.04840070458,-7.64175247774032
"nrwswa","Northern Rough-winged Swallow",-0.348374513000689,-2.04133876573745,1.47609422560877,"053","Monterey",45840.9037836362,42337.8553829317,-3503.04840070458,-7.64175247774032
"nrwswa","Northern Rough-winged Swallow",-0.107142435910841,-3.07966726088577,1.99096324917666,"053","Monterey",45840.9037836362,42337.8553829317,-3503.04840070458,-7.64175247774032
"nrwswa","Northern Rough-winged Swallow",0.224374321092453,-1.29428389836479,1.42121719893691,"031","Kings",29227.06055423,30053.4240530433,826.363498813334,2.82739174977942
"nrwswa","Northern Rough-winged Swallow",-1.08994882326536,-2.4677484569472,0.371342052188626,"031","Kings",29227.06055423,30053.4240530433,826.363498813334,2.82739174977942
"nrwswa","Northern Rough-winged Swallow",1.43158954585919,-0.69773263268441,4.00349852234929,"031","Kings",29227.06055423,30053.4240530433,826.363498813334,2.82739174977942
"nrwswa","Northern Rough-winged Swallow",0.79121233899245,-0.664720336164435,1.91925785102065,"107","Tulare",45608.8348387387,49051.71667439,3442.88183565126,7.54871692693842
"nrwswa","Northern Rough-winged Swallow",-0.444996699339704,-1.5647191307529,0.374754486457798,"107","Tulare",45608.8348387387,49051.71667439,3442.88183565126,7.54871692693842
"nrwswa","Northern Rough-winged Swallow",0.839724605241883,-0.990697953750757,3.04122657305049,"107","Tulare",45608.8348387387,49051.71667439,3442.88183565126,7.54871692693842
"nrwswa","Northern Rough-winged Swallow",1.98438779924952,0.758867545251631,3.35904582071969,"079","San Luis Obispo",6395.55790982775,5933.96905622033,-461.588853607417,-7.21733522103076
"nrwswa","Northern Rough-winged Swallow",-0.991545094958722,-1.85187524536757,-0.0646622204536194,"079","San Luis Obispo",6395.55790982775,5933.96905622033,-461.588853607417,-7.21733522103076
"nrwswa","Northern Rough-winged Swallow",-0.33854871540742,-3.39998751178753,1.25383369335558,"079","San Luis Obispo",6395.55790982775,5933.96905622033,-461.588853607417,-7.21733522103076
"nrwswa","Northern Rough-winged Swallow",0.341517990466205,-2.07775677521944,1.6278491719799,"029","Kern",74601.1518842987,69507.1159327667,-5094.03595153207,-6.82836098755227
"nrwswa","Northern Rough-winged Swallow",0.180637908075326,-2.09347473112973,2.43857680019989,"029","Kern",74601.1518842987,69507.1159327667,-5094.03595153207,-6.82836098755227
"nrwswa","Northern Rough-winged Swallow",0.0776318624099327,-1.78037182778655,1.70991868851478,"029","Kern",74601.1518842987,69507.1159327667,-5094.03595153207,-6.82836098755227
"nrwswa","Northern Rough-winged Swallow",0.812670781989186,-0.408083497544522,2.1356583589309,"029","Kern",74601.1518842987,69507.1159327667,-5094.03595153207,-6.82836098755227
"nrwswa","Northern Rough-winged Swallow",-1.07437389003355,-3.14111672056584,0.818061143183546,"029","Kern",74601.1518842987,69507.1159327667,-5094.03595153207,-6.82836098755227
"nrwswa","Northern Rough-winged Swallow",0.253469625469497,-2.12272072811948,2.25165290474003,"029","Kern",74601.1518842987,69507.1159327667,-5094.03595153207,-6.82836098755227
"nrwswa","Northern Rough-winged Swallow",0.11672548936634,-1.32148371747621,1.73480102376197,"029","Kern",74601.1518842987,69507.1159327667,-5094.03595153207,-6.82836098755227
"nrwswa","Northern Rough-winged Swallow",-1.04951751236725,-2.90079105333678,0.546788335424573,"029","Kern",74601.1518842987,69507.1159327667,-5094.03595153207,-6.82836098755227
"nrwswa","Northern Rough-winged Swallow",0.410972230104437,-0.964824630479465,1.77024091923576,"079","San Luis Obispo",6395.55790982775,5933.96905622033,-461.588853607417,-7.21733522103076
"nrwswa","Northern Rough-winged Swallow",-0.444453602258652,-1.88510248826565,1.64805625261631,"079","San Luis Obispo",6395.55790982775,5933.96905622033,-461.588853607417,-7.21733522103076
"nrwswa","Northern Rough-winged Swallow",-0.89067342355109,-2.83366172787864,-0.266827232153132,"079","San Luis Obispo",6395.55790982775,5933.96905622033,-461.588853607417,-7.21733522103076
"nrwswa","Northern Rough-winged Swallow",-0.494267661821423,-2.4926915407431,1.14182161586269,"029","Kern",74601.1518842987,69507.1159327667,-5094.03595153207,-6.82836098755227
"nrwswa","Northern Rough-winged Swallow",-0.814112601648112,-2.20105378061001,0.320106838276752,"029","Kern",74601.1518842987,69507.1159327667,-5094.03595153207,-6.82836098755227
"nrwswa","Northern Rough-winged Swallow",-0.011094106246958,-0.914031684729941,1.23418850161607,"029","Kern",74601.1518842987,69507.1159327667,-5094.03595153207,-6.82836098755227
"nrwswa","Northern Rough-winged Swallow",-0.962676564849717,-3.00205020256303,0.610036472286771,"029","Kern",74601.1518842987,69507.1159327667,-5094.03595153207,-6.82836098755227
"nrwswa","Northern Rough-winged Swallow",-0.879445103574671,-2.36147927469989,0.802497207794934,"029","Kern",74601.1518842987,69507.1159327667,-5094.03595153207,-6.82836098755227
"nrwswa","Northern Rough-winged Swallow",0.942941529044069,-1.13730572502947,2.8171185896675,"029","Kern",74601.1518842987,69507.1159327667,-5094.03595153207,-6.82836098755227
"nrwswa","Northern Rough-winged Swallow",-0.247028576450689,-2.32321660210072,0.80486799431676,"079","San Luis Obispo",6395.55790982775,5933.96905622033,-461.588853607417,-7.21733522103076
"nrwswa","Northern Rough-winged Swallow",-0.116540587657402,-2.84636199691336,1.20505929233067,"079","San Luis Obispo",6395.55790982775,5933.96905622033,-461.588853607417,-7.21733522103076
"nrwswa","Northern Rough-winged Swallow",-1.44799668829235,-3.08030998111705,-0.533105338436821,"079","San Luis Obispo",6395.55790982775,5933.96905622033,-461.588853607417,-7.21733522103076
"nrwswa","Northern Rough-winged Swallow",-0.13267897481403,-2.124826430121,1.97428455113079,"079","San Luis Obispo",6395.55790982775,5933.96905622033,-461.588853607417,-7.21733522103076
"nrwswa","Northern Rough-winged Swallow",-1.48044374393983,-2.78850537781175,-0.0242601874879456,"029","Kern",74601.1518842987,69507.1159327667,-5094.03595153207,-6.82836098755227
"nrwswa","Northern Rough-winged Swallow",0.409291268545377,-1.14921940330172,1.71343279412121,"029","Kern",74601.1518842987,69507.1159327667,-5094.03595153207,-6.82836098755227
"nrwswa","Northern Rough-winged Swallow",-1.12081704965552,-1.92746438567666,0.143405754129741,"029","Kern",74601.1518842987,69507.1159327667,-5094.03595153207,-6.82836098755227
"nrwswa","Northern Rough-winged Swallow",-1.1879365410956,-2.43098483605294,-0.0801277626805676,"029","Kern",74601.1518842987,69507.1159327667,-5094.03595153207,-6.82836098755227
"nrwswa","Northern Rough-winged Swallow",-2.63030195521294,-3.92707484598595,-0.41330840714031,"029","Kern",74601.1518842987,69507.1159327667,-5094.03595153207,-6.82836098755227
"nrwswa","Northern Rough-winged Swallow",-1.35703103017517,-2.91618337457969,2.29763223976978,"029","Kern",74601.1518842987,69507.1159327667,-5094.03595153207,-6.82836098755227
"nrwswa","Northern Rough-winged Swallow",-1.37721788469915,-2.36483742579235,0.189601063473653,"083","Santa Barbara",15785.533502095,14671.0945875333,-1114.43891456167,-7.0598748810977
"nrwswa","Northern Rough-winged Swallow",0.520445349772586,-0.429257916243298,1.51162170397334,"083","Santa Barbara",15785.533502095,14671.0945875333,-1114.43891456167,-7.0598748810977
"nrwswa","Northern Rough-winged Swallow",0.932271776674713,-0.582442032224112,2.14197564463839,"083","Santa Barbara",15785.533502095,14671.0945875333,-1114.43891456167,-7.0598748810977
"nrwswa","Northern Rough-winged Swallow",0.0824371440311029,-1.48923495755407,3.30204630957846,"083","Santa Barbara",15785.533502095,14671.0945875333,-1114.43891456167,-7.0598748810977
"nrwswa","Northern Rough-winged Swallow",-0.394271895893442,-1.70643198824577,0.36941556433453,"029","Kern",74601.1518842987,69507.1159327667,-5094.03595153207,-6.82836098755227
"nrwswa","Northern Rough-winged Swallow",0.298754273275594,-0.830677764590813,2.51214379481237,"029","Kern",74601.1518842987,69507.1159327667,-5094.03595153207,-6.82836098755227
"nrwswa","Northern Rough-winged Swallow",-0.345564307011088,-1.16483064971629,1.23955693330757,"029","Kern",74601.1518842987,69507.1159327667,-5094.03595153207,-6.82836098755227
"nrwswa","Northern Rough-winged Swallow",-0.635924892896824,-2.94335884838732,2.04589633557384,"029","Kern",74601.1518842987,69507.1159327667,-5094.03595153207,-6.82836098755227
"nrwswa","Northern Rough-winged Swallow",-4.01282200332593,-5.25396873490208,-2.03635817554282,"029","Kern",74601.1518842987,69507.1159327667,-5094.03595153207,-6.82836098755227
"nrwswa","Northern Rough-winged Swallow",-0.916274418559039,-1.67691346533983,0.492641412860767,"029","Kern",74601.1518842987,69507.1159327667,-5094.03595153207,-6.82836098755227
"nrwswa","Northern Rough-winged Swallow",-0.397825612017075,-1.81470224655185,0.669069790770611,"029","Kern",74601.1518842987,69507.1159327667,-5094.03595153207,-6.82836098755227
"nrwswa","Northern Rough-winged Swallow",-1.48636836731697,-2.5678280824472,-0.519086454498102,"083","Santa Barbara",15785.533502095,14671.0945875333,-1114.43891456167,-7.0598748810977
"nrwswa","Northern Rough-winged Swallow",-0.0872630950533901,-3.416342573967,2.23606615667049,"083","Santa Barbara",15785.533502095,14671.0945875333,-1114.43891456167,-7.0598748810977
"nrwswa","Northern Rough-winged Swallow",-1.54640143511562,-3.11436367776888,1.28471325602587,"083","Santa Barbara",15785.533502095,14671.0945875333,-1114.43891456167,-7.0598748810977
"nrwswa","Northern Rough-winged Swallow",-1.25113617517762,-4.05404481423568,0.512888286402629,"111","Ventura",10411.114051394,9742.11075671667,-669.003294677335,-6.42585693879474
"nrwswa","Northern Rough-winged Swallow",-1.51137699579697,-3.66971066115097,-0.467042258938055,"111","Ventura",10411.114051394,9742.11075671667,-669.003294677335,-6.42585693879474
"nrwswa","Northern Rough-winged Swallow",0.405477714589856,-2.15701648311896,2.41522236375683,"083","Santa Barbara",15785.533502095,14671.0945875333,-1114.43891456167,-7.0598748810977
"nrwswa","Northern Rough-winged Swallow",0.232375874099726,-1.35491680464683,1.66311562170782,"083","Santa Barbara",15785.533502095,14671.0945875333,-1114.43891456167,-7.0598748810977
"nrwswa","Northern Rough-winged Swallow",0.982806301994802,0.272495327414062,1.6022160227797,"083","Santa Barbara",15785.533502095,14671.0945875333,-1114.43891456167,-7.0598748810977
"nrwswa","Northern Rough-winged Swallow",1.07903722620214,-0.265985197879331,1.95851905318239,"083","Santa Barbara",15785.533502095,14671.0945875333,-1114.43891456167,-7.0598748810977
"nrwswa","Northern Rough-winged Swallow",0.95465677066842,-0.399779706659396,2.15867775752834,"111","Ventura",10411.114051394,9742.11075671667,-669.003294677335,-6.42585693879474
"nrwswa","Northern Rough-winged Swallow",0.513088584006789,-1.38977446141136,1.9284652852449,"111","Ventura",10411.114051394,9742.11075671667,-669.003294677335,-6.42585693879474
"nrwswa","Northern Rough-winged Swallow",-0.0477216382693062,-1.9526798398239,2.34789666042297,"111","Ventura",10411.114051394,9742.11075671667,-669.003294677335,-6.42585693879474
"nrwswa","Northern Rough-winged Swallow",-0.103861094589267,-2.18979991494063,1.47213160096824,"111","Ventura",10411.114051394,9742.11075671667,-669.003294677335,-6.42585693879474
"nrwswa","Northern Rough-winged Swallow",-2.37198759756691,-3.80984828786766,-0.469684405454301,"111","Ventura",10411.114051394,9742.11075671667,-669.003294677335,-6.42585693879474
